标题,UP主,分区,播放量,点赞数,评论数,弹幕数,收藏数,投币数,分享数,时长秒,发布时间,BV号,数据日期
《诡语者联盟》一口气看完14小时爽看超长合集暑假特供（1-154）,周墨no放假,同人·手书,118390,6675,338,1501,11767,2287,362,49863,2026-07-25 09:30:00,BV1jag46aEod,20260726
这里是。地狱吗,颗粒状-KLZ,绘画,116570,20326,670,660,3974,1997,325,367,2026-07-25 13:30:05,BV1vD3u6JEgC,20260726
解压！带鸡上山灭虫，保护森林人鸡有责！,路无边616,野生动物,145836,13700,1641,2188,879,1796,301,820,2026-07-25 23:00:00,BV1t33G6CETF,20260726
当我的粉丝死后变成猫来找我，于是我写了一首曲子…,小憩memories,演奏,2686404,108554,783,3090,40482,6187,280,308,2026-07-23 03:40:32,BV1VHgD64Eqq,20260726
离开家乡是我刚毕业的人生第一课,七颗猩猩QKXX,日常,1270553,55230,1742,532,4106,2114,718,218,2026-07-23 08:40:00,BV123gS65Eey,20260726
假如刘禅穿越成赵构！岳飞：这剧本是刘慈欣写的吧？,-古人云-,人文历史,282563,28042,930,516,4873,800,223,155,2026-07-25 11:00:00,BV16Z3M6REEB,20260726
假如想要什么牌自己画,鍛碘柂,单机游戏,115153,7581,741,2144,954,1260,1445,1946,2026-07-26 04:00:00,BV1Hz3u6oEh7,20260726
相恋18年，作为程序员的我们，终于………………【B站AI创造公开赛】,英雄哪里出来,计算机技术,838898,35352,1511,4474,6336,13910,3209,797,2026-07-22 04:00:00,BV1eEgz6fEJQ,20260726
起猛了，我在应用商店看到了超级变色龙，画画躲猫猫，进去一看，竟是盗版！,小啦伟游戏测评,网络游戏,1478294,31548,50,191,31397,3514,19,142,2026-07-25 06:19:03,BV1bC3M6KEpp,20260726
国内游戏这么整，你不怕老外抗议嘛？,贪玩的薛定鹅,日常,322575,15274,66,526,1909,1534,253,296,2026-07-25 12:16:22,BV1kj3g6aEiB,20260726
景德镇，你怎么才申遗成功啊？！,星球研究所,人文历史,350060,23178,989,1244,5936,4857,1709,925,2026-07-25 05:02:11,BV1DY3K6PEp5,20260726
一次摸遍Galaxy Z Fold8 Ultra｜Galaxy Z Fold8,热男HotGuys,数码,368334,13711,875,521,4043,3589,341,353,2026-07-22 13:22:30,BV14MKa6UEc8,20260726
女孩儿请多多尝试新风格~,白昼小熊,穿搭,144270,22222,217,127,2680,754,215,17,2026-07-26 08:01:59,BV1TH3j6pEw6,20260726
当学校里有名痞子师时,天舒-天舒班,小剧场,1035260,45362,317,633,10181,764,186,246,2026-07-24 08:18:37,BV1kegY6sEwC,20260726
“一种开头一个结局，一部动漫一场青春。”,学姐圆,MAD·AMV,296018,85559,1739,389,30074,15479,2846,71,2026-07-25 03:30:00,BV1urgi67EmF,20260726
五星上将的警惕性,麦克阿瑟MacArthur,搞笑,7298401,463425,6733,1811,31232,5520,5407,35,2026-07-22 02:27:40,BV1EXgz6iE7N,20260726
【心月弗传-完结】罚你等我，很久很久,ccwuli三角叶,网络游戏,54131,8617,544,240,3161,5285,1063,351,2026-07-26 04:04:34,BV1BE376VEPR,20260726
循环歌单|【LUV SIC】|“【优雅の小曲】”,蛋某人音乐,乐评盘点,1778723,50734,618,93,18827,666,276,2967,2026-07-23 00:00:00,BV1aHgz6oES3,20260726
镜头歪了！我的世界变得像从天而降的梦境,TTARTISAN铭匠,数码,4473853,161777,1165,212,18371,1168,1280,21,2026-07-20 09:30:00,BV1P9KF6ZEpv,20260726
全 网 最 幸 运 的 动 画 教 程   3.5,滑铲师SQsir,同人·手书,2982562,292701,1733,1563,97367,31379,5969,416,2026-07-19 12:52:52,BV1BfKr6vEQr,20260726
🐔回 归 鸡 本 功⚡,浪迹天涯的小光,人力VOCALOID,3019808,140958,4137,875,22509,21430,16083,67,2026-07-22 03:37:00,BV1Utgz6XEsP,20260726
全是杀人细节！尺度拉满，开局就曝凶手！万字细嗦《悬案》第二案（P2）,不善言辞的秃秃,影视杂谈,484489,13817,283,1274,3385,7398,299,1695,2026-07-24 10:01:21,BV185gY6MEGi,20260726
爽吃,官梁和平精英,网络游戏,838204,55376,648,195,70350,4288,1478,62,2026-07-25 05:01:18,BV1aE3u63Epn,20260726
探秘车八岭 深入广东的大山里都会遇到哪些奇遇？,ZGL蛇语者,野生动物,128179,17851,377,772,1492,1228,239,801,2026-07-25 10:50:00,BV1dg3u62EnX,20260726
瞬间可跨全Y轴X轴，这水门是个金丝猴啊,うえすぎ绘梨衣,手机游戏,576906,34441,1634,354,6988,1765,2786,233,2026-07-25 00:18:00,BV1kcgz63EVz,20260726
妙脆角猫最危险的一天,饼型地雷,预告·资讯,2359502,231688,5415,1180,57947,9449,66289,44,2026-07-21 09:39:57,BV1bLKb67Evr,20260726
嘎子哥抽象电影诠释何为硬汉の顶点！心脏被打爆都不死？！笑拉哈哈哈哈,文西与阿漆,影视杂谈,833631,77115,1962,5057,6739,16746,1455,744,2026-07-24 09:05:00,BV11kgC6fENd,20260726
XDD扫水友号单三17杀 A大当机枪暴力扫全图 这辈子没杀过这么多人 原来不管战损能打这么爽啊！,小叮当频道,网络游戏,223915,4408,1172,1450,579,613,711,975,2026-07-25 19:42:35,BV1HC3V66EvE,20260726
《绷物大战绷尸》,陈君un,日常,3175830,175195,6779,6944,53770,11630,13968,68,2026-07-22 06:46:13,BV1BGgr6rEwT,20260726
内娱有自己的斧头帮女团！电影《功夫女足》插曲《Metal Flower》首舞台20260725杭州演唱会,红豆冰-M0822,明星综合,144005,5801,1389,1533,2241,5326,1051,274,2026-07-25 14:16:17,BV1oh3G6fE2v,20260726
不是菲比你怎么蹲在家门口吃面啊？我靠你慢点吃啊!,woyigebc,日常,2831287,179291,3617,299,35054,5019,13219,10,2026-07-20 02:31:00,BV187Kk6pE3W,20260726
整蛊朋友是最不嫌累的,周周啊,搞笑,1095325,20807,242,282,10978,583,395,96,2026-07-25 05:12:47,BV1qT3u6UEiv,20260726
淘到三模热敏键盘,林笑嫣然,日常,1881028,43743,1423,433,1658,780,687,200,2026-07-23 00:48:25,BV1Dkgm6LEus,20260726
《外 卖 逆 天 评 价》2,铃乃Chan,日常,1573758,92922,788,102,8063,614,971,41,2026-07-24 09:20:00,BV1oggt6vESr,20260726
宇树 超凡健将As2-W,Unitree宇树科技,野生技能协会,1892695,80772,8173,2687,7158,3565,10053,64,2026-07-24 05:57:41,BV1h3gh6aEb4,20260726
淇言万物：各大豪门杀红眼，转会窗大盘点第一期！,HC王楚淇,足球,115127,4393,1094,1111,822,701,132,1382,2026-07-26 06:38:06,BV1GX3j6wEpG,20260726
我吃遍了上海所有等級的米其林中餐，最後一家大開眼界！,丹牛食走起,美食侦探,239821,8597,470,1579,2648,2070,964,1006,2026-07-25 03:00:00,BV15mgy6LExz,20260726
⚡经 典 广 告 摇 一 摇⚡,潮汕好男人,人力VOCALOID,842707,100625,2918,1350,25466,8981,11351,82,2026-07-24 09:30:00,BV1tfgY6MEf9,20260726
何为张力？,Li-Yu2,搞笑,782614,109264,1977,877,60741,6248,3606,60,2026-07-23 12:54:36,BV1ihg46AEzH,20260726
当我找人把ktv塞进了车里……,中国BOY超级大猩猩,搞笑,175903,14835,328,620,2056,3536,129,741,2026-07-25 09:45:00,BV1zygv6xENP,20260726
【散人】悬疑解谜 旧电脑暗藏恐怖病毒？ 《桌面探索者》P1,逍遥散人,单机游戏,275583,38894,279,1039,8919,3836,315,7340,2026-07-25 04:00:00,BV1w93K6DE4q,20260726
捞女诬告？网红惨死？讽刺现实社会的国产佳作！,火焰三黄鸡ao,单机游戏,97613,5670,18,115,1711,1059,28,277,2026-07-25 11:53:50,BV1bK3g6uEFE,20260726
⚡这 就 叫 传 承⚡,红色激情,鬼畜调教,1636415,82438,912,235,8179,1233,963,85,2026-07-22 11:00:00,BV1S8gz6HEu3,20260726
沉浸式感受清朝御厨制作摔不碎的豆腐,史海听风,AI影像,3863502,123234,2623,1807,11680,2933,862,118,2026-07-19 13:25:55,BV1EpKr6cEAx,20260726
200年前新疆的中心，竟然在这里？,期末77,出行,192414,9130,465,1673,2887,4709,930,2231,2026-07-25 09:02:53,BV1tF3M6vEoq,20260726
猪圈楼上睡人，这里原始到不敢信，却有上百位网红，粉丝超千万！！！,逃离计划PlanB,出行,296464,9469,396,728,4023,2126,659,2715,2026-07-25 04:10:00,BV1hJgv6kET4,20260726
太娘们了！丹麦女王的潇洒一生,MissMae的美学笔记,人文历史,231519,36334,461,448,6561,1566,653,217,2026-07-21 10:16:24,BV1hRKh6tECw,20260726
王半仙：超出我能力范围了,应激兄弟1,日常,818800,56953,411,372,6775,581,241,56,2026-07-25 05:00:00,BV176gY6HEJy,20260726
马尔代夫还有这种地方？30万元 VS 5000元！差距有多大？,兔兔不会秃秃,日常,135881,10876,548,344,2251,2056,160,847,2026-07-26 04:37:14,BV1ah376NE6N,20260726
我不同意这门婚事！,鲨鲨会原谅你的,MAD·AMV,463397,51113,1655,563,13871,2388,4265,104,2026-07-24 11:08:37,BV1stgv6TES9,20260726
动力小菲比,薇尔莉特的saber君,GMV,441043,28057,842,37,6245,1743,6221,16,2026-07-24 11:00:00,BV17ygY6UEFh,20260726
沉浸式感受清朝御厨制作以假乱真的骨头【AI全民制作人】,史海听风,AI影像,1467762,49111,1436,1349,5843,1073,410,157,2026-07-23 10:42:07,BV1SGgQ6HEFk,20260726
【解说员】逐渐好吃,women51,手机游戏,126440,9526,411,1424,1564,1208,316,1263,2026-07-26 02:51:25,BV1ct3566E3L,20260726
当MC加入“LED彩垫”,文文DADA,搞笑,1421888,125633,1698,400,12750,941,1165,31,2026-07-24 04:19:43,BV1WHgh6REZh,20260726
你好可以去你家给你做饭吗？第六十五顿饭-第五十八家-福冈奶奶姐妹花,陈善福儿,搞笑,772511,70041,1489,3016,10014,14827,1388,2430,2026-07-24 09:23:12,BV1augY6rEtV,20260726
快艾特你的好朋友，一起来拍吧！,_向承睿,日常,361891,63048,658,1445,8156,1149,1023,14,2026-07-24 09:49:57,BV1Sega6vECX,20260726
《嘿嘿，嘿嘿，嘿嘿》,三角洲-安澜,网络游戏,1762738,72140,895,1108,10565,1486,361,176,2026-07-24 01:30:00,BV1iDgx68E15,20260726
aespa《KISS N TELL》MV,SMTOWN,MV,802096,49999,4843,47032,14366,16919,9598,190,2026-07-23 15:00:00,BV1i7gD6FEWg,20260726
《怪物猎人：荒野》为何口碑崩塌？运营鬼才卡普空究竟做错了哪些事？,缪尚咖啡馆,单机游戏,242200,12065,1932,2198,3894,6553,1659,1427,2026-07-25 08:30:00,BV1tx3u6iEBN,20260726
⚡️ 宗 门 永 存 ⚡️,兔总裁s,宅舞,281464,12632,545,633,1577,1040,188,46,2026-07-26 04:25:00,BV1qp3766EJh,20260726
【TF家族练习生】《突围II破局》EP04：加更,TF家族,明星综合,1894676,57711,5189,1154109,22580,5923,1118,2022,2026-07-22 11:00:00,BV1bvgC6eEJR,20260726
如何制作流畅的奶龙动画？思路分享,泽央zeyang,科工机械,519987,29823,532,121,12078,1688,2667,274,2026-07-24 04:11:16,BV11Egh6oEzb,20260726
让我来看看怎么个事？-FGO十周年庆！【bilibilionly同人扶持计划】,叫我棉被,手机游戏,379928,19679,604,76,3789,2933,631,107,2026-07-23 03:30:00,BV1atgr6hECW,20260726
【陶笛】The other side of paradise.抱歉哪位小盆友点的，找不到截图了。。。哈哈哈哈哈,音乐之声生不息,演奏,2268773,392416,3605,1013,42732,36247,4251,141,2026-07-21 05:01:40,BV1naK46ZEpJ,20260726
天上无归客，人间有相思,朱铁雄,小剧场,1448786,83089,883,990,22564,14356,921,691,2026-07-23 09:00:00,BV1CHgQ6LELU,20260726
四川康定女游客徒手甩开分食马尸的秃鹫！她们的善意究竟是救赎还是破坏？,李老普解说,动物综合,2278513,138392,15717,6362,10642,1493,8155,150,2026-07-20 08:28:06,BV16MKU69E36,20260726
世上没有后悔药（后悔药-动画重制版）,水灵灵的三角洲行动,网络游戏,2241279,40437,523,1122,41345,1573,166,761,2026-07-24 08:42:55,BV1Zfga6EEcx,20260726
预制视频！,小傲想睡觉,美食制作,964607,65530,1558,3494,18526,20816,740,637,2026-07-24 04:00:00,BV12Zgk6fEfJ,20260726
今天的网课是：驼背退！退！退！（虽迟但到~）,中国军号,日常,434707,70330,349,58,79938,4421,3391,44,2026-07-24 03:30:00,BV1xcgX6UEAU,20260726
让老手艺活下来 传下去,皮影博士,三农,474562,106636,587,128,4761,9029,1530,39,2026-07-24 10:03:05,BV1kXga6pEPS,20260726
欧洲女生第一次来到美国， 这才是真实的美国梦？,马佳PopMatta,出行,212530,18450,844,1342,1650,1055,410,351,2026-07-25 09:00:00,BV1xh3u6AECv,20260726
我和bro潦草的高中生活belike:,梨冻着是一颗梨,绘画,3689388,254076,1899,1943,37201,6492,6040,79,2026-07-21 03:30:08,BV1XmK462E28,20260726
【绝区零】蕾米埃尔丹综合测评：圣光级虚狩！武器对比+技能解读+驱动盘选择+影画提升！数值正是为王的理由！,卡特亚,手机游戏,1132612,92109,6034,5936,18363,24887,6216,1523,2026-07-24 04:00:00,BV1fGga6SE9F,20260726
【苏新皓Focus｜《囍》】白衣抚琴 执剑赴悲｜教科书级国风solo /梦寐以求·演唱会Day1,Su_Heart苏新皓,明星综合,67757,8533,13394,7798,5043,9544,1034,320,2026-07-25 19:50:51,BV1H13V6uEoA,20260726
减脂第142天：最后阶段了，眼里只有食物完全不想说话了,努力的橙子薄肌,健身,196727,19002,434,269,755,542,392,269,2026-07-25 10:09:58,BV1ZM336dEqN,20260726
全场最佳：流萤 o(*￣▽￣*)ブ,爪子drumdoll,宅舞,127567,34263,356,23,8832,1481,249,17,2026-07-26 03:50:50,BV1dt376TEFK,20260726
【4K典藏】千万别眨眼！2026世界杯30大进球,一个九天鸭,足球,676905,18102,1502,7624,13413,5903,1741,546,2026-07-24 04:42:11,BV1WWgh6WEAy,20260726
这个工具是谁发明的？,漫小星空,特摄,3271383,24283,1177,399,1167,1281,528,17,2026-07-22 03:59:51,BV1eNgk6KEKE,20260726
文化革命  伊朗·1980,小约翰可汗,人文历史,485319,17469,1392,1106,6181,7399,2077,2318,2026-07-25 03:00:00,BV1d6gh6kEQP,20260726
给你们圆梦了o(一ω一)o,淩晨不睡覺,绘画,747632,89668,644,147,29944,1914,939,17,2026-07-24 02:38:05,BV1eWga6VECX,20260726
下班清点人数才发现少了人！ 工人被“封顶”出不来 工友把他搞忘了，没带手机无法求救 民警喊话定位才找到他！,红星视频,热点,1896127,67679,962,106,1757,512,517,38,2026-07-24 06:44:08,BV11Nge6PE9c,20260726
这是张震岳最被低估的一张专辑丨HOPICO十分专辑,HOPICO,乐评盘点,502890,27305,744,769,8558,5697,1567,1422,2026-07-24 09:30:00,BV1UngY6PEb4,20260726
无无？干员名bug,账号已注销1171983488,手机游戏,506628,25209,4408,4037,1729,577,442,28,2026-07-25 19:44:16,BV1WC3V66EMF,20260726
特效雍贵的侠隐水门来了！简单氪10个648抽取五星侠隐水门实战测评！战力再解放！,鬼叔黍,手机游戏,477303,29131,776,658,3488,4526,1338,785,2026-07-25 10:52:51,BV1rp3g6tEc8,20260726
【60秒重制版】爸爸单人全装猛攻！,牧濑红莉CCC,单机游戏,380486,14867,348,916,3284,907,524,1023,2026-07-24 10:00:00,BV1g9gY6rER9,20260726
美国20000个，中国300个，中国机场为什么那么少？,太阳星sunstar,人文历史,901838,36539,4411,2680,5921,2666,326,533,2026-07-24 10:15:00,BV1SNgS6EExv,20260726
巴克神有条龙在飞！,小博博三角洲行动,网络游戏,3348487,81422,835,949,14893,1752,829,156,2026-07-23 04:27:31,BV1tmgS6SE1F,20260726
奥特老曼,Raymondsese,MV,1289887,17924,504,415,5527,1191,1873,148,2026-07-24 05:42:32,BV14Lgh6fEmm,20260726
【苏新皓】囍 solo直拍 梦寐以求青岛演唱会,Renaissance苏新皓,明星综合,119048,18779,37474,24202,10185,18318,5922,202,2026-07-25 13:23:20,BV15Q3u6UEfW,20260726
熵增定律的根源，竟然是数学结构！！全面深度科普邓煜的菲尔兹奖成果。什么是狭义的希尔伯特第6问题？熵增，是怎么从数学结构里自己生长出来的？熵为什么只增不减？,道可道Science-硬核科普,科学科普,218924,8934,1142,692,6958,2135,1283,700,2026-07-25 12:34:35,BV1Kg3g6iEU6,20260726
侦探先生！能不能不要再胡闹了！！！,来瓶杨乐多,日常,1747517,117835,1338,338,11339,1337,921,92,2026-07-22 13:39:24,BV1Fjg16xEDh,20260726
挖机师傅今天捅到马蜂窝了，多亏了“挡蜂玻璃”，欢子出马，马蜂猖狂不了多久,乡野欢子,三农,2432547,133164,2203,885,7558,2501,764,332,2026-07-22 06:04:34,BV1M5gk6FEtY,20260726
当方块会蔓延并吞噬世界！？,小橙子姐姐解说,单机游戏,3302551,66565,332,902,32394,3892,164,569,2026-07-24 09:05:00,BV1KNge6PEsv,20260726
小说男主TOP20(含选手特殊CG）,琉ヘ星,手机游戏,337202,22280,3606,7679,8542,2105,1210,1337,2026-07-24 09:00:00,BV1LHga6yEKm,20260726
泪目！这一次奇迹的名字，叫做众志成城！,和猫住,喵星人,458521,27184,300,382,12556,7244,127,396,2026-07-24 12:17:21,BV1ZAgv6WEBd,20260726
大家猜猜我是谁,田一名sir,原创音乐,3046330,240833,29991,13271,23252,5756,90317,12,2026-07-24 04:09:36,BV11ngh6xEuH,20260726
我感觉我被骗了，但是他好像不是故意的,医哥黄鹤群,日常,1178840,78676,1575,268,7559,1374,7802,57,2026-07-22 09:01:53,BV1t6gC6cEco,20260726
今天花2万包5000斤的鱼塘，塘主的举动让人暖心,李维刚的日常,美食侦探,3196083,290305,5092,4705,11366,56088,4494,508,2026-07-22 10:26:11,BV1YbgC6qE76,20260726
玩剑魔打蒙多能忍住不笑的，你是这个👍,三桥qzg,网络游戏,1579739,125839,7203,4927,5205,39816,4416,442,2026-07-23 13:45:30,BV1mTg46UE7Q,20260726
当劳斯销售到五菱上班…,劳斯磊,汽车生活,3869211,275965,11690,4820,23346,11198,29923,242,2026-07-21 10:44:11,BV1bwKa6XEgZ,20260726
你从车上摔下来的那一刻，我心都碎了,梵葵葵,特摄,639450,68555,1041,139,9192,640,3835,10,2026-07-25 08:34:08,BV1gd3T6ME8g,20260726
大片！在土卫六建设基地的能源畅想！,中国石油,日常,216922,20509,3175,2416,2441,928,5512,149,2026-07-24 16:01:53,BV1Yjgq6pEKs,20260726
小鬼当家智斗爱斯贼小偷,看动漫的KV,影视剪辑,452154,31780,490,582,22494,3039,1406,361,2026-07-25 03:22:28,BV1Zw3T65EdK,20260726
mc垫视机画质提升到超清720p 来还原捷德奥特曼你敢信？,我的世界味精,单机游戏,897861,78968,1926,687,19704,13554,3416,101,2026-07-24 23:31:19,BV144gq61EzB,20260726
带老北京人沉浸式体验乐园,Sunny__L__,搞笑,1754556,132528,2073,583,20618,2568,8008,103,2026-07-23 07:50:16,BV1DUgQ6oEtB,20260726
【苏新皓｜4K直拍】竞速游戏 三机位直拍｜梦寐以求·演唱会 DAY1,JUSTSU_苏新皓,娱乐粉丝创作,51697,11946,8258,6320,7033,15237,1185,214,2026-07-26 05:21:34,BV1bo3j6bEPX,20260726
这一仗能不能快速打赢就看你们的了！,销冠李老板,日常,61986,19328,1048,118,961,7161,98,91,2026-07-26 08:54:56,BV1w73J6XEKv,20260726
那个傲慢的酥饼小贩不想卖我酥饼,印度老吃家,美食侦探,544649,33234,593,505,2483,564,607,176,2026-07-24 14:00:00,BV1qAgv6WEgU,20260726
双六星干员手动组队 VS 全息11-6怪群，强化版入职测试！【明日方舟】,-碱式碳酸咸鱼-,手机游戏,1015190,53149,1329,1944,5183,5647,1132,687,2026-07-24 12:38:45,BV1gHgv6GE5G,20260726
我从KK园区跑出来了!!!,哦_俊杰,出行,196518,6004,376,281,2066,655,512,3422,2026-07-25 03:00:00,BV1vcgh6uEky,20260726
结局早已破败不堪,知止三角洲行动,电子竞技,2127774,151790,3879,554,29243,3452,24642,123,2026-07-21 20:06:11,BV1uUKe6FEuh,20260726
白粉、杠杆与镰刀：韩国黄金时代的47天,空山猎人,财经商业,767172,35452,2400,2621,14805,12697,3092,1765,2026-07-23 11:23:43,BV1EXgD6KE1n,20260726
假如…同桌是萌妹,Eurus-破车北伐,日常,3430908,282925,3563,2139,38509,4813,6220,49,2026-07-23 04:16:48,BV13CgS6WE5c,20260726
老己，借下你的干员,糖幽685,特摄,1050462,79672,1650,1122,20977,7244,4753,302,2026-07-23 14:05:16,BV1tKg46JEbB,20260726
人类幼崽开机使用说明书,蕾蕾蕾杨,亲子,142890,17442,416,409,4930,784,3378,198,2026-07-25 02:58:53,BV12y3K6oEYY,20260726
吃饱了～嗨嗨嗨！,仙鹤-鹤仙电竞,电子竞技,941692,44043,409,1340,3710,516,151,184,2026-07-24 10:06:02,BV18Yga6TEsR,20260726
54张！阿萨拉卡牌！我买到了三角洲行动的扑克牌！！！,乔治乔治君,野生技能协会,390185,21718,413,764,7879,1111,163,168,2026-07-25 10:00:00,BV1U6ge6uEtM,20260726
别忘了江湖梦丨《知我》,贝拉kira,综合,96343,12668,1464,1164,2266,6886,1453,417,2026-07-26 03:45:00,BV13c3G6nEoY,20260726
胜负已分,91坤崽,日常,1793630,84162,381,287,18853,1146,564,104,2026-07-24 04:00:00,BV1fugt6KEa8,20260726
和MC脑叶公司作者一起玩,籽岷,单机游戏,300198,29515,1154,1280,10848,7097,5264,2585,2026-07-25 03:11:54,BV17F3T62EHH,20260726
12个电饭锅的正确打开方式～,胡仔一人食,美食制作,851249,50309,385,330,21293,1585,2324,392,2026-07-24 02:00:00,BV1EGgD6YEwx,20260726
全网首发！1-3全员三星五费！,王意朵,手机游戏,668294,47029,1841,1417,5802,631,12513,132,2026-07-24 13:00:44,BV1Urge6BEuZ,20260726
山东644分考生误报厦大马来西亚分校，厦大本部回应：已录取无法退档，本人称只能复读,封面新闻,出行,4044923,115272,4788,595,2914,661,2047,28,2026-07-23 11:52:33,BV1pHg46uEKX,20260726
我杀死了100个细胞！,名游社,单机游戏,1945822,43433,298,516,17147,1545,238,664,2026-07-24 11:00:00,BV1dcgh6uE3U,20260726
冉莹颖，女强人不大像，倒是像NPD。。。,一个长期晕倒患者,日常,1719571,21376,3686,5458,10365,7074,3312,2086,2026-07-20 10:35:54,BV11jKm6bEPJ,20260726
我绷住了…吗？,凉凉凉Official,亲子,1517721,152114,3760,271,22968,2071,12229,39,2026-07-24 04:05:02,BV1xngh6xEJq,20260726
终于把这40秒动画做好了……（完结撒花),柔树特效,绘画,99930,36081,434,71,10774,3945,1376,41,2026-07-25 01:42:27,BV1eK3T6rECf,20260726
2026年的国产长剧完蛋了！没有最烂，只有下一部更烂！,女编剧就要写女主角,影视杂谈,178143,8845,530,768,1469,1815,124,1485,2026-07-25 13:00:00,BV1Um3g6gEeE,20260726
谁同意了,老子名字深蓝,手机游戏,310126,21865,420,151,1315,829,131,126,2026-07-25 09:06:28,BV1NM3M6FEu8,20260726
别让网络的歪风，挑拨你家人间的关系,苏先生的答案,影视剪辑,3171368,197438,11330,5883,84813,57099,18482,289,2026-07-20 05:37:04,BV1BbK16kEJC,20260726
明日方舟 x 女神异闻录3 Reload 联动前瞻预告,明日方舟,手机游戏,1196438,76973,13975,5097,11244,15561,56234,32,2026-07-25 12:20:00,BV1Ag3M6ZESL,20260726
我的世界：但所有区块都需要付费？！,大橙橙橙子,单机游戏,571204,41916,974,2422,10454,9208,231,1171,2026-07-25 00:00:00,BV1Zoga6SEtN,20260726
皇家科尔玛套餐，分量多得能撑爆鳞片,印度老吃家,美食侦探,983534,61384,935,554,5953,978,1026,145,2026-07-23 15:42:34,BV1ZNgx6cE7G,20260726
我看了《蜘蛛侠4》开头，挺好看的！,BuriedAlien,影视杂谈,358568,16491,2070,1246,2360,1464,2504,387,2026-07-25 12:45:00,BV1ET336tEr7,20260726
一秒变异！夺舍6头6甲+MK47+AWM，567万撤离！,苏醒游戏解说,网络游戏,929549,35270,476,902,2554,526,172,241,2026-07-24 12:09:06,BV1FFgv64EXL,20260726
这才是《鬼新娘》原版MV，开心南瓜开心南瓜！,音乐老友,MV,4805577,216752,7955,8221,177976,15113,16304,171,2026-07-21 18:52:49,BV1e8Ka6eEXD,20260726
迪迦与诺亚（8）,百火哥斯拉,特摄,1281303,96577,5406,10132,18508,22108,2622,141,2026-07-23 10:36:44,BV1UugQ6WEUW,20260726
【星穹铁道】归寂：姬子，你不会是在坑爹吧！,一万根韭菜,同人·手书,368638,41935,584,642,9505,4098,651,231,2026-07-25 09:30:00,BV1cL3M6sEaS,20260726
我问你一个问题哦！,樱花满地集w,综合,765183,82443,801,734,13929,1088,1903,103,2026-07-24 03:50:00,BV19ng86iEXZ,20260726
国外声乐老师大实话锐评《歌手2026》第10期 REACTION｜张远 齐豫 胡彦斌 魏如萱 尤长靖 窦靖童 万妮达 艾略特 凡希亚,JKAI杰凯,乐评盘点,246885,5195,413,5890,547,1171,77,6828,2026-07-25 04:00:00,BV17F3T62EfN,20260726
《时之铃》首曝 | 世界观PV，欢迎来到这个混乱的世界！,时之铃,手机游戏,1645038,13428,955,372,8100,879,864,182,2026-07-25 02:00:00,BV11egx63EJi,20260726
萌力出击～,唔知搞咩-,喵星人,959152,94794,1107,205,8786,1164,3357,18,2026-07-24 04:58:52,BV1vcgh6uEyt,20260726
我最爱吃饺子了！,邢三狗子,搞笑,1528055,75285,998,548,12559,1067,509,196,2026-07-23 12:29:38,BV1ieg46cERr,20260726
仙弹SVCH！绝航要笑着玩！贱徐三角洲,贱徐,网络游戏,229454,8628,574,259,619,666,152,296,2026-07-25 13:36:22,BV15R3u62EVV,20260726
富贵，即是负累,千千今天怎么吃,美食记录,840410,53071,992,2684,4461,14113,1725,203,2026-07-22 09:30:00,BV1z2KY6rELe,20260726
什么叫100W的手机，充电只有20W？,林捂捂,数码,117689,10506,840,811,2866,4306,717,612,2026-07-26 02:30:00,BV1Gage61ETG,20260726
小心伪牛！,游戏解说艾登,单机游戏,4771966,45431,336,1274,51947,1619,247,251,2026-07-23 09:49:34,BV1aKgQ64EGT,20260726
终于，我把男友的前女友们凑到了一个桌上...,妍妍酱的一天,日常,284484,8192,768,3038,2781,3878,1407,4588,2026-07-25 04:44:50,BV1XY3K6PEGF,20260726
淘汰赛全员大招!!ice bridge现场是真的猛!!ranzer大哥你终于正常了!shark对了 再见了vava李斯丹妮!!【艾德宝陪您巅峰2026第五期上】,ADBABY打你屁屁,乐评盘点,292809,5337,1406,5399,1217,1401,145,2366,2026-07-25 13:15:08,BV1rr3u6xE5n,20260726
我是如何两次与菲尔兹奖擦肩而过的,李永乐老师官方,科学科普,880161,29065,1496,632,2707,1257,915,135,2026-07-24 10:06:49,BV1Siga6PEvL,20260726
只是随心一绷罢了,花离海_世一芬,汪星人,6365670,145814,1117,1207,60079,6383,4203,197,2026-07-22 02:10:00,BV1VqKe6qEzq,20260726
在吃寿司～,小UuzZ,日常,1875851,276199,4482,418,54478,9501,5287,21,2026-07-22 04:33:18,BV1LFgk6zEkZ,20260726
千万博主谈b站真相（完整版）,逗比的雀巢,搞笑,6191572,487167,9104,8876,78605,97616,17381,298,2026-07-20 10:05:00,BV1oiKm6yEYU,20260726
买了女朋友想了很久的香水看她什么反应,摄影言祖,日常,263748,19373,1866,590,4127,1395,908,221,2026-07-24 13:27:06,BV1Gvge6CEwF,20260726
“小西天封不了真大圣，假桃园却出了真兄弟”【Towards the Light-降调】【义薄云天の小曲】,早睡起大王,音乐综合,548324,70717,1008,313,9738,1726,542,241,2026-07-24 03:00:08,BV1V1gh6uEnb,20260726
中 国 妹 妹 来 袭,真红莉爱Official,同人·手书,354824,39712,1667,428,4911,1725,812,119,2026-07-25 04:00:00,BV1cpgB6MEVK,20260726
当少林足球遇上功夫女足。弥补一下星爷没参演的遗憾（翻拍的都是宣传画面）,灵霖七,日常,1074487,23258,1344,705,2543,7205,967,183,2026-07-23 09:15:24,BV1YCgQ6cEdi,20260726
【货币战争攻略】在崩铁里真能玩到圣杯战争？！全网最详细的命运圣杯羁绊玩法教学！,甘泽成谣雨成诗,手机游戏,669478,34178,2732,600,8044,1574,1559,396,2026-07-24 04:00:00,BV1V1gh6uENZ,20260726
EP02 啊吗粽X刘旸教主：爱赢之战一触即发 ｜ 死肌肉大挑战！,刘旸教主,科学科普,593275,21620,678,2998,5166,7863,680,2425,2026-07-25 04:00:00,BV1rXga6pEzF,20260726
爆炸压力巅峰赛老六搞起了扶贫,老六没有福利号,网络游戏,1567949,55573,618,567,5430,1000,132,839,2026-07-24 11:00:00,BV1Zoga6SEvj,20260726
寝室睡个觉真难,脱缰凯Kk,小剧场,2008969,156699,3063,5177,19489,6464,2517,319,2026-07-21 09:28:37,BV11HKb6GEiC,20260726
救命！暑假店里彻底疯狂，人多到走不动 饮料桌游全爆单,某天的游戏小屋,日常,1065682,35723,1166,1748,3204,14803,788,938,2026-07-24 11:00:00,BV14EgY6vE96,20260726
三角洲类人群星闪耀时刻151.0,阿孟myl三角洲行动,短片,3214039,38047,139,163,18176,947,305,125,2026-07-21 10:40:15,BV1uPKa6pEg5,20260726
我的挪威妻子怀二胎了！又是儿子！来看看挪威三个星期假期都干嘛吧！,挪威老王,出行,691437,39983,908,329,1409,944,377,158,2026-07-24 11:28:47,BV1qkgv6oEdt,20260726
如果DIO是大乔后妈,有人品没节操,综合,763812,81916,4808,4300,17463,1877,21617,87,2026-07-24 03:55:53,BV1n8gh6JEnA,20260726
当我不再循规蹈矩：,白色向内whiteinto,手工,370173,42199,437,134,6118,3181,564,99,2026-07-24 10:00:00,BV1Bfga6EEjn,20260726
星空夜谈 EDG ZmjjKK X 盛宇D-SHINE【视频播客丨爆能无声 EP7 】,无畏契约电竞,电子竞技,525552,25078,1451,4089,8105,11507,3082,2517,2026-07-25 06:00:00,BV1eS3T6GE9H,20260726
星：爻老板，真的每个月都会给我吗？,奶芙咕咕咕,综合,430474,29419,526,520,11260,1708,1289,252,2026-07-24 01:04:34,BV1jigb6qEmS,20260726
积分掠夺！圣枪哥再遭替补，Hoya加盟BLG行不行？DK实力倒退六年，重回DWG的时光【赛事周刊】,LOL丶诺诺,电子竞技,208881,5616,1493,1200,1099,575,57,770,2026-07-25 10:55:29,BV1fp3g64E2F,20260726
［多想听你说月色真美meme］,BLYDW_,运动综合,264262,59674,719,132,17983,1105,979,37,2026-07-22 18:07:57,BV1Qdg262ECt,20260726
我们想赌一把…能不能闯进学生群体的视野普法！！,浙江共青团,日常,787809,109647,5258,736,10057,1379,5176,22,2026-07-24 00:00:00,BV1i9gt6KESi,20260726
假如现代非洲草原出现一只食肉牛龙，它能统治这里吗？,漫游时空2026,科学科普,2680942,30018,264,747,22754,1245,145,604,2026-07-23 10:30:00,BV1sdgS65E3m,20260726
前瞻看完新玩法我成内鬼了？洁哥ep怎么在灼烧我的皮肤啊,w咸瑜,手机游戏,79721,6878,613,341,916,608,76,981,2026-07-26 06:36:51,BV1gX3j6wEDM,20260726
“我不哭泣，我来自伊比利亚。”,_逻各斯,单机游戏,142628,13193,444,622,5081,7593,362,1207,2026-07-25 03:30:00,BV13ogv67EMg,20260726
王者版桃花源记,乐崽-中辅,GMV,488933,37494,870,289,9733,2696,4967,138,2026-07-24 05:43:14,BV1t7gh6tEtZ,20260726
苏芬最终决战！详解维堡-卡累利阿攻势，恩怨的终局,夜空好美,人文历史,92335,7863,765,756,2138,1275,118,2877,2026-07-24 08:45:07,BV1ofga6EEdK,20260726
【爽文推荐】宁艺卓1人手撕60万黑子,_刘芹菜,娱乐杂谈,38124,3637,936,469,867,2541,1076,428,2026-07-26 04:42:02,BV1Qe376AEfF,20260726
雀巢：鲸尾…你终于现出原形了？！！【二次元爆改】,流萤Zz,仿妆cos,481197,37224,724,1207,5735,2469,2529,566,2026-07-24 06:12:11,BV1GXgY6GEz3,20260726
低山臭水遇知音...,全险半挂炉,手机游戏,278216,15076,202,238,1934,792,269,223,2026-07-25 06:35:35,BV1Bc3u6XE9V,20260726
【万字吐槽】十秒十连错！翻译彻底摆烂！病句连篇！海绵宝宝《刷木桶》这集翻译到底在干啥？“后脚趾”“给他25美元“”给我4美元“...不像人话！,杂物间蓝色的晚上,日常,590626,24850,974,1900,9706,7143,856,1729,2026-07-23 10:00:00,BV1pAgX67Eeg,20260726
“老变婆”与“七更起”,好痛恶魔,日常,1381403,191033,5939,3792,58854,31127,13606,300,2026-07-22 11:36:44,BV1rugC6HEDY,20260726
感谢每一份付出，只要信念仍在，我们终会再次出发,铠甲勇士,特摄,3659072,287533,3553,7170,41073,41947,5840,199,2026-07-20 10:32:33,BV1N7Km6fEGL,20260726
一起学英文,脱缰凯Kk,小剧场,1598939,126064,1418,3280,12358,3696,1015,259,2026-07-23 09:45:42,BV1BegQ6MEKG,20260726
爱学习的阿伟【AI全民制作人】,快乐阿托,鬼畜剧场,2214059,174846,1874,1427,23283,7013,11249,148,2026-07-20 09:53:04,BV1dBKm6VEvA,20260726
电车难题好难啊,凶鸭栗,同人·手书,4852702,145516,2834,226,8031,2166,1322,18,2026-07-22 09:58:54,BV1nGgC6nEF3,20260726
【轰】该死的美女，从我关注的猴子身上下去！！【bw2026】,米尼麦泥轰,同人·手书,1125201,52719,593,729,19552,3368,159,303,2026-07-24 10:17:12,BV1Fdga6HEdX,20260726
请不要耗时60天乱剪动物世界,无心科普动物,野生动物,349563,11344,131,695,5171,2705,824,1474,2026-07-23 10:05:00,BV1sFgX6JE8L,20260726
武器音效⁉️,Team_Spirit,日常,3134762,250854,2059,687,34073,5091,6922,40,2026-07-23 11:03:10,BV1KegD6EETk,20260726
一口气看完兄弟这么可爱1-5集！！！！！！,超大份折纸,单机游戏,1827404,54962,209,424,71758,2964,237,622,2026-07-24 10:02:04,BV1Sqga6YEAk,20260726
为了你跳过整个挪德卡莱，不过现在看来是值得的,六百六十七十八,手机游戏,381032,25484,2251,4198,2057,6764,693,563,2026-07-23 10:13:39,BV1GAgQ6bEVj,20260726
"口口声声姐妹情,口供全是姐妹名!",川烈,日常,5901770,143747,3667,5880,56629,8406,6252,710,2026-07-21 09:58:43,BV1gcKa6sEqX,20260726
带南方朋友逛吃西安早市，30块钱俩人吃饱，辣子多放吃得挺美,君在西安,美食侦探,239328,10133,499,660,1371,949,374,1231,2026-07-25 04:41:29,BV1hY3K6NEjo,20260726
整整九年，从“这人疯了”到“他还在磨”，质疑声去哪了,李不白磨针,手工,2595234,170870,2992,602,9283,2591,612,25,2026-07-20 03:20:07,BV1vEK26MEVH,20260726
《八仙！》结局隐藏的五层故事！“过海”的远不止八仙！！,小Ming不是明,动漫杂谈,259614,9224,542,530,3881,1698,1257,715,2026-07-24 09:34:38,BV1Mzga6AESp,20260726
超级变变变,累渠_,日常,1052962,92318,1007,431,4798,1807,2144,68,2026-07-24 14:23:30,BV1P3ge6FEHk,20260726
锐评IG战胜WBG：Theshy神了！回归首秀就在游龙！,喵仙人ovo,电子竞技,396544,8390,2638,1566,627,551,286,367,2026-07-25 14:09:34,BV1f83G6hEWz,20260726
“猎人往往以猎物的形式出现”,晓飛不会飞,综合,1612402,39846,434,206,33802,2804,231,258,2026-07-21 10:50:07,BV14TKa6JESM,20260726
老鼠夹：今天战绩可查,周周啊,搞笑,1891623,47982,418,346,26651,1012,1076,84,2026-07-24 05:09:57,BV1eNgh6iEPu,20260726
【魔女养成计划】没脾气的战斗女仆 【up动画】,泡椒小鸡,小剧场,65781,3090,146,152,1125,929,40,561,2026-07-26 09:24:44,BV1LdgD6PEZD,20260726
特厨探店|本地人推荐!几代人传承的小饭店—毛毛饭店,特厨隋坡,美食侦探,1271112,105863,2988,1455,8366,7284,6885,252,2026-07-23 03:30:00,BV1uLgy6TEfA,20260726
欢迎回归！IG 2-1 WBG 赛后数据雷达图+虎扑评分丨LPL第三赛段,苦练李香兰,电子竞技,344433,7544,2682,860,516,622,318,214,2026-07-25 12:05:29,BV1Go3u6LEyB,20260726
小猫难溶于水,七叶的喵,喵星人,1410813,111425,2036,816,16580,2267,14502,170,2026-07-20 11:26:51,BV13zKp6qE2M,20260726
活在永生的世界到底是好事还是坏事呢？,刘一朵A,搞笑,4403196,87251,2606,724,13801,756,321,92,2026-07-21 09:00:00,BV1krK26pEpE,20260726
当我学会了掌控雷电……,老番茄,单机游戏,1257313,97758,1133,1798,13009,6803,1707,2564,2026-07-23 09:00:00,BV1uBgC6YE7g,20260726
断更7个月，回归即登顶B站第一：鲤鱼Ace凭什么？,野上树的徐森达,日常,366939,16311,1326,2080,4194,637,240,435,2026-07-23 09:36:57,BV1ZqgQ6NEFQ,20260726
志愿军炒面很好吃？复刻并徒步38公里实测,大瀚美食考古,美食制作,420798,20843,1571,1404,3256,6679,270,253,2026-07-24 11:04:11,BV1Tsgv6MEPC,20260726
⚡大 师 兄 说 的 对⚡,暂离二度,人力VOCALOID,351210,29136,378,89,3664,1933,1568,69,2026-07-25 04:10:00,BV1iW3K63EF2,20260726
【十字军之王3】流浪大唐 第六期（下下）【完结】,菠萝柚王子,单机游戏,128057,13407,924,1700,2999,11102,233,1856,2026-07-25 11:06:01,BV1Qr3g65EBc,20260726
两个人演的不知天地为何物了…,陈嘉伦整个路人,搞笑,307485,14033,600,620,2759,570,579,298,2026-07-25 10:00:00,BV1Tz3K6cEQZ,20260726
改画哪有不疯的！（第25期）,哲哲哲同学,绘画,129379,16157,274,252,1461,556,136,143,2026-07-25 10:32:19,BV1Zb3g6pEia,20260726
美国看世界杯总决赛，解锁人生新体验！,蓝战非OvO,出行,1227317,102008,3816,10714,10745,12612,5988,825,2026-07-23 04:00:00,BV1dAKb6sEo6,20260726
【午餐盒子】地 爆 天 猩,五盒ll十箱,电子竞技,146295,11677,154,419,906,933,540,483,2026-07-25 03:45:00,BV1693K6SE6q,20260726
《这一秒过火》：取短剧之短，舍长剧之长！,low君热剧,影视杂谈,1051630,31516,3221,9094,5467,5873,5724,847,2026-07-23 02:20:00,BV1Wsgk6pELQ,20260726
「疯狂」星神差点诞生！反主的谜语人文案隐藏地狱IF线！,AfterL1fe_,手机游戏,276744,16318,890,920,6060,2630,448,875,2026-07-24 10:55:46,BV1xxgv6BEks,20260726
末 影 人 偷 小 孩,不风采的琴,MMD·3D,513317,26834,356,168,13045,2110,124,181,2026-07-25 09:05:00,BV1J8gh6JEZp,20260726
《名侦探柯南》AI真人版,a1Fy,影视剪辑,499606,19278,805,1253,12642,2493,2011,156,2026-07-22 15:52:39,BV1P4gy6fEjZ,20260726
其实微软当年也想用正斜杠,Isword先生,计算机技术,102912,7135,471,293,2215,1636,559,246,2026-07-25 10:30:00,BV1263K6bEyM,20260726
无名小卒还是名扬天下,肥鸡今天不坐牢,单机游戏,200312,21649,889,2097,2328,1990,210,1257,2026-07-24 09:54:51,BV1Tkga6cEh4,20260726
请停留3秒  献上一朵花，“阿凡提”扮演者吐依贡去世，享年80岁  当年影片火遍全国，一代人童年回忆永久定格,红星视频,热点,199046,60456,297,1783,3458,1169,331,36,2026-07-25 13:05:48,BV1Ce3u6cEVT,20260726
从两亿六千万格高度下坠，但是视距可视👀,Go1denApple,单机游戏,881205,54768,698,314,9885,609,778,82,2026-07-23 01:10:35,BV1EPgU6cEe7,20260726
鸣潮×广东歌舞剧院 | 合作舞蹈《玄翎谣》,鸣潮,手机游戏,603575,57850,4678,600,9961,26769,4711,178,2026-07-25 04:00:00,BV1rvgY69ELE,20260726
【深空之眼】最后一期攻略视频！五年保质期！感谢陪伴！全属性主流配队&下位配队&刻印养成总结作业,丸子,手机游戏,25495,3243,216,121,1217,922,119,374,2026-07-26 09:26:57,BV1Ek3E62EeD,20260726
🐬正式确诊为不想上班体质🐬【誓见】,哈鸡堡,影视剪辑,70654,8763,205,87,2115,617,107,128,2026-07-26 02:38:59,BV1oi356PEBK,20260726
霸王龙展展厅一隅，网友撞见整个童年……,央视新闻,日常,3632315,191731,3802,1127,11162,2469,6101,32,2026-07-22 09:12:32,BV1r9gC6HE5C,20260726
你们把小傻龙弄哭了？,小陈的脚凑凑的,日常,858431,88788,753,275,12318,3828,1485,55,2026-07-24 23:00:00,BV1MPgi6kEbt,20260726
鸟灾后的巴克婶,布布周-三角洲行动,网络游戏,1397136,44266,492,851,22107,2569,250,139,2026-07-24 15:39:41,BV1oTgq6bEhm,20260726
当你注定单身的固排疑似恋爱了,kami-三角洲行动,网络游戏,170761,25278,228,512,3176,812,82,660,2026-07-26 02:00:00,BV1JX3L6GE8t,20260726
沉浸式护理神秘青丘（爱臭美）神兽幼崽,神兽护理院,搞笑,570815,45106,364,817,5969,1582,527,152,2026-07-24 09:16:17,BV1YugY6rEdj,20260726
[互动视频】狗熊岭的末路！由你来找明真相（森林篇）,等到雪花开,综合,424940,15062,1032,3694,15688,5656,1395,1350,2026-07-22 02:58:24,BV18ug66REzE,20260726
【明日方舟】通宵搓出来图片转巡展像素和拼豆的工具,中神木,手机游戏,45664,3758,149,15,3584,943,1257,205,2026-07-26 03:00:00,BV1rM3L6GEAT,20260726
2026年的外设还是太抽象了,六分超超,数码,407231,34661,364,722,3707,3373,422,572,2026-07-24 11:12:02,BV1yyga6ZEDF,20260726
【唐唐】深度解析伪纪录片《被诅咒的大家庭》细思极恐才有意思！,Big笑工坊,影视杂谈,199937,9402,318,299,3027,1434,142,830,2026-07-25 04:20:00,BV1v23T65Ezf,20260726
在山东，遇到啥我们都爱说享福去了，除了考上高中,个大活人,日常,197735,19440,710,217,2478,1617,804,116,2026-07-24 10:24:43,BV1C2ga64EuS,20260726
审犯人的时候走火了,阿星and阿奇,搞笑,4070494,62781,348,460,22210,1880,302,184,2026-07-23 10:15:00,BV11ZgQ6DEy4,20260726
我，美人鱼，打钱,某幻君,单机游戏,1186768,51716,1316,3709,8965,11963,929,1617,2026-07-23 04:24:28,BV1DCgS6pE2b,20260726
2026年小学生最爱的歌！这谁能绷住啊？！！！,棉白有点笨,搞笑,90746,8416,524,1152,1635,1433,211,350,2026-07-25 01:49:07,BV1iK3T6rEWc,20260726
舔奶酪 吃胶水 喝魔药——论美国餐桌上 最精彩的失败发明,食事史馆,人文历史,574611,26019,466,613,6982,1516,288,550,2026-07-24 02:00:00,BV1rbgQ66EGB,20260726
以前流浪废弃房吃苦，现在空调房享福，每天大鱼大肉。,浪仔小牛,日常,166948,7657,434,1011,590,3284,172,913,2026-07-25 12:52:09,BV1sV3g6eEHv,20260726
暑期档最大的笑话出现了，从导演到演员都很好笑，强势吐槽《这一秒过火》【铁柱】,铁铁铁柱_,影视杂谈,3725142,80967,7589,19124,11400,11463,16673,762,2026-07-21 17:05:08,BV1uCKa6REav,20260726
流 萤：吃 的 最 好 的 一 集,云耀yoke,单机游戏,260594,9459,338,1109,2636,752,76,1715,2026-07-25 23:05:00,BV1gd3T6MEzf,20260726
冷战奇迹：“曾试图对抗猛禽的红色雄鹰，米格王朝孤注一掷的绝唱之作，却仅仅两次飞行便画上时代句号！”,Empire胡汉斯,人文历史,302435,28455,1214,1019,7814,3608,494,713,2026-07-25 06:07:47,BV1yS3M6cE1P,20260726
陈岩石为何风评被害？大风厂背后有多少博弈？从大明王朝视角打开《人民的名义》04,一条闲木鱼,影视杂谈,462120,16566,1604,1539,3745,5360,221,2067,2026-07-25 03:05:00,BV1Rhge6LEKf,20260726
【咕嘎饭馆】客官，您的酸菜鱼好啦！,陈千语Sama,综合,1123933,72526,942,357,13929,6068,1811,72,2026-07-24 23:00:00,BV1f8gB6aEwk,20260726
原来我是假千金，太好了，以后不用装了！！！,小美追漫记,国产原创相关,1106100,36173,3598,12590,23913,6588,4914,3075,2026-07-21 09:33:30,BV12JKb6yEfg,20260726
"被安利出COS感受电竞赛场,好哥们说像在看F1🏁",恩祈儿,日常,70244,5390,371,148,3627,3534,42,315,2026-07-26 03:45:00,BV1Lf3V68Eft,20260726
【巫师】一字断魂刀，绞杀国家队，中国第一游资徐翔的资本博弈,巫师财经,财经商业,498119,21655,1822,1844,11423,10764,5979,1845,2026-07-24 10:00:00,BV1Htgh6DErU,20260726
这是S3最不阴间的精灵👋【洛克王国世界】,魔鬼鱼丶,网络游戏,110907,8024,1067,233,747,632,391,128,2026-07-26 05:27:45,BV1fj376yEvy,20260726
赞美吧！绝对学权露西亚大人 (feat.ななひら) │ ZZZ HoYoFair,ファル公,同人·手书,80609,13134,520,336,6617,6485,1661,242,2026-07-25 14:32:27,BV1c43G6YEwV,20260726
日本股债汇三杀，KIMI时刻冲击美股，美国长债收益率飙升，日元持续贬值，全球金融风险增大,星话大白,财经商业,98860,9719,914,260,1103,5208,188,503,2026-07-26 03:18:52,BV1Dm356dEdr,20260726
“成长如抽丝剥茧般疼痛”,午月息,网络游戏,304235,60408,1721,201,17621,19867,3698,148,2026-07-23 03:36:42,BV1GHgD64Euy,20260726
《传教士》第3期：六翼天使追杀令，传教士归还“创世”【墨菲】,绝命墨菲,影视杂谈,181703,18726,285,1378,3427,8698,98,2584,2026-07-25 11:30:00,BV1Xh3K6vEmW,20260726
颜如晶泳池暴走5公里瘦1.15公斤，骨科专家强调：水中运动也有注意事项，有些人不适合！,大象新闻,社会,2637077,47382,1062,97,2804,515,2418,35,2026-07-23 14:19:17,BV1yvgx66EnN,20260726
特朗普收入曝光，一年狂揽$22亿，竟然是靠…,小Lin说,财经商业,900324,44477,2688,5681,11070,11961,4272,1254,2026-07-23 10:44:42,BV1N6gD65EMz,20260726
这支舞，我只跳给你一个人看。,柯洁,影视剪辑,964474,108561,4313,922,2389,2286,3685,15,2026-07-25 04:18:21,BV1Si3K6wEHz,20260726
诺兰有多恶劣？剪掉蝙蝠侠耳朵、盗用镜头、私吞经费？【好莱坞往事01-诺兰篇】,迪普_official,影视杂谈,391556,14113,593,959,3953,1024,925,643,2026-07-25 02:00:00,BV19agi6pEfE,20260726
俄罗斯与白俄罗斯的集体记忆,食贫道,日常,2219963,58543,1520,658,19487,6298,1445,536,2026-07-20 13:48:26,BV1XRKH6iEhe,20260726
全随机上段#37,赵小天咯,手机游戏,293022,19129,541,1807,3096,3084,158,973,2026-07-25 10:05:00,BV1yQgi6zEG3,20260726
5分19秒546荣登历史TOP1！揭秘当代底盘电控骚操作,保镖的车库,新能源车,1897340,34774,671,1067,15855,18317,1367,763,2026-07-20 10:00:00,BV1a6K16NEh8,20260726
全网首创!【原神/八国语填翻】《荣耀向我俯首》⚡𝑳𝒂 𝒈𝒍𝒐𝒊𝒓𝒆 𝒂 𝒎𝒆𝒔 𝒈𝒆𝒏𝒐𝒖𝒙⚡,XenosMC,GMV,17627,5224,342,686,3381,1457,189,154,2026-07-26 04:30:00,BV1Gf336QEnq,20260726
三伏天谁能拒绝一碗香香甜甜的出沙红豆啊,舌尖上的老六,美食制作,2758282,55615,726,189,12073,946,1331,39,2026-07-23 09:00:00,BV1vHgC6VECC,20260726
开拓者让遐蝶被威胁了就眨眨眼，结果遐蝶疯狂眨眼，给火花花吓傻了哈哈哈,falisu23333,手机游戏,1643025,69875,4145,652,12944,582,2912,93,2026-07-24 05:22:45,BV1ofg866E7c,20260726
DeepSeek的道：怀着对世界的善意,内部看美国,社科·法律·心理,37315,3813,642,586,1016,918,187,1002,2026-07-26 10:00:00,BV1z53L6ME1d,20260726
该来的总会来的！,宫向阳教练,健身,1819964,93849,1560,606,6237,1653,493,1214,2026-07-21 11:00:00,BV1ixK86bEUF,20260726
当你不小心进入了黑乌龟...,小博博三角洲行动,网络游戏,6318343,122164,1321,1196,34388,3050,1721,145,2026-07-22 03:00:00,BV18kKp6eECF,20260726
「谁是智力王」最终决战!!!这一场比赛将决定最后的智力王！！！,夏天y,单机游戏,434456,36841,1720,5279,12373,22745,471,2741,2026-07-25 00:00:00,BV1FFgv64EzS,20260726
当伊拉克爸妈遇上宁夏爸妈，大型跨国“认亲”现场！ 虽然语言不通，但笑得比谁都开心！,老王在中国,美食侦探,2160694,72663,3313,4199,9030,18518,993,783,2026-07-20 09:20:00,BV1CcKU6tEDi,20260726
【毛毡动画】米游女主更多了.exe,中天Mifirma,同人·手书,71869,13816,165,65,2442,656,139,90,2026-07-26 07:05:17,BV1h33j6FEqo,20260726
四人版增进友谊小游戏~,瓜哥超爱玩QAQ,搞笑,2344180,65459,502,610,5699,898,499,169,2026-07-22 08:36:53,BV14CgC6FE3o,20260726
吃不吃大挑战2,董老弟-,搞笑,2303192,44498,548,773,7652,1351,750,325,2026-07-23 07:54:16,BV1QUgQ6oEH2,20260726
【万字解析】百元剃须刀直接干翻千元档？买对不买贵！全价位电动剃须刀测评推荐，舒适、效率全都要！刮胡刀/旋转式剃须刀 /往复式剃须刀/飞利浦/有色/飞科/松下,电动剃须刀推荐,数码,83328,1653,116,169,1298,2080,239,730,2026-07-25 09:00:00,BV1HGge6bEDX,20260726
年度大活！！峰哥cos沙僧，良子cos猪八戒！！！,卡秃噜皮君,搞笑,2881833,188262,4869,1185,21719,4880,37924,48,2026-07-23 07:54:48,BV1kKgX6LEwC,20260726
我最爱吃火锅了！,邢三狗子,搞笑,1414270,63091,669,437,8100,944,465,199,2026-07-23 12:27:43,BV1jeg46cENW,20260726
我建造了8个最离谱的秘密基地！并让我的朋友找到它...,埋栈Maizhan,单机游戏,213960,10683,190,734,7144,1833,32,1242,2026-07-26 00:30:00,BV1se3u6cE4L,20260726
【鸣绘禹】火影主播线下欣赏游戏魅力时刻 绷不住的惩罚居然是…,禹汁波の纱世里,日常,126006,13584,290,495,1282,1177,196,1592,2026-07-26 04:30:00,BV1R5336QE6y,20260726
我最爱吃猪脚饭了！,邢三狗子,搞笑,1495910,70617,467,406,12579,938,544,166,2026-07-23 12:25:37,BV1Wjg46kEWM,20260726
🤪“鲁鲁爱情物语”😍,沙雕Sanscul,影视剪辑,247393,18591,475,768,6354,3048,500,486,2026-07-25 05:49:32,BV1DJ3u66EBr,20260726
拯救同桌于戒网瘾学校……,小橙猫me,音乐综合,142059,15509,401,448,5360,656,158,248,2026-07-25 09:30:00,BV1ds3K6zEyq,20260726
老外：永远别和那群卑鄙的中国玩家打巷战!,贤良淑德列克星敦太太,网络游戏,320524,19751,239,424,2668,608,116,298,2026-07-24 09:19:59,BV1eugY6rEgm,20260726
中创新航电池“爆雷”！一条视频告诉你答案,超哥超车,汽车生活,521018,30177,4844,2817,3200,7376,3466,807,2026-07-24 12:00:00,BV1E8gb6rEHP,20260726
【传奇锻刀王】🔪请你任选三种小料制作西瓜砍刀🔧然后进入决赛做出绝世宝剑⚔️,-超级小能猫-,搞笑,288602,20582,424,1581,4288,2017,226,1203,2026-07-25 09:00:00,BV1Mw3M6PENd,20260726
这路线是人能跑出来的？？,LoveHaiku,单机游戏,321405,51746,1295,2602,8579,6785,1106,899,2026-07-24 09:00:00,BV1hPgb6bEjJ,20260726
咒术转盘71:依旧神人云集，依旧受肉重生者,毓彧庾,日常,164524,20865,2382,3859,3365,2578,377,1090,2026-07-25 16:04:37,BV1Pj3G6gESr,20260726
日媒播出731部队专题片，明确承认人体实验等罪行，媒体社评：“731”这样的纪录片，日本应该更多地播放，731部队犯下罪行不容任何狡辩和否认,大象新闻,社会,902199,136625,1405,589,4909,1932,793,31,2026-07-24 09:16:42,BV1eugY6rENT,20260726
傲慢之罪,91坤崽,日常,615686,19140,125,135,9393,888,95,118,2026-07-25 06:30:29,BV1223M6AE9f,20260726
我的优点是擅长让自己开心～！7 月长长 vlog,kaokaoniao,日常,42767,6275,213,287,847,1549,62,642,2026-07-26 08:27:34,BV1SZ3E6vE76,20260726
【崩坏星穹铁道】动画——启行于寂灭之中,-麦粒太太-Ver-,同人·手书,127849,32529,353,50,7852,6110,569,42,2026-07-25 07:00:00,BV1BK3u6JEpY,20260726
执行高原巡逻任务间隙，官兵就地支起简易炊具，煮起火锅驱散高原寒气,人民日报,日常,1484299,85519,2460,620,1687,1197,221,38,2026-07-23 06:38:49,BV1QfgU6pEX3,20260726
球 球 大 战,敲萌豹风党,单机游戏,865001,67901,1186,1421,18217,2035,1446,71,2026-07-25 01:25:00,BV1wEgi6AEcB,20260726
景德镇申遗成功，如何“打怪升级”？,小Q不是导盲犬,社科·法律·心理,258786,17743,863,408,1978,868,429,701,2026-07-25 07:34:13,BV1Rb3M6yEQN,20260726
"【Part 3】""微波炉到货了!"",""你买了个核弹回来?""—— 一大堆歌姬的奇妙历险8【术力口两句话小剧场】",绝美癫公死蟑螂,VOCALOID·UTAU,678946,132331,2950,3695,43732,9937,10774,230,2026-07-23 08:24:29,BV1xcgX6UEwo,20260726
【自制动画】要来杯咖啡么？,_Chi7_,绘画,120415,49502,349,42,14049,6019,843,14,2026-07-25 10:00:00,BV1FH3M6nE3z,20260726
此视频收益将用于本人steam购入丝之歌,量亮阿,单机游戏,89455,19878,395,119,904,9678,223,159,2026-07-23 01:01:04,BV1DCgm6yEga,20260726
【改画】把Saber画成了云的质感？,凡老贼,绘画,510837,55486,361,317,13897,1960,677,378,2026-07-24 03:30:00,BV1zmgt6gEh8,20260726
在北极独自徒步30公里，我找到了传说中的“肥鱼湖”！,蜀犬吠日SCFR,出行,413987,24567,1167,4190,5721,23061,1372,2122,2026-07-24 08:30:00,BV1p6gU6iEh7,20260726
诸葛亮：空城计？空蓝计！,木下结草,手机游戏,359918,15494,120,279,1721,2123,296,98,2026-07-25 06:06:51,BV1C93M6tEV9,20260726
街头摆摊两分钟一份炒鸡！每日自动刷新重复顾客，被困摆摊结界永无止境的买东西！,网友暮雨,日常,1013343,22213,830,2114,6643,1815,409,540,2026-07-24 06:00:39,BV1PWgh6sEGT,20260726
强健的身躯源自鸡肉带来的力量，这鸡有力气,印度老吃家,美食侦探,3322302,285830,2897,2426,54186,7567,6806,157,2026-07-20 14:04:32,BV1yVKp6WExZ,20260726
星铁×Fate深度考据，世界观底层逻辑致敬！这才是联动的意义：4.4补全了Fate里的遗憾,Jerryprpr,手机游戏,227032,24358,1269,876,5103,1126,422,1116,2026-07-25 10:06:57,BV1EM336oEMx,20260726
一直在试探打破第四面墙的农场致郁游戏,拧不动啊真拧不动,单机游戏,347077,14531,186,537,6756,984,153,1199,2026-07-25 08:47:35,BV1hf3T6KEjk,20260726
【向重音忏悔吧/但是欠费版（并非）】,白化中的屑阿妙,同人·手书,66805,6009,432,991,3740,676,398,186,2026-07-26 01:35:55,BV1KF3L6UEeD,20260726
拿着鸡毛当令箭，岳父考察就是欠！,招财喵剧组,短片,484601,37788,298,267,1425,1879,247,157,2026-07-25 03:05:00,BV1Qvge6kEAi,20260726
这是一副可以撕开的画,叶无趣,绘画,717926,37509,247,152,4924,856,435,93,2026-07-25 11:00:00,BV16Z3M6RE4D,20260726
【方舟实战论142】会转弯的子弹！新时代小火龙？难度高但有活丨谬因,二色彩虹,手机游戏,79429,9994,385,245,1346,1576,182,772,2026-07-26 07:06:45,BV1333j6cEsN,20260726
saber逃离牢九门,大俣Omata,日常,895753,77014,3196,473,10154,1425,9839,75,2026-07-24 04:00:00,BV1sJgb6EE2p,20260726
重磅！一系法杂交水稻研究取得里程碑突破！！杂交水稻有望不用年年制种！【主播说三农】,央视农业,三农,445866,68637,2343,1734,5060,4716,2249,445,2026-07-24 14:59:32,BV1opge6DESh,20260726
刚买的电视有点不对劲……,鹤吱菌,搞笑,781362,27657,526,462,5511,4758,532,220,2026-07-24 04:15:43,BV1WWgh6WEPV,20260726
请务必保持补种树苗… |【怪树】[MC诡异见闻录],SvenTheOrangeBoy,单机游戏,1089913,54020,3708,5645,29115,6389,586,825,2026-07-24 11:29:14,BV1nBgv68EFF,20260726
入伏了，解暑实力排行,东方日出哇,特摄,8868109,355342,7715,17485,73529,12678,12593,255,2026-07-20 10:05:03,BV1uuKm6PEKu,20260726
【版本解读】爆冷时代？经济至上导致的百花齐放，或许当下史上最好看的LOL赛事版本？,圆某人和四某人,电子竞技,226780,7355,1376,793,1737,1482,344,1114,2026-07-25 12:45:45,BV1wE3g6cET9,20260726
史上最逆天躲猫猫,炎辰大鸽子,搞笑,1368396,39682,543,711,6674,7701,555,343,2026-07-24 04:05:00,BV13xgt6xEp5,20260726
【TF家族练习生】《成长档案NO.0704-满分答卷》官俊臣生日纪录片,TF家族,明星综合,1105386,43925,3568,176529,13915,6948,1654,3481,2026-07-24 11:00:00,BV1Aegv6PEwX,20260726
千万不要随便上朋友的车,方山厨子Rex,搞笑,477625,54185,547,679,3145,1914,1746,298,2026-07-24 10:31:24,BV1rSga6sEfZ,20260726
闪光，你抓不住！,小b阳子,手机游戏,692943,40447,850,335,9027,1740,736,147,2026-07-25 00:00:00,BV1MggB6jEsU,20260726
极致的暴力美学！勒布朗·詹姆斯生涯扣篮混剪,不会剪辑的果子君,篮球,177346,13642,1860,677,2738,5079,927,298,2026-07-25 12:40:59,BV1WV3g6eEh1,20260726
沉浸式护理神秘山海经冰系神兽幼崽,神兽护理院,搞笑,215740,18019,200,400,1679,543,146,106,2026-07-25 10:24:00,BV1wA336cEj3,20260726
【联盟TV】你能答对吗？ Pt.01,随风飘的旅人,电子竞技,138283,7946,163,438,1366,1192,913,503,2026-07-24 11:42:39,BV1nBgv68Euj,20260726
本体被困高塔，我开小号偷偷拯救世界【宝具之王】,圆桌动漫,同人·手书,1376205,90493,2529,15597,95378,31299,2437,10463,2026-07-22 09:30:00,BV1DJKh6HEFz,20260726
水煎肉类指南：牛肋条/猪五花/鸡翅/香肠,杨光_建厨师,美食制作,240481,9683,600,187,9654,1831,1185,205,2026-07-25 09:05:00,BV1S63M6TE79,20260726
我拉着我的主人去集市卖我,-维C动物园-,野生动物,198668,26960,604,551,3691,3991,470,441,2026-07-25 09:59:29,BV1wR3M6ZEs7,20260726
毕业卖书时：,戚小鱼_,日常,1454946,101182,566,265,4291,617,646,83,2026-07-23 13:48:44,BV12gg462EDQ,20260726
干吃播也是不容易……,唐尼是个der,美食测评,1045612,67120,481,952,5321,1116,361,155,2026-07-24 09:06:04,BV1uLgY6iEZC,20260726
近日成都街头，本以为男子在爱心水站薅羊毛，结果却是补满水箱、送冰凉贴。,小莉帮忙,社会,5097216,198149,3477,446,4641,3464,423,27,2026-07-24 09:23:35,BV1h5gY6MEvm,20260726
“当全世界都知道你10天后成为超人（4）”,小火猫meme日记,人文历史,383805,31831,1093,282,9742,679,82,81,2026-07-26 02:30:48,BV1oe356vESJ,20260726
【萌黄一槽】金钟罩，木龙盘！千手柱间[侠隐江湖]全技能爆料！,火影忍者手游情报君,手机游戏,1799715,87278,11091,12757,15019,6697,49066,440,2026-07-25 10:00:00,BV1Rg3u62E1d,20260726
指鸡为牛、移花接木：营销号看图说话有多离谱？,中国食品报融媒体,科学科普,5230169,247554,3664,1987,52488,8590,4385,294,2026-07-23 11:05:00,BV1pTgX6yEgU,20260726
美国我求求你，学点地理吧,歪果仁研究协会,日常,1023246,71250,1029,870,5391,613,209,154,2026-07-24 10:00:00,BV1RHga6CEdp,20260726
《明日方舟》SideStory「直到大地变成一颗酸橙」活动宣传PV,明日方舟,手机游戏,2016173,81456,7385,6248,12890,19454,9322,452,2026-07-25 11:45:00,BV1bf3T6KE2e,20260726
年度神剧！凶手为120块狂杀4人，逃亡22年后竟成了文协作家！真实案件改编《悬案》第二案P1,谁是阿WAI,影视杂谈,493191,28539,230,457,5230,640,169,1714,2026-07-25 13:25:07,BV1Ek3u6REHG,20260726
在日本贫民窟脏摊和日本人打成一片！穷人美食到底啥味儿？,平平出击,美食侦探,2201044,46381,1992,2626,10017,15264,2263,784,2026-07-23 03:04:16,BV1qLgD6hEAx,20260726
巅峰登陆：台风红霞将纵贯广东湖南等，我国高温中心将转移到北方,中气爱,科学科普,330184,19736,2832,987,1101,587,1700,186,2026-07-26 05:59:16,BV1nv3j6CEwN,20260726
OneRepublic:他当时不知道，本尊就在身后…,Real_OneRepublic,音乐现场,342777,34343,344,140,3722,1366,218,179,2026-07-25 08:12:00,BV1Qe3M63Emq,20260726
那天新艾利都的咖啡厅来了个天才！！法厄同与奇妙咖啡~~~,学长18号,手机游戏,526141,66070,933,418,10631,2713,6108,88,2026-07-25 23:30:00,BV1ej336nEPb,20260726
《体育界来了一位天才》《人类群星闪耀时》,人类早期纪录片,日常,571161,16410,259,400,4590,725,1449,203,2026-07-24 10:10:00,BV1sWgY6wE2J,20260726
【re0/傲慢if】像个笨蛋一样  【bilibilionly同人扶持计划】,-藏卜-,同人·手书,469996,102931,1267,155,40259,22978,3914,33,2026-07-25 12:08:34,BV1hF3g6VEVD,20260726
上课时的难绷瞬间！,一串大福,搞笑,4287313,261806,3162,3137,79200,8800,2740,155,2026-07-23 07:19:24,BV1M9gQ6sEQh,20260726
万一真爱呢？司马懿未必有良子女友能忍！【网络狠人109】,喵喵即正义,日常,1025554,46332,1786,1449,5542,1138,3092,387,2026-07-25 03:40:11,BV16o3K6mEhw,20260726
东北人吃到美食belike （喵小乐配音）,喵小乐是喵喵,配音,1244973,213171,9797,7626,62045,14393,29549,37,2026-07-25 08:58:50,BV1Hj3M69EFK,20260726
贫民窟vs顶级海景别墅，美国居住环境差距有多大？,杰克小兔,出行,447179,22226,817,2379,5423,6711,1028,1632,2026-07-25 10:00:00,BV1Zp3M6UEvT,20260726
给幽默也门小哥上上强度,路西法Lusiferr,搞笑,1769847,50720,1646,1390,3820,775,1204,204,2026-07-23 12:00:00,BV1GJgD6ZEkM,20260726
女网红惨遭男友PUA？！分手后能找到新男友吗？【二次元脱单日记】,视角姬,汽车生活,865892,25665,2116,2261,8261,1915,1298,857,2026-07-25 04:00:00,BV1HZge6ZEck,20260726
陪莉莉一起吃饭吧～,小奶酪酪子,美食记录,2124739,190172,2054,979,12898,4542,3914,123,2026-07-23 10:41:04,BV1mGgQ6HE7F,20260726
申论素材加一,小幽猫meme,日常,711883,68624,721,83,2432,755,166,36,2026-07-25 00:00:00,BV1Ajgi6eEMv,20260726
原始天尊，启动4.0！！,佐悠-Leisurely,手机游戏,163898,17041,460,425,1240,1670,320,286,2026-07-26 10:00:00,BV1At3j6EEUP,20260726
选一辆车，决定你接下来的旅途,麒麟光谱,汽车生活,904403,46063,916,4041,17350,6540,1054,671,2026-07-25 11:21:51,BV1Sk3g6CEzr,20260726
【超银河传说吐槽】赛少：没有人比我更懂出道战的含金量！,在下三少啦,特摄,53355,6182,631,567,1673,1466,138,1223,2026-07-26 11:00:00,BV1Sc3J6YEqv,20260726
你遇到的客人可能不是人类！请随时准备开枪！午夜轮班！,与山0v0,单机游戏,1046898,50883,1197,11029,25674,13248,1281,12258,2026-07-25 02:23:08,BV1DE3T6YEuA,20260726
キャンディークッキーチョコレート🍭🍪🍫初音ミク・重音テトSV【官方投稿】,はろけるHalloCel,VOCALOID·UTAU,619188,110374,6068,3612,45248,24373,2904,169,2026-07-25 00:40:00,BV1MAgi6VEio,20260726
为什么穿越到一战问士兵这是二战吗会让人绷不住？,我捞捞捞,影视杂谈,1325875,43878,1505,665,10075,756,225,1563,2026-07-25 08:00:00,BV1GoKk6dEp4,20260726
心灵在2012年的一次播报，时隔14年落在了自己的身上，时间绕了一圈，完成了温暖的闭环。,良田田田,时尚潮流,1830593,220622,1380,444,7165,37223,904,127,2026-07-24 09:00:00,BV183gh6aEwg,20260726
下楼就是玩,脱缰凯Kk,小剧场,871516,83364,1624,1622,7860,2784,712,218,2026-07-25 10:46:39,BV15a3g6HEm1,20260726
有人时薪2000，有人干活太累死了，洛杉矶华人生存报告【探照灯计划】,20岁了还没去过星巴克,出行,893317,34700,4347,8109,10172,9893,2929,1812,2026-07-24 10:00:00,BV1j6gY6nE9L,20260726
差点被烟管单杀了,-大大大大古,日常,6155086,621656,15732,29818,158498,37922,71920,189,2026-07-20 09:25:04,BV11oK16pEEz,20260726
百佩创业记,无我漂佩MY,日常,1216862,79565,1001,1564,14573,4985,1217,175,2026-07-25 09:33:46,BV1ko3g6PERc,20260726
上海热到上热搜？！周末还能出门吃饭吗…,糖小幽Umi,美食记录,776216,46734,1134,1091,4365,562,129,112,2026-07-24 11:00:00,BV12kga6FEjm,20260726
我婚礼上要放这个,Vinheteiro,搞笑,6302245,628943,10577,7943,124861,72000,62426,90,2026-07-22 09:16:29,BV1n9gC6HEzP,20260726
移民对欧洲的反噬！18岁意大利女孩被非法移民做成“人彘”，引发政策大变动！,挖沟连彭沟长,社科·法律·心理,701024,24431,1749,2642,5383,798,753,520,2026-07-25 02:00:00,BV1vmgY61E77,20260726
这铃妹一看就知道很健康,小天涯w,颜值·网红舞,397048,86620,1550,124,40049,2430,1450,15,2026-07-25 06:00:00,BV1b4gq61E4U,20260726
对华为半导体首席科学家廖恒的5小时访谈：一部昇腾史、18层宝塔与全球芯片恢弘30年史诗| B站 x WAIC AI会客厅,张小珺商业访谈录,计算机技术,373796,7931,1904,841,6968,2550,1686,16672,2026-07-25 13:19:38,BV1nB3u6tERu,20260726
POV：当你突然独自拜访江浙沪男朋友的老爸1.0,多肉超超,短片,5076677,336684,8307,618,25862,2786,3262,87,2026-07-24 10:56:01,BV1Kxgv6zERU,20260726
一家店一辈子，为了娃娃们下场救店；直播间里71岁连麦阿姨，走进现实是什么样？,勇哥餐饮原创,日常,171935,14499,857,281,1829,4462,845,374,2026-07-26 04:31:55,BV1Va376vE5k,20260726
当你穿进老钱班30,侯绿萝,小剧场,4114065,241868,1438,4604,16809,7500,3777,228,2026-07-23 03:32:31,BV1ThgD6nEor,20260726
我的家里……有一只凑企鹅,小陈的脚凑凑的,日常,336590,37968,623,232,4670,1550,1357,193,2026-07-25 10:00:00,BV11Sge6AE4D,20260726
假如暴雨末世来临而你被困在家里！！【第一季完结】,不是帅哥w,单机游戏,3083655,95357,456,2107,117879,13292,2135,2936,2026-07-24 07:07:34,BV1TAge6vESS,20260726
大厂管理岗，年薪超百万，我却放弃了所有人都羡慕的工作，辞职回老家“养老躺平”,摩的司机徐师傅,出行,296997,10744,1719,2248,5817,4485,2871,2776,2026-07-26 00:00:00,BV1kvMe6dEVb,20260726
佐助，忍界为数不多的没被霸之意志侵蚀之人,榆木混珠,手机游戏,483496,27719,1761,933,5260,2193,1959,606,2026-07-25 00:34:17,BV1ph3T6sEwH,20260726
《最 爽 的 一 集》,伢伢gagako,搞笑,32584,6093,128,353,1680,1903,318,223,2026-07-26 11:08:18,BV1K43E6oExc,20260726
999元的宿舍六件套是什么样的～,懒同学的宿舍,家居房产,1050105,57555,593,404,6353,11623,390,186,2026-07-24 10:06:47,BV1cDga6REHD,20260726
你喜欢怎么样的我？,ENX叉叉酱,同人·手书,321096,59550,1998,325,9179,3375,1613,130,2026-07-25 11:00:00,BV1123M6AEdY,20260726
老同学婚礼让我穿最贵的来？,三个大比兜啊,日常,6008513,355571,7140,2183,35773,8808,7368,40,2026-07-23 03:00:00,BV1cbgk6SEJS,20260726
【人民的名义46】侯亮平去山水庄园赴宴，发生了什么？,貔柴,影视杂谈,112018,5826,628,465,1238,1394,46,1144,2026-07-26 09:59:51,BV1QR3E6qEke,20260726
我回答了菲尔兹奖得主的问题。,二次元的中科院物理所,科学科普,1228636,74006,4628,689,14833,2521,12204,90,2026-07-24 16:04:52,BV19tge67EQ4,20260726
哥们你怎么自己吃自己啊,我应该叫什么名字好哇,日常,1464970,75806,3165,1235,4201,529,3011,142,2026-07-23 05:40:54,BV1YqgS64EfQ,20260726
“会议室里，永远找不到冠军！”,韵之燃剪,影视剪辑,488375,28660,324,2754,22792,10178,618,2425,2026-07-24 10:00:00,BV1qdg86kEQw,20260726
伊核计划的最后价值：伊朗当务之急是以核计划为筹码换取中东全面去核,军武志,人文历史,54814,5637,586,313,1680,1028,84,1720,2026-07-26 10:42:16,BV1GL3E6KEvU,20260726
《明日方舟》2026夏日嘉年华特别通讯视频,明日方舟,手机游戏,1345900,59711,8838,13977,8636,14094,6317,3090,2026-07-25 12:25:00,BV1o43g69E9z,20260726
姐姐说，时刻要把尾巴藏好~,李芊语Valuri,娱乐粉丝创作,129248,6866,4022,4234,3127,5194,1730,211,2026-07-26 03:45:46,BV1os376uEnj,20260726
评论区摄影大赛锐评与治愈系篇终于来了，博主这期比较狠，玻璃心慎重。,摄影恩哥,日常,3991614,203876,4592,1246,18438,2674,1074,120,2026-07-22 09:30:00,BV1pzgz6LERj,20260726
没一点想看的欲望？胆量不详？笑料一筐！周笔畅满身大汉？笑到没空害怕《密室大逃脱8》,噬元兽影视,影视杂谈,627457,33160,592,635,5159,766,1213,707,2026-07-25 11:53:06,BV1TK3g6uECk,20260726
隧夜轮回（莫问来处）第三十一集 香消玉陨 动画 悬疑 微恐怖,萧一白呀,同人·手书,137640,14218,826,1662,2983,4097,154,290,2026-07-26 09:00:00,BV1RY3g6SEkR,20260726
评论区摄影大赛之最具有市井温度vs视觉张力的作品出现，欢迎投稿好的作品会让更多人看到。,摄影恩哥,日常,1664404,62803,3962,930,3353,564,235,135,2026-07-24 09:30:02,BV1yngh6xECY,20260726
彩虹弹PKM 两发普攻后自动暴击,难言言x,网络游戏,1426795,76095,846,715,11964,674,999,187,2026-07-23 04:00:17,BV1tSgS6EEfp,20260726
袜学导论：从脚踝到大腿，袜子如何成就二次元的顶级暗示！【泛式/次元论战】,泛式,动漫杂谈,1926447,188024,11433,13710,73798,125386,34740,1026,2026-07-24 03:38:15,BV1Tdgh6aESA,20260726
真正想赢的人 在赢之前是不会笑的,乐崽-中辅,GMV,792776,35154,1008,162,3740,1383,246,149,2026-07-25 02:16:54,BV1xx3T6ZEGF,20260726
接着奏乐接着舞！Papi酱《生气了》KPOP版,吉事堡,音乐综合,1032652,45246,1712,857,8092,11445,12464,163,2026-07-24 12:00:00,BV1dwgY6jEQT,20260726
杀人灭口，东躲西藏！二十年前连环杀人的悬案，算导的隐藏细节太夸张了！万字细嗦《悬案》第二案（P3）,不善言辞的秃秃,影视杂谈,399626,16253,393,1205,4189,11679,348,1783,2026-07-25 12:12:43,BV1Sc3g6kEfY,20260726
末日高架桥，我们被困了100天！P5,马里奥红叔,单机游戏,742489,102563,1647,9615,27341,52334,705,1364,2026-07-25 03:00:00,BV17ygv6xEPr,20260726
藏在内娱的东方美学舞台 | R.E.D 胡静怡 《千年等一回+风月》三机位直拍,胡静怡_JinnyCastle,音乐现场,155166,11353,3165,3859,6177,5775,1788,307,2026-07-26 00:18:55,BV1943L6FE6h,20260726
在现实中！真枪可以踢足球吗？UP主亲身测试！,老李船长,出行,2409296,56687,912,1977,11691,3084,553,674,2026-07-24 09:05:00,BV1d2gY6jEUG,20260726
万税爷又出捞钱小妙招，总统推文付费抢先看？,麻薯波比呀,社科·法律·心理,775783,51658,1382,1458,6519,5867,543,922,2026-07-25 09:59:43,BV1EN336fEB9,20260726
大 周 礼 时 代(13),诸葛皮皮9527,小剧场,624940,85152,1731,1739,10826,4455,1074,101,2026-07-25 09:00:00,BV1aLgv6LEHN,20260726
不必等来日，青春即刻赴西藏,流星奔,日常,254864,20510,488,320,1642,1963,265,491,2026-07-23 11:43:08,BV1HygD6rEVb,20260726
又一全网吹捧的“有钱人文案”，炸出了多少爱装的“少爷公主”,小椰子专栏,社科·法律·心理,2081507,32429,2042,808,11415,1688,363,337,2026-07-25 08:55:00,BV1esgr6YEge,20260726
《明日方舟》SideStory「直到大地变成一颗酸橙」活动先导PV,明日方舟,手机游戏,1775568,90494,6178,3973,14352,18081,8954,151,2026-07-25 11:40:00,BV1KN3M6wEm9,20260726
世子之争向来如此,李万基fit,搞笑,643285,39275,720,1286,1477,1128,377,233,2026-07-25 09:00:00,BV1LygY6mETr,20260726
大狗嚼  这一口会很疯狂！,颖杏遗传being,搞笑,12141518,812469,10970,1477,297218,58242,50492,39,2026-07-20 10:02:37,BV1guKm6PELo,20260726
⚡逆转的毕业照⚡,张少_帝者戰神,鬼畜剧场,192509,20218,457,230,5038,660,2419,241,2026-07-25 09:23:15,BV1193g6KE9F,20260726
津门八仙,瑄羽猫,影视剪辑,686010,33900,1068,364,5773,730,1183,115,2026-07-24 09:30:00,BV1uRgh6AEde,20260726
同学12年，以下是她和我表白的全过程。,我真的是明朗,搞笑,114857,6636,206,839,3061,2584,339,1030,2026-07-26 07:07:33,BV1hG3j6bEoC,20260726
大结局100%准确预测——主角莫蒂亲爹“真男人”杰瑞复活，邪恶莫蒂限时返场！（瑞克和莫蒂·第九季大结局预测）【bilibili次元论战】,安迪视频,动漫杂谈,412899,23949,1802,1127,3399,3863,464,585,2026-07-26 04:00:00,BV1Xy356ZEEp,20260726
当我的琴行老板调了一架很梦核的琴,小憩memories,演奏,1179718,116380,1159,862,58890,8706,2252,151,2026-07-24 10:36:47,BV1Cmga6dExN,20260726
“ 五 区 兄 弟 驾 到 ”,MJ小林大人嗷,GMV,1045301,65912,2454,1570,11990,4539,3060,276,2026-07-25 02:30:00,BV1FXga6WE9G,20260726
大庆赶海，大海退潮后发现大个的竹节蛏眼，撒上一点盐往外跑,大庆赶海,田园美食,3315314,46196,342,768,10036,925,242,385,2026-07-25 08:59:30,BV1wj3M69EuL,20260726
⚡️异 域 狗 叫 ⚡️,哦呼w,鬼畜调教,1090518,120515,4778,1102,25534,20861,10859,162,2026-07-25 07:07:34,BV1ox3M62EfK,20260726
《鸣潮》共鸣者战斗演示 | 穗穗,鸣潮,手机游戏,1241198,67028,6306,3036,9693,16304,6939,365,2026-07-26 03:00:00,BV1hN3G6mEcB,20260726
陈翔六点半：有人在这里被爱过，有人在这里学会了爱,陈翔六点半,小剧场,7078947,313485,13251,4465,76463,89902,11824,345,2026-07-24 10:41:12,BV1yagv6eE25,20260726
这挑战迪迦干完都亮红灯走的,李炮炮儿,搞笑,1829296,165589,3822,1464,9552,6584,2365,236,2026-07-25 07:57:36,BV1t63M6KEyP,20260726
如何当大官然后资产申报全部填零？,波士顿圆脸,社科·法律·心理,151347,14864,1196,1251,2203,1067,446,1016,2026-07-26 11:32:07,BV1tH3E6cEKW,20260726
「新宿决战」雨爱版,望穿秋水145,MAD·AMV,381843,46859,2871,425,14293,14767,4366,110,2026-07-26 03:00:00,BV1QC3G6DEKX,20260726
Tiny Giant (Remix) | Zenless Zone Zero,-阿洋Yoko-,同人·手书,433829,94779,1274,479,30021,29751,4011,176,2026-07-25 15:00:00,BV1Ep3M6SEiC,20260726
新婚后，当我记错老婆回家的时间...#结婚# #野兽先生# #MrBeast# #vlog# #整活#,野兽先生MrBeast,日常,1169453,71195,495,239,4342,1900,169,32,2026-07-26 02:48:55,BV1c43563EWr,20260726
景德镇联动！3个联动红！宝藏月来了！送传说枪皮和2600劵！今年第三次2600限时劵！,Key725,网络游戏,242302,15637,2167,566,2727,3020,2606,171,2026-07-26 08:38:52,BV1gc3J6eEco,20260726
【MAFG】MC动画：于是，我们的故事开始了......,Minecraft动画电影同好会,单机游戏,1123292,183372,3752,2034,47530,22648,1930,141,2026-07-24 03:00:00,BV1fNN46HE9w,20260726
昭和金曲《マジか！》Papi酱《生气了》日文版,吉事堡,音乐综合,1023427,49549,2079,1079,12624,14580,13733,184,2026-07-25 10:00:00,BV1Rt3M6LEvH,20260726
树恨你,鲤鱼Ace,单机游戏,9292975,1047275,151701,535846,338680,663466,74628,1754,2026-07-20 07:36:08,BV1h4KU66ENd,20260726
消耗40亿token，我做了个AI军官监督我学习,叛逆蓝牙,单机游戏,312490,27076,641,74,15309,1170,3636,115,2026-07-25 07:23:20,BV1fJ3M6DELF,20260726
“全世界最倒霉的人”,红豆稀饭中,鬼畜调教,1473553,79175,1638,1222,28098,26981,3993,390,2026-07-23 08:00:00,BV1p2gr6JE1Y,20260726
我是律师，请用当事人的语气让我破防17.0,小草律师呀,社科·法律·心理,3315258,164245,1143,355,5598,1057,1314,47,2026-07-25 09:11:06,BV1NK3M6hEhJ,20260726
《下一个是谁》第七季（2）,自来卷三木,日常,2834111,311826,17620,105034,121167,394824,12857,4932,2026-07-24 04:00:00,BV1KRg462E53,20260726
我从地狱归来,杨齐家_,单机游戏,1950905,113287,2976,9823,18880,10278,1061,891,2026-07-25 08:21:20,BV1uF3M6vE8T,20260726
希望胖东来开到外省的举个手！,_张天琪,日常,1203530,50853,1340,563,7120,1138,1032,178,2026-07-25 11:00:00,BV1op3M6UEkF,20260726
整活！当做饭很难吃的女友突然买了一兜子菜…男友直接崩溃了！,是王小白呀,日常,1922514,60843,433,1924,5536,2562,1397,303,2026-07-24 12:42:21,BV1bpgv66ELR,20260726
胖龙给儿子报补习班，一算补习费吓一跳，威胁他再不好好学就办退学,胖龙的小生活,美食记录,599641,11952,1735,669,1828,985,168,250,2026-07-25 10:22:10,BV1PZ3g6eEL9,20260726
奇怪的玩具工厂 第五章 Part1,鲤鱼Ace,单机游戏,1574467,273773,20787,117997,90427,139972,12110,5106,2026-07-26 03:25:04,BV1dz356wEgr,20260726
“顶级智斗，胜负已分”【天堂的彼端-变速】【智斗の小曲】,早睡起大王,音乐综合,2538437,223516,4028,5378,36876,5130,18460,152,2026-07-24 04:00:00,BV1psgh6XEGV,20260726
【独家】牧神记 第93集 弑帝,哔哩哔哩国创,国产动画,2145411,32935,1885,12844,3572,27037,248,1317,2026-07-26 03:00:02,BV1Dr3g65EJ2,20260726
极客湾手机续航大横评：电池锁容？电量缩水？谁在浑水摸鱼？,极客湾Geekerwan,数码,1610925,260040,29303,37420,82720,323227,45493,2327,2026-07-25 17:09:24,BV1LR336sEFX,20260726
自己吓自己～,王七叶-,搞笑,2716613,114471,2591,947,6932,1383,1571,80,2026-07-25 10:49:38,BV1fp3g64Ezb,20260726
【TF家族练习生】《突围II破局》EP05：你的位置，决定了你有多少选择（上）,TF家族,明星综合,1756104,68549,8415,1932364,23281,7637,1592,4128,2026-07-25 11:00:00,BV1Zp3M6UEgS,20260726
在全杭州最热闹的地方！认出我就送礼物！结果…,宝剑嫂,日常,271719,9027,388,544,1754,3402,248,616,2026-07-26 06:14:11,BV1Yt376TEy1,20260726
别人说倒装句！广西人讲乱装句！这谁能听懂啊！😵,烛不遥,综合,769845,28908,3396,1281,3408,1127,2807,186,2026-07-25 13:23:15,BV1Ek3u6RECC,20260726
见蛇不打三分罪？让我们来看看舟山眼镜蛇怎么说,ZGL蛇语者,野生动物,2961293,172762,3204,4290,22590,8376,8441,467,2026-07-23 10:20:50,BV1aPgQ6ZEmn,20260726
【朱志鑫】DAY-1 原创SOLO「Do All Swag」4K直拍｜登陆少年梦寐以求演唱会,帆_朱志鑫,娱乐粉丝创作,218778,22113,5412,11337,16583,22996,9132,196,2026-07-25 16:41:52,BV12v336MEVJ,20260726
躲在航天核心区捡垃圾的两人【三角洲动画】,手折余弦丶,电子竞技,1349828,90316,2154,1391,19819,8113,3255,336,2026-07-25 03:00:00,BV1kwgz66Ekd,20260726
班赛就是我的舞台，我就是主角！,卷毛懂个球,篮球,912812,42271,1193,793,1990,991,1351,193,2026-07-25 08:14:55,BV1Qv3M66E7E,20260726
螃蟹挑战赛,大虫留白,日常,2072536,101000,2587,1178,9283,1321,2654,138,2026-07-23 11:19:42,BV1oXgD6NEqJ,20260726
《明日方舟》EP - 酸橙色信笺,明日方舟,手机游戏,1460821,159296,26872,12594,68306,109827,30094,242,2026-07-25 12:57:41,BV1nB3u6tEHD,20260726
致富经：村民养殖大狗，发展狗叫经济,咪克菌,搞笑,1289318,41307,1611,855,7581,1609,7399,142,2026-07-25 05:49:54,BV18J3u66EMY,20260726
全球最大游轮！造价140亿！到底有多离谱？吃什么？玩什么？,HOLA小测佬,出行,1563930,60694,1353,6095,33873,12857,8278,751,2026-07-25 10:15:00,BV1Rt3K6qEKV,20260726
特厨探店|酒店大厨开的小馆？生意好到隔壁都租了下来？！—胡记小炒,特厨隋坡,美食侦探,575665,45107,1165,442,3172,2290,1560,188,2026-07-26 03:30:00,BV1oe356vEQE,20260726
“月嫂”你听过，那周末的“全职奶舅”听过吗？,真的是明奇,亲子,1565892,116597,396,462,10123,1096,646,176,2026-07-24 09:25:39,BV1FvgY6RENN,20260726
晚上在店里加班处理金枪鱼，顺便切点边角料偷偷做个晚餐吃,张森的下班料理,美食记录,2346411,171148,3555,9253,14993,8195,6267,1137,2026-07-24 09:10:00,BV1eWgr6PE9x,20260726
反买安迪，瑞克和莫蒂9-10预测！海景别墅稳了！,周扒片,动漫杂谈,300651,28626,1305,608,3549,4660,344,464,2026-07-26 04:00:00,BV1qJ376kEGH,20260726
成吉思鸡200卢比买一送一，我只要送的那份,印度老吃家,美食侦探,5412920,318514,3881,2240,60614,10903,10758,371,2026-07-22 14:02:13,BV1v4g16mE5a,20260726
“我才是元首！”,自动鬼畜中的WZ,鬼畜调教,933932,185659,3111,5253,53940,18436,4223,83,2026-07-25 04:00:00,BV16Ege6sEWB,20260726
连续21天十点睡六点起，我真的会变健康吗？,亿点点不一样,科学科普,5991916,208619,10804,9246,73074,62506,46876,726,2026-07-23 09:00:00,BV1DAgS6SEqa,20260726
直哉挑衅佐助  十尾空降涩谷,牙牙的包裹,同人·手书,1793794,129696,6136,2179,31924,31459,6828,266,2026-07-24 12:10:44,BV16Fgv6xEpz,20260726
【4K高燃】中国最帅街道飘移追走大片儿！！！,Upspeed盛嘉成,赛车,740105,16745,731,2318,6247,11336,1982,685,2026-07-25 03:00:00,BV1yyga6ZEMf,20260726
大坏狐狸的故事抽象中配 大结局,Coulson不讲李,动物二创,2527276,107589,608,448,27693,4242,2652,224,2026-07-24 04:13:54,BV1WWgh6WE9D,20260726
挑战全天打卡一线城市差评垫底门店，到底能离谱到什么程度？,记录生活的蛋黄派,美食测评,2850306,90917,655,5071,24344,14509,1234,503,2026-07-24 09:30:00,BV12VgQ6DEZX,20260726
满嘴跑火车，左右脑互搏，老实话不多【韩红雷霆发言名场面】,一只吐槽圆,娱乐杂谈,1417038,41980,5927,9851,10824,5945,10607,774,2026-07-25 02:14:50,BV1Nx3T6fEe9,20260726
吃完蜂蜜的蜂蜡不要扔！可以自己在家做蜡染,小宇菇菇,手工,348827,32674,144,148,3731,1041,226,160,2026-07-25 07:01:09,BV1HZ3M6dEUF,20260726
人在上海出差，收到了上门喂养阿姨的视频，剪了一下还挺好玩,喵君是个大聪明,出行,972422,79710,3253,2522,7198,2776,8989,214,2026-07-25 03:19:08,BV1iA3T6CEs4,20260726
撞山，撞航母，空中合体，美军坠机到底有多少花活？,星辰趣味屋,人文历史,281552,27929,1320,3773,5208,11737,448,1176,2026-07-26 04:06:01,BV1eb376iExn,20260726
这才是真正的民用机床,罐子pot,单机游戏,2800766,165664,1631,1028,31694,4109,4894,144,2026-07-24 10:00:00,BV1AKga6RENc,20260726
《绝区零》蕾米埃尔角色展示 | 恰如往昔,绝区零,手机游戏,2737424,168941,14453,12169,42527,90894,24731,1260,2026-07-24 04:00:00,BV11Aga6oENR,20260726
【2026LPL第三赛段】7月25日 IG vs WBG,哔哩哔哩英雄联盟赛事,电子竞技,1897375,18234,7631,18028,2566,6287,1196,10238,2026-07-25 10:14:58,BV1wF336AEgm,20260726
制作人偶、直播哭丧、舔食骨灰、自残吸血｜丧亲创伤循环，到底能把人逼成什么样？,捕月说,人文历史,977534,49761,2397,1913,10612,1607,2591,1284,2026-07-24 10:10:00,BV1RJKA6mEit,20260726
e人天堂i人地狱！被超级大美女包围了！,一只树奈奈啊,日常,175756,5338,41,241,1962,2421,644,292,2026-07-26 08:31:51,BV1SZ3E6vEis,20260726
中国人能飞🚀🚀🚀,鸡鸡·夫斯基,鬼畜调教,1941878,129607,3734,2516,19981,6273,23534,87,2026-07-24 11:54:12,BV1iKgv6HEgJ,20260726
带女友去澳门新葡京，并给她洗脚~~~,三十六贱笑,搞笑,629485,24433,861,1502,4501,2388,2260,299,2026-07-25 03:30:00,BV1ARgi6BE8Q,20260726
年销2亿粒！从古代皇室黑金到日本“国民蕨饼”垄断超市夏季货架！,大鹏和你看世界美食,美食侦探,2290220,32836,694,1574,7650,1955,376,1030,2026-07-25 11:30:00,BV1cA336cERr,20260726
决战晚自习,脱缰凯Kk,日常,295016,33066,837,2525,3831,2139,320,277,2026-07-26 09:49:18,BV1rY3E6XEQ8,20260726
脑洞向：白雪公主故事新编,单易之,社科·法律·心理,543222,73479,1715,882,16131,5225,16504,199,2026-07-24 11:57:17,BV1Lugv6nEXZ,20260726
《王八汤》（最后一期海龟汤作品）,是许木木啊,日常,945624,114800,8569,14599,27002,28086,4469,570,2026-07-25 09:25:00,BV1Spgv66ETU,20260726
【MC组件】表弟偷玩我的手机拿我攒了半年的钻石买的组件,Clay粘土云,单机游戏,2256925,199139,6450,602,31420,4553,31310,36,2026-07-24 13:30:10,BV1rRge6fE1V,20260726
《最绝望の主持人》,伤心欲茄222,搞笑,4521309,306623,4774,1252,18583,4627,2628,109,2026-07-24 04:00:00,BV1mYg86tEXv,20260726
这才是爱豆该有的国风表现力｜R.E.D尹子璐《千年等一回+风月》巡演杭州限定FOCUS,李哩哩的哩哩,明星综合,517352,20902,6684,6824,5240,7971,2582,308,2026-07-25 16:50:25,BV1LX336dEGT,20260726
一瓷藏千年，一局寻文脉｜2600限时三角券宝藏月免费送！,三角洲行动,GMV,636676,31145,6926,2221,4219,1266,27937,99,2026-07-26 04:15:00,BV1Hy336wEuv,20260726
用最好的动画为你讲解--什么是先进封装,Redknot-乔红,野生技能协会,905056,35012,1582,1497,21428,15464,3813,753,2026-07-24 10:41:57,BV1Amga6oE2p,20260726
儿子陪老爸找工作！没想到我会陪55岁的老爸去招聘会...,三宋在这,出行,1947571,73226,2151,2537,10096,32206,2047,1211,2026-07-24 03:30:00,BV1g8KN6SE7d,20260726
地球online四大机制怪,手搓工坊M,搞笑,1673431,95458,2136,1825,9191,1073,999,192,2026-07-24 08:30:00,BV1Lzgh6VEZV,20260726
西班牙赢麻，FIFA赚麻，特朗普乐麻，世界杯谁是输家？,小王Albert,足球,1194072,65537,3749,5008,9305,13285,1224,1267,2026-07-24 14:35:50,BV1wVge6ZE35,20260726
在西宁这碗麻辣烫端出来前，我简直在乱吃。,盗月社食遇记,美食侦探,1419584,45265,2121,5714,12196,19086,8488,2138,2026-07-24 09:55:00,BV187gY6KEJN,20260726
重生或证道！修仙国产单机《黄天逆途》全新实机演示,黄天逆途,单机游戏,908660,44459,7634,2473,14235,35546,19110,245,2026-07-25 02:00:00,BV1Nkga6cE1g,20260726
【时代少年团】「米爆探班日记」EP01,时代少年团,明星综合,161102,14484,948,27722,2841,3953,437,786,2026-07-26 10:00:00,BV1gc3J6eEKx,20260726
第一一一集 寄身鬼,吃橙子不吐程子皮,同人·手书,65515,9779,771,874,2237,2853,121,371,2026-07-26 10:58:58,BV1uj3E6eEmD,20260726
我的野兽游戏MrBeast Gaming频道正式入驻B站！一起来玩吧！,野兽游戏MrBeast,搞笑,388697,18131,2000,317,4863,3174,1088,67,2026-07-26 10:00:00,BV18c3g6kE4k,20260726
我会顺着网线 找到你！,戴律请回答,社科·法律·心理,1400154,225273,4273,9181,17842,55722,1934,639,2026-07-24 04:10:00,BV1tHKk6SEH1,20260726
什么叫见到我就原地开启雷霆姿态？,灼眼的SABER哒,同人·手书,293762,39763,1324,294,8985,4164,5309,62,2026-07-26 04:00:00,BV1fg3V6AEur,20260726
来自砧板的舞者…,啊费定格动画,颜值·网红舞,1310204,215703,1484,404,17519,38816,3336,17,2026-07-23 11:38:11,BV1rygD6rETp,20260726
《外 卖 逆 天 评 价》,铃乃Chan,同人·手书,5990529,352236,2466,464,32177,4296,5300,50,2026-07-22 09:20:00,BV1LbKa6NENm,20260726
开局爆氪5万！挑战霸服美少女挂机游戏,一叮当猫一,网络游戏,453210,8966,246,147,4354,3466,1103,353,2026-07-24 04:00:00,BV1EXgr65EJZ,20260726
新三国up锐评老三国09：上安朝廷社稷，下谢天下黎民！,吃蛋挞的折棒,影视剪辑,704920,41726,4267,10699,6039,17880,579,1747,2026-07-25 02:00:00,BV1AVgi6iEbh,20260726
【一轮复习】高考热点！绝对值问题！基础篇！,一数,校园学习,126022,17764,568,794,3955,1221,425,2434,2026-07-26 03:10:02,BV1Xy356ZEXM,20260726
纳尼！妹妹喜欢上姐姐的男友了！？【自制新番】,哦哟晴OYO,同人·手书,22574,3814,383,625,1166,1819,69,629,2026-07-26 10:46:00,BV15T3E66ExB,20260726
三伏天山西文旅喊你来清凉一夏，三晋四时好风光慢游计划邀你来山西睡个好觉,山西省文化和旅游厅,日常,975866,51672,2545,693,6141,13838,4795,358,2026-07-20 10:00:00,BV1DUKm6iEfA,20260726
妈妈携神秘亲戚抵达德国，庭院改造正式启动！开工宴做十几道中式大餐！,德国陶渊明,美食记录,307428,21647,779,2720,2430,17139,293,1495,2026-07-25 09:00:00,BV1Jkgq6vEYA,20260726
俄罗斯一奶牛猫运毒进监狱，被当场抓获，咪：我冤啊！,封面新闻,亲子,3467841,159155,4002,664,10766,1039,16720,22,2026-07-24 04:02:43,BV1Htgh6DErD,20260726
鹿乃 翻唱《 DAYBREAK FRONTLINE 》,鹿乃ちゃん,翻唱,32719,10166,885,143,4171,7178,1074,230,2026-07-26 09:00:00,BV1rV3762EDi,20260726
淏,yakeso_,同人·手书,422252,79736,1668,902,10336,11296,1041,161,2026-07-25 04:12:26,BV1oE3K6CE1Q,20260726
当你在班级打开一包零食...,多米糯骨嘎,搞笑,585791,61463,2118,284,10769,2115,4263,69,2026-07-25 02:40:25,BV1P23K6xEmz,20260726
大能博弈！修仙战争开启！《凡人修仙传》184逐帧解析,利维坦mY,动漫杂谈,463718,34303,3941,2265,2796,11772,525,846,2026-07-25 10:06:10,BV1cL3M6sEYt,20260726
沉浸式感受清朝御厨制作无骨整鸡,史海听风,AI影像,898707,28040,894,1209,3686,672,279,171,2026-07-24 11:21:57,BV1omgv6WEna,20260726
我用AI杀死了史上最难的跑步游戏,林亦LYi,计算机技术,2881307,89813,2425,2771,19671,12856,4734,890,2026-07-20 11:07:21,BV1bmKp6cERp,20260726
让我们有请KPL偶像天团——成都AG606！！！,i奶盖儿酸,手机游戏,126057,5984,1156,104,639,677,1388,126,2026-07-26 00:08:09,BV1Zo3L6zEEq,20260726
【野兽朋友们】幸运大转轮-概率操控3,JJALTOON,同人·手书,442918,36351,470,437,4739,925,617,90,2026-07-25 09:54:14,BV1TU3g66EPh,20260726
⚡乙 烯 的 加 聚 追 逐⚡,OHRoot,日常,157069,25349,812,249,7114,2068,4310,301,2026-07-24 05:37:36,BV18Vgh6cEkV,20260726
有个英雄全身上下最超标的是斩杀,流夜一动不动,电子竞技,1224212,47191,2164,678,1817,747,1201,226,2026-07-24 08:44:48,BV1zoga6SEr1,20260726
只要我转的快，我也是王者荣耀的高手,磊哥游戏,单机游戏,1078517,84252,2960,978,2813,3981,1133,152,2026-07-25 01:00:00,BV1Umgi6GETh,20260726
重开一次空调5块钱？开开关关一月500？,哏工侃智能,家居房产,2163246,67458,1409,214,8916,599,3104,60,2026-07-24 12:00:00,BV1ncKW6HEQh,20260726
沙县小吃，碳水天堂,邢三狗子,搞笑,2142704,123734,1147,633,14295,2022,1252,206,2026-07-23 12:26:57,BV1ieg46cEKn,20260726
徒步横穿广州100公里，30个小时，目前状态良好！,东尼ookii,出行,476716,30570,1032,2960,6904,17694,1010,1390,2026-07-25 10:45:24,BV1Z43g69Evv,20260726
当她觉得你太凶,毕峰鸣,日常,1416042,86761,5224,1617,7912,567,5919,34,2026-07-23 14:34:16,BV1xbgx61ESy,20260726
“网红按斤称零食”大摸底！来桶冰淇淋摇一摇！,穿毛裤的小拉泽,美食测评,3277143,48371,793,2424,25503,3762,666,707,2026-07-23 08:50:59,BV1fagk62E1j,20260726
人最宝贵的是生命，生命对于人只有一次,小祥燃剪,影视剪辑,419950,66590,1546,2027,7537,1392,842,370,2026-07-24 15:16:59,BV1iMgq6ZExV,20260726
本想报智能制造，报成“智能建造”了！！！,小小段砸,搞笑,2408656,128289,8238,891,7845,5492,5571,175,2026-07-23 10:35:28,BV1DugQ6WEnU,20260726
植物大战僵尸恐怖版：疯狂园主（下）,对不起贱笑了,单机游戏,788315,43897,5425,5097,10851,6571,1262,838,2026-07-25 01:45:03,BV1eK3T6rEa2,20260726
5800块购入的宝马七系实现了我的豪车梦！,阿鑫撸车屋,汽车生活,1442926,58900,1566,5395,6164,1151,1166,450,2026-07-23 11:00:00,BV17EgC6jETA,20260726
超神人辉夜姬 第六集,咖啡大慕斯,综合,165771,19049,489,678,5310,1899,1133,654,2026-07-25 12:05:00,BV18k3g6yEW6,20260726
【妙脆角猫】被生活磨平了的棱角变圆滑了,饼型地雷,预告·资讯,1631596,114834,2454,659,32131,5518,28424,55,2026-07-24 00:05:00,BV11bgx6yERq,20260726
00后男生跟父母说今年带女朋友回家，没想到……网友：这下玩大了！,人民日报,日常,4343671,274924,5959,847,10103,1696,3476,22,2026-07-24 06:55:12,BV1MFge6qEwT,20260726
惊天签约！老詹联手76人！NBA大结局来了？,业余球探刀先生,篮球,468382,15807,4161,4769,2343,3588,738,928,2026-07-25 14:13:39,BV1rx3G6PEqE,20260726
等等，对兄弟的crush一见钟情是怎么回事啊！,料理小鼠,日常,748972,106391,822,225,20304,4549,2127,123,2026-07-24 10:18:48,BV1cdga6HEAz,20260726
从夯到拉锐评近期爆火的智斗小曲,糖小冰official,日常,4540163,132999,530,1554,121609,9319,377,1167,2026-07-24 00:00:00,BV18Ag46HE8i,20260726
智能变智障！低成本智能好物避坑指南！,哏工侃智能,家居房产,4240450,110609,1429,323,24695,2514,865,102,2026-07-20 12:00:00,BV1zRKz68Eeq,20260726
徒步到山里没地方住，竟然发现了寺庙,拉宏桑,日常,934967,67190,1643,3867,4031,12488,1481,916,2026-07-24 11:35:21,BV1kqgv6cE6M,20260726
疯狂屠杀，真案改编！令人窒息的双面杀手，每一个镜头都是细节！万字细嗦《悬案》第二案（P1）,不善言辞的秃秃,影视杂谈,1157635,22996,474,1808,10009,7275,2243,1842,2026-07-23 09:15:00,BV1kFgD6rEYr,20260726
0元刷新桂！无限免费刷新直接搬空商店！看完后赶紧去玩程序员可能明天就修了！,这看缘吧,手机游戏,528170,37174,2091,336,7924,1534,11935,95,2026-07-25 09:33:36,BV1yo3g6PE6C,20260726
【短的发布会】余总+M8+乾崑智驾，这难道才是华为纯种M8？,短的发布会,新能源车,688015,12459,724,670,2679,2628,1384,295,2026-07-24 15:09:18,BV14ngY6PEmg,20260726
【漫士】所以，到底什么是三维挂谷猜想？难在哪？,漫士沉思录,科学科普,806794,43617,3978,3733,20140,18229,6200,2172,2026-07-24 08:11:08,BV1regY6sEVx,20260726
买了直角三通才发现水流受阻？教你自己锯个Y型斜三通，热烤扩孔刷胶，比买的还结实！#PVC水管修补 #水工技巧 #硬核手艺 #居家维修,三一电工,手工,1222384,6837,420,159,841,674,186,82,2026-07-21 15:41:36,BV1X5KY6YEi3,20260726
狗头吧新科研，一波团打出队内和谐！！！,破阵子l,电子竞技,449196,23154,777,1421,2861,7498,878,915,2026-07-25 02:00:00,BV1qKgv6HE3H,20260726
“什么叫难度太高游戏直接报错了？！”,甘泽成谣雨成诗,手机游戏,398836,27868,1434,475,2829,1947,3754,271,2026-07-25 12:28:24,BV1wE3g6cEuU,20260726
给“腰”加亿点难度,街健呆木头,健身,3244874,98663,2398,600,2444,2407,811,23,2026-07-22 06:32:28,BV1q7gr6MEcp,20260726
地球online之我有空间系异能 尝试am手搓之 原创ins:@wxll.hx,渔瑶苒,日常,776222,135360,0,2067,22936,3301,865,13,2026-07-23 13:06:08,BV1RRgx6oEBj,20260726
真人歌单｜在暴雨中连唱8首！？清新氧气の雨中小曲,捡猫怪,翻唱,203228,19666,361,174,7093,2545,218,1663,2026-07-24 10:34:41,BV1wmga6oEQn,20260726
千万别在梅雨季搞创作,想想工作室,绘画,489986,25635,691,949,5300,6962,577,439,2026-07-25 06:02:01,BV1eG3u6LENs,20260726
回国日记1｜最重要的决定！Ryan和从小长大的家道别～,hellotina陈甜甜,日常,50302,5952,800,880,883,5340,134,1359,2026-07-26 09:00:00,BV1Vy356fE2d,20260726
张远【歌手2026】《第一次做人》舞台,张远Bird,音乐现场,142082,4326,1135,983,2007,3772,707,288,2026-07-24 15:04:22,BV1Rtge67EqL,20260726
监考小风波,脱缰凯Kk,小剧场,1382137,126490,2962,3929,11210,4553,1513,311,2026-07-24 10:00:03,BV18Yga6TExV,20260726
【真实锐评IG让1追2战胜WBG】不装了我就是theshy电竞 半年没打 回来对线拉满 团战天神下凡！,真实电竞,电子竞技,484349,19393,2836,2414,1282,3529,961,369,2026-07-25 14:09:10,BV1783G6hEoZ,20260726
新手做饭，放调味料有什么讲究？,咕噜耄,校园学习,451183,70834,509,78,45888,2649,1552,108,2026-07-25 04:58:42,BV18E3u63E93,20260726
第二集 家人们 | GTA SA 真人版连续剧,薯条超人CCStray,单机游戏,2313903,104764,2092,1764,30372,37367,6824,430,2026-07-20 05:21:38,BV1CFK26nEP6,20260726
【人脑虫巢】印度回来44天脑里发现虫卵，这是他吃完脆球身体发生的变化。。。。,郑郑得证,人文历史,678447,19293,3010,3532,4701,864,2437,669,2026-07-24 03:30:00,BV1pKgX6LEyU,20260726
点击即玩世界上最爽的哈基米模拟器 【B站AI创造公开赛】,马克杯MarkCup,汪星人,2115100,108426,3402,1033,49972,26492,12436,186,2026-07-20 08:30:00,BV1kNKU6REBg,20260726
她们是女同事吗？,浑元Rysn,仿妆cos,1088593,57787,704,397,11309,3614,1458,201,2026-07-21 08:00:00,BV17EKt6xE1P,20260726
Verity 官方配音演员回答网友最想知道的问题,JustWhispy,单机游戏,716514,89508,4086,10815,34992,20955,1310,792,2026-07-24 05:14:18,BV19Pgh6TEzC,20260726
（知识科普）一口气看完总共24大流派，看看你属于哪一流派呢？,颜心做的cat,网络游戏,380835,20751,595,4135,6113,2350,140,1482,2026-07-25 10:00:00,BV1Mm3g63EYk,20260726
【FGO】夺命十三枪,卡迷萨,手机游戏,101361,9138,611,445,3457,8897,3340,397,2026-07-25 09:27:50,BV12Q3g6qED7,20260726
侮辱智商！精致女生可以未卜先知转行神棍赛道、带3000万珠宝坐飞机？近期互联网热门人设赏析！,正经的老邪,日常,464573,23015,1129,4884,3027,4598,696,1314,2026-07-25 02:05:00,BV1a33T6MEEG,20260726
死芒红皮居然只要21！！？！,三角洲经济学教父,网络游戏,346540,22371,1695,1103,2068,912,5308,270,2026-07-25 06:23:47,BV11m3M6aECz,20260726
一场四驱老子、四驱小子和四驱妈妈之间的混战，在温榆河打响,大石碎钢蛋,出行,366696,20123,1464,777,3552,1841,3746,299,2026-07-24 13:11:03,BV1Dqge63EWL,20260726
【奕夕】求&影-全曲MV+私设注意,苏莹川,MV,89374,19469,419,439,7434,4112,572,238,2026-07-25 09:36:29,BV1CR3g6vEy4,20260726
我的克罗地亚奇遇之旅，还要从一团泥巴开始说起,食贫道,日常,1119792,46368,1081,9055,9893,18037,1368,3584,2026-07-24 10:45:22,BV1fdga6nEqE,20260726
超级暴雨来了：台风红霞将巅峰登陆广东，四川等省高温将明显缓解,中气爱,科学科普,616696,26594,5295,1513,1775,1077,4250,211,2026-07-25 15:11:51,BV1DN3G6mEoL,20260726
成吉思鸡套餐！鸡佬的成吉思鸡套餐，吃了有力气,干饭三健客,美食记录,1632273,92359,1558,1116,8181,3836,3054,214,2026-07-23 09:00:00,BV1XQgy6rEUG,20260726
00红00花00凛0T王棋绘世！你是否承认我的理解举世无双？,澄闪啵啵,手机游戏,195646,14898,1668,489,2387,3087,5532,409,2026-07-25 15:09:34,BV1uN3G6mEkx,20260726
耗时上千小时！自制《哭泣少女乐队第二季》第一集 “呐 未来”,一典人od,MAD·AMV,126922,23158,959,373,11234,16123,3143,454,2026-07-25 05:34:18,BV12x3u6iEB4,20260726
【本家】衛星 - 音街ウナ【カササギ】,カササギ_柿崎ユウタ,VOCALOID·UTAU,115719,32852,1680,1248,16522,9977,2512,144,2026-07-25 12:00:00,BV1BogC6JEDJ,20260726
第一集 重返洛圣都 | GTA SA 真人版连续剧,薯条超人CCStray,单机游戏,1385199,45537,1002,741,17229,12732,6354,203,2026-07-20 05:13:50,BV1CcK26SEPm,20260726
《海战模拟器》,马鹿blyat,极客DIY,3265431,339847,6034,2413,61297,39286,18600,83,2026-07-23 04:00:00,BV1CTgC6XEEV,20260726
携程被罚没51.79亿元,央视新闻,日常,1218195,58785,8912,455,4508,2931,11285,179,2026-07-25 03:06:18,BV1mC3K64EAX,20260726
穿越回100年前，看看苏联建筑到底有多超前！？,-欣小萌-,出行,1702341,138617,2447,2058,38340,19747,5941,1248,2026-07-23 09:00:00,BV1UMgS6jE9g,20260726
和大家说一个好消息和一个坏消息！,Key725,网络游戏,628336,74832,1389,581,12672,32324,374,260,2026-07-25 02:00:00,BV1RYgi6QELz,20260726
中国“双星”，登顶菲尔兹！《新闻周刊》对话王虹、邓煜,央视新闻,日常,246640,15992,1696,390,3263,1473,738,586,2026-07-26 01:54:27,BV1c33L63E2B,20260726
全飞秒手术全攻略，五官科医院医生Q&A,透近医学,科学科普,127636,9020,195,58,2269,1099,96,2028,2026-07-26 04:00:00,BV1stgv6TE1W,20260726
一把游戏感动四个队友,峡谷混学家,电子竞技,402477,28814,905,597,1432,5486,261,338,2026-07-25 10:00:00,BV1Yj3u6kEJ2,20260726
曹操玩笑记(三),Rarondo9,影视剪辑,160863,15417,1851,2688,2677,9530,1593,560,2026-07-26 02:36:56,BV17e356iEEA,20260726
一条老奶奶,青浦模子,绘画,7377426,381387,6030,4125,48125,8726,16887,214,2026-07-21 10:00:00,BV17rKb68EQ7,20260726
收租后，发现租户是同班双胞胎【01-06】,圆桌动漫,同人·手书,303909,17982,579,1746,15360,4620,128,5226,2026-07-26 02:00:00,BV1Xk3G6HELV,20260726
剑指冠军！詹姆斯400万加盟76人！阵容太强，恩比德受伤也不怕？,太吾车神,篮球,541055,20035,6007,6108,2903,4852,1853,791,2026-07-25 11:09:56,BV1nn3g6fEus,20260726
【卡戍】雷霆万钧，一剑破空，战斗即艺术帧帧都是经典 [4K/无UI]导电漂泊者VS全息无冠者,ZSDS卡戍,手机游戏,294877,37525,846,191,5489,6414,2204,199,2026-07-25 04:35:19,BV1X83K6KERu,20260726
植发半年我变成了光头？！,张恩恩NNN,日常,323240,15222,80,628,1790,1198,28,218,2026-07-26 04:17:44,BV1Ur376tEvn,20260726
假如根据所学专业觉醒超能力的话?（第二期）【AI全民制作人】,十万个挑战,影视杂谈,1055200,16927,538,565,5369,1311,390,326,2026-07-25 12:35:15,BV14u3g6TEzn,20260726
谁能想到？我和亚当聊了半小时老鼠干、MBTI、中国歌手...还有全新原创音乐专辑！！,张尔达,校园学习,243230,6097,227,344,1866,1249,215,1801,2026-07-23 09:00:00,BV1eHgD64EwW,20260726
全灭！钩子奥特曼！,十六van游戏,电子竞技,103696,8132,225,263,1677,1237,1601,421,2026-07-26 07:39:50,BV1Pp3j6QE2r,20260726
芬兰表妹一家终于抵达中国兴奋到飞起！被四川豪华家宴感动到热泪盈眶！成都深夜逛吃开心爆炸！,雨琪在芬兰,日常,854635,38112,1039,5886,5771,23857,199,1676,2026-07-25 04:36:59,BV1Sq3K6hEDs,20260726
浙江第一悬案，究竟怎么破的？烧脑程度，世间罕见,我是江无情,人文历史,483981,16961,666,1315,5219,765,466,1032,2026-07-25 02:00:00,BV1e5gq69EDT,20260726
古代布料紧缺，汉服为啥又宽又大？？,珑师傅_,人文历史,204680,21520,826,562,8350,3199,465,492,2026-07-25 11:30:56,BV1XB3g6jEtU,20260726
【微电影】星河外卖员：创造之旅,最后讲述者,鬼畜剧场,619638,44547,963,1184,7249,9809,1430,582,2026-07-25 04:13:22,BV1on3K6GE7P,20260726
【顶级智斗】全民进入大智斗时代！,机智的呆狗,搞笑,294003,17147,404,1204,5863,5101,236,428,2026-07-25 04:00:00,BV1roge6tEkW,20260726
歌剧老师锐评歌手第十期（上）,铁豆钢蛋,乐评盘点,307886,11392,3091,9714,1868,4646,261,3539,2026-07-26 01:00:00,BV1Hz336vEQ1,20260726
刚买的李子丢进水里，直接长出了一层透明壳？？,毕的二阶导,科学科普,5351728,138523,2240,2122,25878,8886,2181,190,2026-07-23 03:01:29,BV1d7gD6FE1J,20260726
盘点三角洲里四个阵营的原型【三角洲军工20】,阿氢HYDROGEN,网络游戏,696043,26769,505,848,9505,778,229,463,2026-07-25 10:02:45,BV1zN336ZEKL,20260726
洗不掉了，喜提贝利亚永久皮肤,牛战士历险记本人,手工,3327314,190836,6844,1042,17936,6050,20887,40,2026-07-24 09:00:18,BV18LgY6qEav,20260726
双直播养女儿；4000人在线的赛博过家家,觅2,同人·手书,876736,100334,2918,976,18326,9321,5394,322,2026-07-24 13:13:10,BV1Sqge63Eao,20260726
【本家投稿】 TAK - ‘ニャニャニャチュニャ (NNNCN)’ feat. Kotoha,TAK_DRDR,音MAD,34476,9503,610,205,4256,3241,1171,157,2026-07-26 09:00:00,BV1KPg16eEuP,20260726
匹诺曹：自己人啊大哥！！！,马刀刻森,同人·手书,1534955,67772,659,1129,7306,6847,738,676,2026-07-23 10:00:00,BV1gAgS6DEAx,20260726
玩家画什么就能得到什么？！,小橙子姐姐解说,单机游戏,135796,12457,247,1176,2221,1397,46,661,2026-07-26 04:42:20,BV1ae376AEbW,20260726
我的世界硬核生存！【缆车末日惊变100天】 p1 我被困在了充满丧尸的1千米高空缆车上！该如何生存？！！,Q弹的果冻c,单机游戏,6406483,311564,1562,8945,270505,64648,5698,1614,2026-07-21 07:39:13,BV1kbKb6qEba,20260726
足球主题皮肤，大招飞踢射门，自制孙尚香世界杯主题新皮肤！,王者人格小A,电子竞技,1226066,28213,1473,461,1718,940,1387,97,2026-07-24 15:17:17,BV1BMgq6ZEwR,20260726
在超市后门吃成吉思鸡的二人,ByeByeBlueBerry,影视剪辑,935601,66731,2028,575,17908,2455,9190,116,2026-07-22 10:00:00,BV1DSK46LEgx,20260726
今晚谁来都得叫“妈妈”丨4K三机位FOCUS • R.E.D李雨林《Hot & Sxey》&《Hey Mama》•「Shadow Play」杭州站,洛寒丨李雨林,明星综合,168725,10411,3155,3706,4861,5303,1478,239,2026-07-25 15:01:03,BV1Rz3G6WEgg,20260726
时隔六年，我重回荒岛打算一一解开当年的谜题，并且找到我的兄弟,东穆-,单机游戏,1198797,68461,1015,662,52564,6122,623,366,2026-07-24 10:04:57,BV1rXga6pEEC,20260726
护送迷路大爷回家，心里开心一整天~,哈基蛙a,日常,266590,43441,709,445,1375,22723,130,293,2026-07-25 10:26:02,BV1rF336wEvu,20260726
刚来地狱随便找个怪就这么强吗【更好的MC】,磊哥游戏,单机游戏,472343,49958,1285,1150,3113,4527,597,280,2026-07-26 01:00:00,BV1V63G69EbD,20260726
众病之王：癌症来临前会有什么征兆？,大圆镜科普,科学科普,342584,18270,791,792,4050,936,371,486,2026-07-26 00:27:07,BV1Ys3L6hE6c,20260726
【2026KPL夏季赛】7月25日 成都AG超玩会 VS 杭州LGD.NBW,哔哩哔哩王者荣耀赛事,电子竞技,802832,7162,10017,14814,1849,1198,1919,9527,2026-07-25 12:27:35,BV1wE3g6cEKK,20260726
反向旅游 河南鹤壁！这次旅行将返璞归真,杨一垚1,出行,567985,28429,996,899,1632,3694,514,1085,2026-07-24 11:34:26,BV1nqgv6cESa,20260726
上课打游戏 期末考段位？电竞专业真有这么爽吗？,落九川,搞笑,1676847,28505,2154,1384,4513,1894,2365,491,2026-07-23 10:00:00,BV19rgQ6aEF4,20260726
「咒术回战」人外魔境新宿决战,望穿秋水145,MAD·AMV,465317,66398,3228,601,21175,28214,4712,126,2026-07-25 05:00:00,BV1kRgi6qEyJ,20260726
同时让10000入侵物种，进行大混战，最终能否决出入侵之王？！,蔡武年,小宠异宠,2487887,55109,1072,949,34680,10341,567,537,2026-07-24 08:00:00,BV1sogS6yEpm,20260726
啊？58.0,KL_qiqi_,单机游戏,266852,28120,777,1990,3215,4146,249,307,2026-07-26 03:45:00,BV1GN356xEA3,20260726
“弦起敦煌，壁画再世！”【鸿音】,紫颜-小仙紫,日常,1011853,30202,801,1511,18388,8762,3634,187,2026-07-24 09:07:59,BV1bLgY6qE96,20260726
Bili_Board术力口2026年上半年榜,Bili-Board_Atel,MV,70657,11579,2520,20757,3720,1960,1268,1525,2026-07-26 10:01:45,BV1pvgv6aE1y,20260726
你的意思是你杀了他养了一整局的鼠？,Ricky捏,搞笑,1374121,94404,2006,999,29045,20957,1908,298,2026-07-23 14:19:04,BV1xhgx65EM6,20260726
无证改装加警灯，深夜“炸街”还超员？警方出手围捕！,央视新闻,日常,1185438,60014,2036,1193,5278,1033,1050,101,2026-07-25 01:29:29,BV1V33T6uEJH,20260726
当社牛朋友给你过生日！,一串大福,搞笑,1661803,99341,1441,2145,21941,2829,450,144,2026-07-25 04:28:08,BV1De3K6YEBb,20260726
【第48版】如果“豆包”死掉你会怎样-【AI全民制作人】,牛斗niudous,影视剪辑,1843951,126324,3341,763,42620,32164,7165,436,2026-07-21 11:25:00,BV16EK86PEME,20260726
让我看看金边是怎么个事儿？？——《勇闯柬埔寨》第六集,王师傅の日记,日常,195525,17873,984,4784,2757,17891,219,3214,2026-07-26 03:11:14,BV1w43563EnM,20260726
越清越多，难度持续升级，崩溃值已达临界点,马俐管家,家居房产,944284,63212,2831,5932,21782,20593,3904,1573,2026-07-24 09:55:13,BV12Cga6bEgL,20260726
死肌肉真干不过种田的,朴男krisun,健身,2061480,52180,3484,881,1579,655,274,68,2026-07-24 10:07:56,BV16Xga6pE3G,20260726
潮汕私房菜，没有菜单，老板上什么就吃什么，像开盲盒一样，不知道这一桌味道怎么样？,李维刚的日常,美食侦探,394183,17562,1077,905,674,658,289,301,2026-07-25 09:32:31,BV1so3g6NELt,20260726
到底在嗷呜什么啊喂！,神奇猫猫头,MAD·AMV,1983694,188101,3356,452,31931,3414,6352,67,2026-07-24 10:11:09,BV1nXga6WEiC,20260726
【绝区零】唱片争夺战！【狄龙顾dillongoo】,狄龙顾,手机游戏,187687,39557,660,390,15868,7392,2017,162,2026-07-25 13:10:00,BV1YUKb69EPW,20260726
[自制动画] 《最棒的师父》 Part 14【Personal Works/ZZZ/Review】,ChaiLoo动画,同人·手书,146376,32706,329,35,13188,1021,308,109,2026-07-26 00:59:10,BV1tq3L6pEf5,20260726
“清扫凶宅”要做哪些工作？三人惨死的出租房里...疑点重重！国产推理佳作：呼延云《凶宅》第三回！,掺酒_Crane,人文历史,265371,21440,247,957,8906,1136,339,1329,2026-07-25 03:00:00,BV14dKs6YECu,20260726
请问哪一处会扣分？,阿汤哥1989,汪星人,2261338,217170,9671,3561,31980,11283,21866,148,2026-07-20 11:04:05,BV1bGKm6wEqK,20260726
《低山臭水遇知音》,伤心欲茄222,搞笑,5035358,370967,4337,1301,14897,6236,3312,110,2026-07-22 04:00:00,BV1YdKY6vEsR,20260726
功 夫 男 足,豪言の经理,鬼畜剧场,261387,28383,516,296,4645,4506,728,125,2026-07-25 14:14:48,BV1cx3G6NEKH,20260726
“人生不需要赢下每一场比赛”,CSGO国服,电子竞技,946120,71113,2086,270,15921,20117,4340,97,2026-07-24 11:00:00,BV1oogD6aEAM,20260726
下潜10米就漏？国军的海鲲号，到底有多抽象？,世界见闻录,人文历史,482334,30456,1923,2582,4749,1982,282,1050,2026-07-25 10:05:00,BV16Xga6pEmF,20260726
《我的花童弟弟》,住在楼上的阿美,亲子,1988436,92551,1114,2797,2622,1264,732,224,2026-07-23 07:51:27,BV18UgQ6oEHQ,20260726
线下面基摩洛哥女孩 联手整蛊我们的朋友！,路西法Lusiferr,搞笑,692432,16321,794,632,1983,1070,216,477,2026-07-24 12:00:00,BV1Sega6vEFC,20260726
美国黑人区最廉价盒饭店！只要5块钱！猪排炸鸡排骨离谱！,子文又饿了,美食侦探,665700,29920,1041,2410,4308,4034,989,591,2026-07-24 09:00:00,BV1YPgh6TEWH,20260726
【医学博士】看了成人内容，会有什么危害？｜10岁女孩直播跳钢管舞背后，藏着更可怕的事…,兔叭咯,科学科普,474295,26737,1016,1106,9523,2588,1201,294,2026-07-25 09:30:00,BV1Kwga6tE2m,20260726
有高认知的父母能有多爽？,关注我必发财666,短片,474060,32764,671,501,6314,561,565,360,2026-07-24 08:04:35,BV1nvgY69Eym,20260726
🚶AI小潮team在「反乌托邦」里「拼接遗憾」🚶/《反乌托邦·拼接版》,凌子崎,翻唱,274843,22452,311,215,17742,2866,240,115,2026-07-24 15:08:04,BV1Lxge6SEXN,20260726
《请批准吧神灯先生！》翻跳来了，我和我哥的,板栗只想睡觉,绘画,83645,18464,865,334,3792,1184,570,162,2026-07-20 16:08:51,BV1CnKs64EpP,20260726
蛋定，我们会再见～,伊莫,单机游戏,2319549,123226,974,365,54942,31372,18090,225,2026-07-25 08:00:22,BV1cWgB6qEKB,20260726
惊悚冲击 - 奶奶 茜特菈莉,HauOwO-,日常,351831,34035,695,409,13831,7010,1931,161,2026-07-21 06:39:21,BV1gvK86pEgB,20260726
德国最难建的车站在哪？【神奇组织52】,小约翰可汗,人文历史,2901792,173437,11688,21534,39244,69419,6300,2291,2026-07-23 03:00:00,BV1gGgk6hEU8,20260726
当劳斯销售到宝马上班…,劳斯磊,汽车生活,320284,17867,527,629,1190,534,821,166,2026-07-24 09:34:39,BV1Uzga6wE41,20260726
199卢比自助成吉思鸡套餐，撑爆我的鳞片了,印度老吃家,美食侦探,499231,59925,722,388,4391,1079,920,106,2026-07-25 14:00:00,BV1Zx3g6sE82,20260726
恭喜13年老弟喜提12年电脑,小白DIY电脑IT小卖部,数码,541797,21795,1560,1409,2262,1577,2581,709,2026-07-23 13:07:55,BV17bg46eELn,20260726
我又幻想了，我是动漫男主，讨厌普通人的生活，只想要去冒险,枭尾鸡,搞笑,287810,13235,691,245,1885,630,1364,104,2026-07-26 02:33:49,BV1oe356vEfa,20260726
一口气看完小娇妻Verity,挽风wink,单机游戏,2666203,90426,1163,7299,90192,14991,2064,3600,2026-07-22 08:30:00,BV1UJKb6CEPN,20260726
人类最黑暗的未来，被外星人改造成各种扭曲抽象形态，所有的明天,游戏小说家,人文历史,3560447,90496,2225,964,47044,2276,1392,625,2026-07-24 10:00:00,BV1JBgY6QELV,20260726
坚决怼回去!坚决打回去! 中国驻菲律宾大使讲白了! 沈逸 三妹,新西兰三妹Summer,社科·法律·心理,133004,9131,947,1564,2232,2376,189,6006,2026-07-26 07:26:04,BV18V3j6ZEgh,20260726
冬天泡温泉，夏天就要泡冷泉！,阿星去玩了,出行,1182081,50089,89,22,68798,6084,820,334,2026-07-24 11:35:48,BV1B1gv6REFa,20260726
多动症版甄嬛传3-阖宫觐见一家亲【AI全民制作人】,泰裤辣C总,影视杂谈,1385478,39756,547,551,6561,6336,4573,206,2026-07-23 13:04:36,BV1Xogx6xE5W,20260726
旭旭宝宝争议事件：掉粉近80万，他错在哪一步？,唯一讲述者,网络游戏,1442913,45997,6421,18425,7628,5434,2757,1116,2026-07-24 10:50:55,BV1pvgv6aEaL,20260726
刚出半天就有四段天才了？！！！,叶忍菌,手机游戏,1122494,94294,1026,2250,8365,7903,3464,94,2026-07-24 10:58:57,BV14sgv6uEar,20260726
花800块买了一堆无人认领的快递，拆完帅小伙沉默了……,贤宝宝Baby,美食测评,1981097,33573,468,779,10838,3579,272,386,2026-07-25 03:10:00,BV12Dgi6gEvw,20260726
《锻刀大赛》惊现华夏斩马刀！人马俱碎 为斩而生,沫子瞪片,影视杂谈,729238,47904,1238,6667,6374,4146,493,1106,2026-07-25 03:30:08,BV1yXge6wET9,20260726
乌克兰大变天了,燕三嘤嘤嘤,人文历史,1930254,112787,7297,11746,16651,25139,1612,1142,2026-07-24 03:50:00,BV1Lugx6bEfn,20260726
你是说这条手势舞价值五位数吗,云在在子,仿妆cos,581317,59327,454,54,6399,1461,139,28,2026-07-23 08:32:19,BV1EbgQ6zEvs,20260726
“管理员我忍你很久了！”,拔总w,同人·手书,302239,25695,332,121,5460,991,2239,99,2026-07-25 10:47:48,BV1Jp3g6tE71,20260726
每晚十点固定死亡！该如何逃离这恐怖的死亡循环？！,盒子酸奶,单机游戏,2535254,80811,720,2589,54286,7129,546,1168,2026-07-24 09:30:00,BV1EBgY6QENH,20260726
融合植物561：究极陆生贪欲水草！,蓝飘飘fly,单机游戏,156166,8629,1097,967,1057,851,425,463,2026-08-01 23:00:00,BV12CGG6yEKb,20260802
臭企鹅教你在外面白嫖  【B萌应援】,陪穗看烟花,鬼畜调教,598065,84173,3724,275,21907,8103,16505,66,2026-07-30 17:18:03,BV1743h6LEsX,20260802
庆祝中国人民解放军建军99周年微视频《向百年》,央视新闻,日常,648932,93496,1869,2718,10735,19996,5571,208,2026-07-31 23:30:00,BV114Gw61E75,20260802
请查收！夏日贴贴 【绝区零生日会】,叶玲秋雨,手机游戏,346724,57302,611,404,14285,14712,1018,176,2026-07-30 12:30:00,BV1cD3i6NEsF,20260802
在一个破碎服务器的残骸下你又一次回到了这里,白蚀void,单机游戏,169908,17081,1350,1462,3904,1544,124,798,2026-08-01 11:30:00,BV1CtGV6yEq2,20260802
互联网上的富婆已经泛滥了......,铁柱大导演,日常,1060120,35958,3564,5480,4728,2625,7268,298,2026-07-30 04:22:15,BV1hD3x6WEkU,20260802
電脳殺意 (cyber_bloodlust) / Neru feat. 重音テト、音街ウナ、鏡音レン,Neru_Official,VOCALOID·UTAU,166106,41500,2838,857,21851,13468,6119,148,2026-07-31 10:00:00,BV1oQ316sEmV,20260802
一只老鼠遇到我家六只猫和一条狗，结局万万没想到啊,猫小哥i,喵星人,1329166,47608,9005,9852,5364,1528,4372,512,2026-07-28 11:00:18,BV1773B6vEZM,20260802
1.6亿Token只花9块！DeepSeek V4 Flash实测：梁圣，还是梁子？,神烦老狗,软件应用,343473,8865,2149,969,2578,876,1178,825,2026-07-31 22:21:06,BV1oLGM67EML,20260802
吸血鬼爱上“人类 ”...可谁是谁的猎物？,不爱吃榴莲的Nana,美妆护肤,716486,56790,283,44,17780,2164,394,77,2026-07-30 09:27:16,BV1oA3t6PETp,20260802
横跨18年，这或许是宝可梦史上最难获取的精灵【游戏考古】,33不是山山,单机游戏,576952,64086,1873,1886,16329,29208,1951,1515,2026-07-31 01:29:00,BV1oK3a6mEaq,20260802
爽爽爽！博德3、八旅一众3A全部新史低？！更有13块就拿下顶级IP开放世界神作！【居士的单机折扣严选8.1】,蒸汽居士,单机游戏,150674,7728,327,375,1324,639,183,642,2026-08-01 09:00:00,BV1GSG36QEeh,20260802
蔡徐坤又被“玩坏了”，《Jumpstyle》舞蹈火遍全网，几天就35亿播放,音乐Wu哥,乐评盘点,916338,18478,2309,2050,2069,521,1231,196,2026-07-28 09:09:30,BV1mg3v6kEiP,20260802
【TF家族】《2026TF家族运动会》Day2（下）,TF家族,明星综合,1252023,38869,3698,481657,23011,4128,738,7737,2026-07-30 10:30:02,BV1iE346NE1o,20260802
还有王法吗？还有法律吗？大风厂案人均违法？《人民的名义》05,一条闲木鱼,影视杂谈,297938,13859,2233,1352,3049,5908,199,1999,2026-08-01 03:05:00,BV1Z2GP66EhE,20260802
看我非洲文明施展连环妙计！【帝国时代4】,DarkCarrot,电子竞技,649985,57016,1961,2464,10489,26472,1641,1005,2026-07-31 10:44:00,BV1FiGw66ENw,20260802
《明日方舟》EP - Every Road is a Yes,明日方舟,手机游戏,328080,43225,7581,1085,9942,10790,3180,197,2026-08-01 03:00:00,BV15QGP6ME3s,20260802
最倒霉也最幸运的【新疆旅拍vlog02】,粽子淞,日常,124760,21849,321,194,4963,1692,217,794,2026-08-01 14:04:48,BV1CMGG6zEoU,20260802
这些水果全都不能吃，告诉你家老人和孩子！,万物研究所-6,三农,2216044,44055,473,306,24724,1416,4171,70,2026-07-29 08:32:18,BV1rB3C6xEoc,20260802
【TF家族练习生】《突围II破局》EP05：你的位置，决定了你有多少选择（下）,TF家族,明星综合,3189002,104215,8741,2109311,42921,12063,2927,5015,2026-07-26 11:00:00,BV1QR3E6qEAF,20260802
新宿街头惊现Papi酱《生气了》日文版，火到日本了？,樱萍Apple,日常,1957815,42672,1193,1704,4215,6842,4017,99,2026-07-29 06:35:24,BV1a53r6PEGz,20260802
你可能不认识我，但是你一定听过我做的音乐,HappyPizzaBread,搞笑,143521,30226,557,84,5676,3177,451,19,2026-08-01 14:15:15,BV17JGG6wEC4,20260802
怎么打半天破不了防啊！,全网最傻的咕嘎,日常,293764,19001,487,396,5033,4585,1180,353,2026-07-31 02:00:00,BV1hF3Y6rEqy,20260802
AI重现“救援航母”转运受困师生！,人民日报,日常,5843878,163415,881,421,88384,13825,414,181,2026-07-27 13:39:04,BV1ap3w6xEdE,20260802
【游戏耳机推荐2026】8月实测合集！头戴式耳机/入耳式游戏耳机/有线耳机/游戏耳机推荐！含游戏实战听音测试！小白选购避坑指南！建议收藏！,电光球球,日常,876881,26838,597,520,6967,5902,847,1121,2026-07-27 13:10:56,BV1dL3w6FEnw,20260802
酒精与饮品,TNT_indiedev,单机游戏,1496436,80879,1437,253,24200,4881,3761,107,2026-07-27 08:36:51,BV1qQ3F6oEYL,20260802
一直被挑衅，我真的忍不了了！！,小小小思源哎,美妆护肤,2169466,73590,3556,2678,7746,1209,2667,175,2026-07-27 07:04:22,BV1UT3c62ELm,20260802
全新开箱！我居然买到了德军的HK G28精确射手步枪？,JaegerZ999官方账号,科工机械,5149985,152339,3463,3059,70992,17729,9592,439,2026-07-27 11:53:18,BV1ry3w6gEns,20260802
当每层方块都是随机的，MC变成彩虹千层？！,小橙子姐姐解说,单机游戏,480254,22969,333,625,8396,1731,39,482,2026-08-01 06:07:16,BV1QXG36SEtm,20260802
喜欢爆客人头的便利店员工,拧不动啊真拧不动,单机游戏,49303,5824,288,928,1255,1111,61,2001,2026-08-02 04:00:00,BV1QS3U6pEz8,20260802
9800X3D卡顿、抽帧排查实录：帧数很高，游戏为什么还是卡？,51972,数码,342259,20239,5502,2878,7919,16365,3880,1463,2026-07-31 06:36:42,BV189GF6JE5e,20260802
【车的发布会】MG07 化身年轻人的第一台轿跑，牙膏挤爆卷到没朋友,车的发布会官方,新能源车,496741,3502,630,286,1289,1223,765,335,2026-08-01 03:00:00,BV1zfGA6CE6V,20260802
啥  博  弈  ？ ？ ？,蛋水饿,搞笑,214386,11820,341,449,1960,1120,288,262,2026-08-01 04:00:00,BV1yhGP6DEDJ,20260802
快来听听早上叫你起床的是哪位？请问噪鹃可曾给短视频录过bgm,快看,亲子,2044989,140351,179,0,44729,4107,6320,59,2026-07-30 03:19:47,BV1i63x6cE9b,20260802
Papi酱《生气了》日语版，70年代昭和演歌风格（重新填词）,梨茗子,MV,1912132,46131,1042,560,10312,4639,7344,215,2026-07-27 10:18:41,BV1KDgf6zEtP,20260802
【TF家族】《2026TF家族运动会》Day1（下）,TF家族,明星综合,2351795,62806,7137,651804,38521,6831,1538,7086,2026-07-29 10:02:32,BV1mt3C6AE3n,20260802
“我说寒山别哭，我带你出”|《游山恋Dj0.8X》,音乐收藏峰,音乐综合,678917,86669,2043,631,8386,4473,499,224,2026-07-30 14:09:00,BV1KC3b6dEF5,20260802
最喜欢薇薇安了,egg2588,仿妆cos,346751,75571,1150,88,21471,1360,669,19,2026-08-01 07:39:32,BV1icG36sE21,20260802
揭秘中国普通话最标准的地方，不是北京，竟是个村子？,YuncoJoey,出行,290459,8611,1170,1249,2785,1690,412,705,2026-07-31 09:00:00,BV1Qk3y6rE2Z,20260802
【直到大地变成一颗酸橙】TO-1至TO-9一摆到底合集版 摆完挂机 简单好抄,萧然Q,手机游戏,279125,14054,601,198,2637,12140,310,1207,2026-08-01 06:31:18,BV12pG36gEFr,20260802
我开源了一只MC猫娘，并带她挑战全球排名第一的AI！【B站AI创造公开赛】,W博士与AI猫娘,综合,74217,16378,254,556,3828,1156,171,1158,2026-08-02 01:30:00,BV1BRGg6bEqy,20260802
卢本伟的打牌日记1|输了有惩罚之骨头咔嗒响,三国百将牌,桌游棋牌,1863555,28646,1248,885,4786,9564,12128,635,2026-07-29 02:55:00,BV1G23q6dEEc,20260802
格教练点评【花小龙】,CoachGreg格教练,健身,1282828,32484,3353,1548,5678,2567,629,958,2026-07-29 03:31:11,BV18C3k6PEPt,20260802
黑塔PV里的数学公式，居然真的能推导出来？它们竟然和曼德博集合有关系！,崩铁牛奶,配音,238205,26700,547,167,4898,1045,1388,285,2026-07-30 20:02:09,BV1o2386kErP,20260802
不能忘记的东西....,急救猫_-,手机游戏,105978,16429,430,155,4677,2474,333,275,2026-08-01 04:40:55,BV1zDGM6WEBk,20260802
找到了人类进化的原因……,鹤吱菌,搞笑,136447,7668,235,393,1032,778,158,210,2026-08-01 04:06:49,BV164Gu6fEfo,20260802
你的止痛药吵到我了知不知道  【三角洲自制动画】,WINILOP,MMD·3D,1350465,151413,3014,487,29601,12190,3451,107,2026-07-30 09:10:23,BV1wQ346kEuY,20260802
《小半》校园合唱｜“我别无所求，只想被阳光晒透”,两棵枣树-游梨,演奏,98559,15536,884,156,2326,1552,227,182,2026-07-30 04:25:34,BV1TL3x6EENb,20260802
当小白体育生第一次跑速耐,刘宇沉淀哥,运动文化,3783054,118907,1303,673,3709,1334,576,91,2026-07-29 09:48:46,BV1nb326FEbn,20260802
体验魏晋南北朝平民的一日饮食,不锈钢猩猩,人文历史,362532,16037,1192,1974,5352,8036,571,1381,2026-07-31 03:20:00,BV1z63862ERk,20260802
带猫去格鲁吉亚蜜月旅行vlog,海棠_HaiTang-,出行,474714,65491,631,762,8113,6103,1800,513,2026-07-30 12:24:50,BV1CQ3b6nEpY,20260802
【FGO棉被】EX戴冠战速刷必看！ 冠位系统、周回奖励、卡池抽取建议 助战避坑全解析,叫我棉被,手机游戏,324670,6430,3159,621,2588,2393,408,1825,2026-08-01 07:42:48,BV1icG36sEYq,20260802
我们是相亲认识的……,ENX叉叉酱,同人·手书,745420,98759,3842,335,7427,1427,1320,73,2026-07-31 11:00:00,BV1hiGA6bEAN,20260802
在出现巨大石墙的洞穴里捡到四个大学生,鸽子户外探险,出行,825326,69808,1745,1234,6787,997,1285,276,2026-07-30 09:07:09,BV1F93463EwD,20260802
太好了！捡到爵士豪猫了！,短腿小拖宝,喵星人,3980036,319538,7625,1415,42564,3595,20546,37,2026-07-30 01:58:02,BV1P73W6uEig,20260802
《蜘蛛侠:崭新之日》解析！彼得为何需要她才能完成蜕变！,大聪看电影,影视杂谈,1287553,38935,3990,2159,5817,2986,1437,1045,2026-07-30 09:56:05,BV1BF3t6TEaG,20260802
【TF家族练习生】《异常加载中》 MV预告,TF家族,明星综合,575970,34470,2295,24723,7414,2243,2167,22,2026-08-01 12:00:00,BV1hGGV6RE29,20260802
你以为做不完我能放你退休？,迂磨二公子,搞笑,250359,25100,782,174,1124,1710,113,159,2026-08-01 10:21:55,BV14nGV6EE9b,20260802
越狱成功！！好久没有这么幸福的吃饭了！！,大祥哥来了,美食测评,158758,8619,325,364,990,1417,115,587,2026-08-01 10:00:00,BV19Q3z6cEn1,20260802
吃不了压力之人每天都在吃压力,派小轩,小剧场,2566719,64421,499,175,1919,892,434,80,2026-07-30 08:19:31,BV1P43t6UEZn,20260802
3个日本UP东京面基！全程唠嗑收不住！节目拉满！,平平出击,美食侦探,217476,11602,346,347,1612,1885,139,645,2026-08-01 10:51:36,BV1CYGV63E3c,20260802
带法拉利车主跑外卖,基崽jiz,日常,632238,64560,550,500,4289,1964,173,488,2026-07-29 10:05:00,BV1zBgY6QEVD,20260802
5年前的粉丝快递开箱！我的粉丝难不成都是天才？！,GM的秘密基地,手工,213644,9780,237,327,1934,523,34,386,2026-08-01 11:03:47,BV1zfGG6eEPJ,20260802
人们永远在寻找下一个靶子,蒜偷小狗八,同人·手书,353856,42115,1590,991,6075,2669,410,144,2026-07-31 10:03:20,BV1tnGw6DEZw,20260802
【时代少年团】「米爆探班日记」EP05,时代少年团,明星综合,205716,14783,437,26082,3530,3040,201,1032,2026-08-01 10:00:00,BV1y1Gg6vEM5,20260802
《采访成功人士》这期很有教育意义～,iBook_,搞笑,2369830,172189,1690,435,35315,2400,4895,40,2026-07-29 04:44:49,BV1Zb3y6HEGk,20260802
极限状态下拼凑出来的合金弹头4，竟然隐藏了这么多秘密！,老孙聊游戏,单机游戏,129296,7040,138,396,1452,1369,42,862,2026-08-01 11:17:16,BV16XGG6BEDN,20260802
差点以为这一仗打赢了,销冠李老板,日常,173122,39210,1376,162,904,4474,101,111,2026-08-01 09:18:55,BV1yyGg6TEXD,20260802
把文字还给它本来的意思！,小万姑娘呀,人文历史,170781,21306,1537,464,2759,5834,545,208,2026-07-31 09:45:18,BV1QdGw6dENV,20260802
欧盟打算同时对抗中美,燕三嘤嘤嘤,人文历史,3202204,162628,7685,16324,24552,35134,4885,1132,2026-07-29 03:50:00,BV1Ja3q6KENJ,20260802
卷王教主VS松弛大爷，刘旸“倒反天罡”教于谦做播客？【多新鲜呐ep26｜于谦的视频播客】,于谦,日常,820316,31540,1444,2865,8253,12286,1119,3334,2026-07-30 09:00:00,BV1kB3F6iE7L,20260802
纯绿玩,苏醒游戏解说,网络游戏,1308129,61977,707,896,3292,582,269,159,2026-07-30 08:57:24,BV1pU346yEpN,20260802
来杯好酒摇一摇,云南交警,日常,5082936,638171,22387,22651,110904,70285,68358,43,2026-07-27 10:26:57,BV1s9gf6qE8t,20260802
九万是大王又怎么样呢？,格雷小姐姐,喵星人,625438,55890,12071,2207,2715,2138,699,122,2026-07-30 09:28:01,BV1LA3t6NE9n,20260802
生米们 看得爽吗？,_张天琪,日常,2124259,105016,2979,5892,35506,18773,1897,569,2026-07-29 11:12:47,BV15Z316nEsR,20260802
采访辱骂者本人,韩路有点意思,日常,167428,5228,1346,1676,916,1239,587,1003,2026-08-01 07:17:31,BV1JYG36YEif,20260802
从末地520W格距离飞回主岛？,振羽Xlb-,单机游戏,287073,42892,683,1710,4631,3414,177,463,2026-07-31 01:01:45,BV1co3h6REbE,20260802
被全网投诉下架的发声玩具到底得罪了谁？来一探究竟看看这玩具到底有什么魔力？,三星汽车官方,日常,623683,17880,1339,808,1442,760,2309,186,2026-07-29 23:39:00,BV1bW3n6qEvr,20260802
【完整版】人民军队大片《制胜》第一集《战旗所向》,央视新闻,日常,607635,50166,1220,2387,12641,16139,4988,1441,2026-07-30 12:00:00,BV1Tn3t6XET8,20260802
做出这个忍者的策划可以直接隐退了 火影正式进入4斤牛肉时代！,薛晓琦不姓薛,手机游戏,353693,14595,1590,244,1398,749,986,218,2026-07-31 13:23:46,BV1bWGP64EMq,20260802
把兄弟的奶茶换成西梅汁！再把他家的马桶用保鲜膜封起来！没想到他直接当着我面绷不住了,骚拳超人,日常,253091,11705,518,722,1579,4877,1484,490,2026-08-01 09:00:00,BV1NZGu6BEZb,20260802
抵抗者2026实机演示,浩汤科技,单机游戏,10025630,247324,17228,4818,84011,113671,37423,187,2026-07-30 03:00:00,BV1rW326hEKe,20260802
收租后，发现租户是同班双胞胎【09】,圆桌动漫,同人·手书,63892,11044,649,2456,3765,5796,163,764,2026-08-02 02:00:00,BV1wgGG6MEoM,20260802
带台湾来的同学，体验上海物价的爆炸差距,闪光的康康,搞笑,325302,8698,764,1379,1822,2128,436,1129,2026-07-31 09:00:00,BV1y33h6xEi5,20260802
咱们三角洲自己的 成吉斯鸡小哥！想吃什么自己打！,地球军亡牌总帅镭,网络游戏,1461009,102292,1536,162,12901,1204,5978,53,2026-07-31 11:00:00,BV1e13t6vEka,20260802
一个人清理海浪冲上来的垃圾有人夸吗,哥们马喽,日常,1973285,635134,3888,7134,63668,299052,1544,125,2026-07-27 03:00:00,BV19m3j6vE1S,20260802
别死啊！归骰！！！😭,我没魔芋爽,日常,440109,48810,1601,883,9546,1341,7590,61,2026-08-01 10:00:00,BV1TBGg63ED8,20260802
感觉生活压力大时不妨想想这群穿刺手,JP是只熊,手机游戏,238284,18984,710,171,2498,672,6681,73,2026-08-01 10:01:13,BV1s4GV6LEMh,20260802
陈翔六点半：一段不算爱情的爱情,陈翔六点半,小剧场,757222,15150,1159,916,2890,1813,462,316,2026-08-01 10:37:59,BV1ChGV6kEaE,20260802
杂胡书记VS鲜卑兵王，五胡初期的北境天命之战,渤海小吏,人文历史,369223,18074,710,2187,5967,8436,331,3546,2026-08-01 03:00:00,BV1Ew386CE4w,20260802
等了两年的房子终于盖完了，居然没延期，真令人惊讶,挪威老王,出行,607971,49072,713,242,1736,2994,160,140,2026-07-31 11:13:35,BV1WGGN6XEdy,20260802
挑战从上海走回深圳，把手机弄丢了啊啊啊！,拉宏桑,日常,800157,53835,1267,3382,3568,8495,1281,712,2026-07-31 10:07:29,BV1TWGw6UE4Q,20260802
混乱假日【绝区零生日会】,WildKoko木可,手机游戏,189775,15101,86,103,2662,1978,154,168,2026-07-30 12:30:00,BV1pY3z6VEwi,20260802
『在水晶门口cos防御塔的二人』,太尉c-中韩第一阿克尚,网络游戏,461130,29211,673,270,2492,1290,4087,47,2026-08-01 04:00:00,BV1pT346kEyy,20260802
我做了一个AI小岛，让米哈游角色自己生活...【B站AI创造公开赛】,兔崽子你真的完蛋了,单机游戏,142030,13696,457,504,4279,4097,339,245,2026-08-01 10:30:00,BV1q4GN6VEBq,20260802
馬來西亞“最貴”肉骨茶，19馬幣vs 234馬幣，10多倍差價差在哪？,丹牛食走起,美食侦探,265870,7748,483,714,1886,1394,675,866,2026-08-01 03:00:00,BV1vg3n6jEAD,20260802
胳膊有点死了,甜叔环球吸猫记,喵星人,2470154,217169,3844,621,21522,1419,3527,29,2026-07-30 14:24:01,BV1GY3b6YEvp,20260802
叽里呱啦唱什么呢🤨🤨🤨,Go1denApple,单机游戏,2682510,164927,1545,292,20836,1322,4476,37,2026-07-28 15:18:58,BV1g93z6fEgj,20260802
《家长会危机》,芮予猪猪,日常,373859,51734,453,264,6789,1670,311,128,2026-07-31 09:00:00,BV1sG3y6AEf8,20260802
脱 下 长 衫 的 孔 乙 刁 ！,导演小策,搞笑,358931,20956,971,870,4066,10182,1065,688,2026-07-31 12:35:59,BV1vSGP6BELZ,20260802
侦探大人，不是说好正经查案吗.....【泛式】,泛式,手机游戏,3189409,180633,4011,2926,41008,6717,5761,702,2026-07-28 10:05:00,BV1JT3i6eE95,20260802
珊比 VS 方舟精英BOSS，勇敢的短耳朵！【明日方舟】,-碱式碳酸咸鱼-,手机游戏,260980,11183,1847,387,761,556,413,433,2026-08-01 12:53:09,BV1CSGG66ERc,20260802
我不是美女律师，更不是网红律师，我是冯予希律师。,183的冯予希律师,社科·法律·心理,506839,37059,2809,2336,1599,912,251,336,2026-07-31 10:16:00,BV1V8GA6YE5v,20260802
当战双玩家学会了剪辑,不吃鱼的祥,手机游戏,231579,35739,817,231,4841,3218,1784,48,2026-07-31 11:12:59,BV1r7GN6JEDY,20260802
《英雄联盟是个团队游戏》,三桥qzg,网络游戏,1131088,56606,2310,2079,4874,37540,1624,1036,2026-07-30 14:05:44,BV1Mz3b6bEu6,20260802
【TF家族练习生】《突围II破局》EP05：加更,TF家族,明星综合,2096659,70492,4252,964467,30647,7619,1545,2946,2026-07-29 11:00:00,BV1ts3C6NEke,20260802
当我在荷兰弟面前用唢呐吹蜘蛛侠主题曲【蛛联B合】,浑元Rysn,仿妆cos,1497664,82989,1898,1059,15106,4500,2648,238,2026-07-28 12:00:00,BV1hy3Y6rE44,20260802
"表面清纯女高,实则心机girl！",川烈,日常,2025801,60715,3533,3727,19248,5702,2627,734,2026-07-30 13:11:48,BV16f3b61Ew7,20260802
约会 MikuDays【B萌应援】,溪欧Siou,MMD·3D,121828,20973,477,179,11506,3584,695,126,2026-07-31 06:00:00,BV1jrGF6bE8J,20260802
柯洁回应再夺中国围棋王中王赛冠军,新华社,日常,1376933,125624,4313,1014,3021,997,3408,19,2026-07-31 08:31:48,BV1njGA6GEGY,20260802
哈基蜂与无名蛇,圆蛤菌,单机游戏,2413837,65158,914,679,35314,2221,918,168,2026-07-29 06:00:00,BV1rRge6fErv,20260802
《这一秒过火》：下一秒上火，狗血剧是什么门槛很低的东西吗？,话很多的小姐姐们,影视杂谈,293242,12788,1017,4143,1743,2863,1246,1054,2026-08-01 03:00:00,BV1WGGN6XELV,20260802
如何绷住（2）,警探小蓝丶,单机游戏,144156,15361,845,1492,4227,827,863,265,2026-08-01 09:45:59,BV1xsGV62E55,20260802
唱了《炉心融解》并用自己的头发cos了镜音铃！【bilibilionly】,鹿火CAVY,日常,33958,6941,125,35,1171,776,71,78,2026-08-02 04:00:00,BV1E6gY6nEhS,20260802
你小时候离家出走:      【B萌应援】,王月目儿草,单机游戏,311342,29672,399,105,3573,2565,598,31,2026-08-01 03:31:00,BV1tLGu6TEK9,20260802
罪途同行-Guilt Bound Allies【绝区零生日会】,哦呼w,鬼畜调教,560092,73038,545,172,16427,19436,1900,172,2026-07-30 12:30:00,BV12n3q6CEMc,20260802
MC的某些附魔属性究竟有多少冷知识？！！,-恒某人-,单机游戏,334776,23626,587,686,4740,619,304,338,2026-08-01 02:00:00,BV19oGK6rELx,20260802
为什么小鸡洗完澡都有股怪味…,26鲨鱼,绘画,164229,22088,512,46,4172,746,875,32,2026-08-01 04:45:56,BV1DKGu6VEz5,20260802
别点进来！！！,大福咕咕,动漫杂谈,1441717,87572,5186,5276,17065,8005,3215,414,2026-07-30 04:00:00,BV1U4316rE21,20260802
【本家投稿】ワンダー / r-906 feat. 初音ミク,r-906_arukuremu,VOCALOID·UTAU,445370,92726,3860,2781,51392,28818,9051,198,2026-07-30 11:12:41,BV1xF3467Etw,20260802
这可能是全网最酷的乐高蝙蝠车,Upspeed盛嘉成,赛车,988892,37512,647,2603,8145,8489,2776,865,2026-07-31 10:05:00,BV1bzGA64EhK,20260802
【苏新皓𝗣𝗼𝘄𝗲𝗿】𝗧𝘄𝗼 𝗱𝗮𝘆𝘀 𝟭𝟮机位𝗙𝗼𝗰𝘂𝘀 𝗺𝗶𝘅𝗲𝗱 𝗰𝘂𝘁,Sisu-Crown苏新皓,娱乐粉丝创作,72075,9256,155190,126678,7752,9036,9481,274,2026-08-01 10:51:31,BV1EzGV6TEdh,20260802
几十块就能买到的世界顶级产品,侃谱斯基,日常,1010013,35971,2890,1726,63343,4631,2449,185,2026-07-27 11:20:00,BV1M2gf6GELY,20260802
侦探：不收徒,呵纹Hevon,同人·手书,256307,24250,316,652,4180,2140,282,158,2026-08-01 11:03:59,BV1AhGV6CEbq,20260802
仲树对话诺兰《奥德赛》震撼发布！,仲树,预告·资讯,175070,5950,525,252,4459,2689,1666,1058,2026-07-31 15:43:58,BV1vdGK6GEQE,20260802
奶奶你关注的两个up主又合体了,还有地虎侠n,街舞,1695205,137332,1280,212,22032,12316,2628,69,2026-07-30 09:23:03,BV1P13462EG4,20260802
【一轮复习】绝对值的数形结合与零点综合！,一数,校园学习,125682,19765,745,468,3315,1099,320,2778,2026-08-01 13:38:44,BV1KPGG6GEEN,20260802
货车夫妻用餐时因突降大雨匆忙离去，没注意到饭钱未付成功。13天后赶回店里专程支付27元,人民日报,日常,1862876,81899,640,41,879,603,121,25,2026-07-31 04:40:44,BV1NPGc6CE5z,20260802
我的世界硬核生存！【缆车末日惊变100天】 p2 极寒末日来临我该怎样生存下去？！,Q弹的果冻c,单机游戏,1727175,49878,315,1740,45402,7803,469,1162,2026-07-30 04:37:28,BV1DK3x6WEXa,20260802
家里又多了5只小狗，大黄一大早跑来报喜！,大黄是只狗,汪星人,391968,9157,209,179,4531,841,47,183,2026-08-01 10:19:05,BV1tnGV6JEcb,20260802
禁止宣扬邪教迷信，禁止宣扬拜金主义奢靡之风，微短剧新规9月1日施行！业内人士:动辄出手上亿的霸总或将消失,红星视频,热点,628915,49127,1750,1225,3416,712,3440,38,2026-07-31 13:55:10,BV1rqGP62ENy,20260802
乌鲁鲁的巡飞弹旅游指南,原味鸡爱堵桥,网络游戏,3022408,101956,711,612,27505,7898,1261,128,2026-07-27 07:08:02,BV18K3c67ERt,20260802
凑 企 鹅 大 狗 叫,真栗,日常,519574,57683,961,354,4808,1872,1512,29,2026-08-01 10:50:05,BV1kYGV63Ezz,20260802
这么大的土地庙，看来这boss的建筑水平在我之下【更好的MC】,磊哥游戏,单机游戏,530503,52066,1104,1139,3093,4166,487,334,2026-08-01 01:00:00,BV19fGK6gEVv,20260802
死亡到来，我们相爱。【十级学者详解武林外传44】,一岸舟,影视剪辑,228759,9861,887,3019,1976,4227,158,2939,2026-08-01 03:30:00,BV1DjGw6pEG6,20260802
我说孩童啃棒骨，百日则肥白，肉蛋奶tv的家人们都支持吧？呦呦说再也不喝米油了（彩蛋）,一个被磨平的90后,亲子,125482,11134,595,191,564,1324,112,203,2026-08-01 09:30:00,BV1vmGw6AERJ,20260802
“生命并非如蝶翼般易折”,三户人插画,绘画,326431,80647,413,86,12233,2280,863,22,2026-07-31 10:00:32,BV1sxGw67Es2,20260802
哈佛教授大战中餐馆：因为4美元，丢了百万终身教职｜一场口水仗，美媒一边倒；先斗四川菜馆，再斗哈佛大学 ｜ Wayne调查,Wayne调查,人文历史,592659,10806,3038,5707,4845,757,587,1267,2026-07-31 03:00:00,BV1uT3265Ekb,20260802
大爷30支枪+1万发弹药对抗银行没收房产，警员开装甲车碾压3次为同事报仇！,爱看热闹的大鹏,日常,1068021,52587,2000,7270,9932,2364,1953,788,2026-07-30 09:30:00,BV1puge6hEDe,20260802
今天磨紫金色两根墨条写悬浮字《沁园春·雪》,王小白爱写字,手工,139568,15301,674,1271,1606,639,376,129,2026-07-31 06:34:07,BV13vGA6FE7v,20260802
王者荣耀版谁是内鬼！,清酒好可怜,电子竞技,185372,12178,217,546,1496,1090,106,757,2026-08-01 09:30:00,BV1t5G361EyC,20260802
自制八月最强纯爱番,窗边の小羽子,日常,2839842,147723,3290,1684,26987,7426,6127,248,2026-07-28 10:58:37,BV1dJ3B6AEST,20260802
人生的容错率，比你想的高很多【人生70年】#1,看见Real,日常,137761,4747,988,833,6076,1674,707,1813,2026-07-31 11:57:31,BV1irGF6tEvz,20260802
“爆发红眼病毒后公司乱成一锅粥了，赶紧趁热把boss丢下楼！！！”,朕好饿啊,影视剪辑,2706754,82990,1572,1053,38052,13126,5049,898,2026-07-27 10:00:00,BV1sV3c6kESb,20260802
循环歌单|“【趣味英语の小曲】【AGUDO MAGKLCO】”,无忧_Carefree,音乐综合,2313798,80058,274,439,62399,2061,619,2460,2026-07-30 08:00:00,BV1ks3x63E5h,20260802
【本家投稿】QUIET / MIMI feat. 重音テトSV ＆ 可不 ＆ 雨衣,MIMI_music,VOCALOID·UTAU,46264,15783,640,420,9566,5020,1395,149,2026-08-01 11:57:39,BV1euGV6ZEmz,20260802
【尺八人夫】什么是路飞？致每一个爱着太阳的你【B萌应援】,尺八人夫,演奏,67616,4597,791,728,1416,3283,501,1115,2026-08-01 15:27:06,BV1Vw3U6xEXF,20260802
狗熊岭之王，今天cos一个优雅的吉吉国王！,牛战士历险记本人,手工,529047,54283,2356,347,6280,1415,7044,24,2026-07-31 10:37:36,BV1zBGw6MESo,20260802
【直到大地变成一颗酸橙】TO-1至TO-9 摆完挂机 简单好抄,萧然Q,手机游戏,774458,15316,1259,401,3454,11432,347,1396,2026-08-01 04:23:37,BV1qoGM6nEcq,20260802
什么东西在天上飞的？？？,大炒面制造者Cen,单机游戏,413324,39560,786,4282,8393,13589,200,1165,2026-08-01 00:00:00,BV1PZ3c6kEPB,20260802
鬼畜电影：郝哥的传奇人生,LuminaSymph,鬼畜剧场,56635,3164,208,253,1063,1644,204,927,2026-08-01 03:53:02,BV1wTGg6aEop,20260802
“爷爷的陪伴，是将我带出深渊的唯一方式，爷爷最无私的爱”,空山心雨a,乐评盘点,1180673,27139,334,349,24895,986,75,2231,2026-07-31 08:22:18,BV17xGA6KETs,20260802
孟婆也会退休？AI短片《小孟来了》丨一万个平行宇宙,艺类分子,影视剪辑,2648961,145055,2668,3298,37699,20209,7166,386,2026-07-27 04:00:00,BV1grgf61Ejx,20260802
《Shy 之 勇 者》,聒噪的山海君,电子竞技,612526,30168,1521,4168,2579,5444,3173,343,2026-07-31 15:10:35,BV13jGP6wEZA,20260802
【微电影】星河外卖员: 卡皮不在天津四,最后讲述者,鬼畜剧场,179536,18576,723,1173,2723,7819,867,484,2026-08-01 05:06:34,BV1aPGu6yEjD,20260802
伪人丁亮看完这集至少9178天没敢上夜班（第四集）,叫我呱唧君,特摄,3691505,89932,465,729,86074,6443,1603,266,2026-07-30 05:29:19,BV1KH3x65EAE,20260802
【完整版】人民军队大片《制胜》第三集《挺进深蓝》,央视新闻,日常,226537,19027,571,1235,3446,3330,956,1501,2026-08-01 12:00:00,BV1SvGg6GEuM,20260802
老板开车48个小时从四川请来的大厨月薪1万块，到店就把砸锅了,谭厨美食,美食制作,4184678,120324,9035,2093,8007,1403,1403,220,2026-07-26 13:48:19,BV1ozg96rEGx,20260802
【影Sir】伊藤润二改编！富江、双一、蛞蝓少女，齐聚恐怖复读班，悬疑惊悚台剧《聪明镇》,我是影Sir,影视杂谈,57135,3919,221,456,1093,951,129,1812,2026-08-02 02:00:00,BV1qfGG6eEDw,20260802
《外 卖 逆 天 评 价》4,铃乃Chan,配音,2051547,90877,495,151,6213,681,1077,49,2026-07-31 09:20:00,BV1xM3h6tENc,20260802
我刚走两天，小超人也干不下去了,操机王,音乐教学,1503514,93485,1577,1233,7568,2444,1051,773,2026-07-29 06:09:02,BV1cW3y6REpD,20260802
《绝区零》蕾米埃尔EP | Two to Tango 交缠舞步,绝区零,手机游戏,3578607,226225,28160,11724,81338,143741,33590,1000,2026-07-27 04:00:00,BV1jhgf6pEJw,20260802
我和我的兄弟一起刷视频 但他的手机没电了：,凉凉凉Official,亲子,1020116,139031,7313,2858,18610,1649,6645,17,2026-07-30 03:34:39,BV1ze3x6NE86,20260802
德国企业给国人建的单人宿舍6,德国工地卷王平哥,日常,190117,11909,1738,764,3027,794,2366,141,2026-07-30 19:15:15,BV1i1386VEtk,20260802
【爆肝】10万+乐高积木，从零搭建史上最大MC世界。【游戏之外】,史蒂猪StevenPig,单机游戏,567020,31987,258,1112,4497,4845,311,320,2026-07-30 07:17:56,BV15j3s6ZEZL,20260802
泉…泉奈？！！,晓贪猫,日常,170509,20751,979,285,8050,1459,557,82,2026-08-01 12:18:15,BV1gqGG6SEMC,20260802
原神7.0抽卡推荐和新的自选命座推荐,龙四爷攻略组,手机游戏,118922,8095,1204,1110,952,3805,183,1085,2026-08-01 14:07:10,BV1JjGG6PEY2,20260802
法老的诅咒：一场殖民者写给世界的爽文,大圆镜科普,科学科普,5125155,222428,1988,2156,28868,11655,3638,460,2026-07-27 09:47:51,BV1mt3F6VE7K,20260802
起 飞 大 对 决,卑鄙的南瓜骨头,鬼畜剧场,636344,49496,546,363,4528,737,1829,97,2026-07-30 09:10:00,BV1f93s6aExh,20260802
【审稿编辑吐槽网文投稿】后室电影下一部让我群里写手来当编剧,一棵一棵,搞笑,341311,28531,1992,4576,6085,3687,1496,1019,2026-07-31 11:31:55,BV1y4Gw61E34,20260802
在三星堆，你能活几集？,星球研究所,人文历史,571563,31577,1142,1498,10590,9219,2275,637,2026-07-31 03:04:24,BV1gYGc6XEE3,20260802
古法…3D动画？,杨小谬,绘画,55862,17441,243,25,3253,3296,175,25,2026-08-01 12:58:06,BV1KkGG6jEBT,20260802
“秀秀无敌腰上滚伞”,紫颜-小仙紫,日常,163945,20862,333,81,3415,1466,225,29,2026-08-01 10:57:16,BV1qcGV6AEu6,20260802
咸鱼之王爆氪一个月直接通关，顶氪关羽太强了,老芒果OL,网络游戏,194310,10913,258,213,766,3755,141,519,2026-08-01 04:05:00,BV1CGGN6XEDT,20260802
可是她叫我同志诶｜“同志你好，欢迎来到未来”,o小庄o,仿妆cos,570638,22068,225,131,3809,4152,837,254,2026-07-30 09:00:00,BV1u73t6REno,20260802
各地血库告急，为何公众反感无偿献血？,我捞捞捞,影视杂谈,947188,12360,3212,684,4144,755,233,1532,2026-07-30 03:16:35,BV1GdKk64E7R,20260802
广西人吃到美食belike：,烛不遥,综合,3552338,285634,10805,11020,38862,8456,24783,39,2026-07-28 14:42:25,BV1dZ3i6bEyA,20260802
【明日方舟】夏活“直到大地变成一颗酸橙”TO-1~9摆完挂机全关卡攻略！操作轻松+语音详解的愉悦攻略！《明日方舟》|魔法Zc目录,魔法Zc目录,手机游戏,234588,12993,1222,359,1752,4147,308,1290,2026-08-01 05:09:48,BV1YAGu6LEci,20260802
哥哥起诉弟弟“借名买房不过户” 弟弟举报哥哥“冒充自己上大学”,闪电新闻,社会,2490560,95373,2709,483,4494,610,5398,59,2026-07-30 14:27:18,BV1aY3b6YEi2,20260802
【HP】聆听吧汤姆，这是霍格沃茨献给你的镇魂曲！|《死亡圣器》原著细节盘点【哈利波特十级学者】,唱唱反调呗,影视杂谈,207605,16778,819,3126,4881,10482,355,2475,2026-07-31 12:00:00,BV18dGw6dEzi,20260802
基需慢慢哈，心急则气散,林芷伊kiwi,仿妆cos,2971882,367473,5226,6711,44781,19875,24368,43,2026-07-28 12:09:22,BV1uX3q6QEmg,20260802
兄弟几个演的都能获奖了！,校校马上火了,小剧场,3289473,124321,614,311,10525,805,729,126,2026-07-27 05:17:23,BV1vSgZ6nEqx,20260802
兄弟们，刚哥的烤肠上线了，今天带大家检验一下刚哥黑猪烤肠的生产流程，让大家每一口都吃得放心！,李维刚的日常,美食侦探,3020784,215105,9487,1763,13948,13650,5367,190,2026-07-28 09:49:17,BV16t3v6cE85,20260802
这期要素太多标题还是拜托大家了！,胡胡不胡o,日常,1054715,26999,522,411,5679,1306,150,625,2026-07-30 14:59:33,BV1bd3t6ZEqb,20260802
为什么我20岁以后，再也不玩游戏了,邵艾伦Alan,设计·创意,40600,1738,836,267,935,884,169,1217,2026-08-02 01:58:32,BV1Kp3D6SEwp,20260802
【蓝牙耳机推荐】2026年8月精选！百元耳机/通勤降噪/HiFi音质全都有！全实测听感，学生党通勤党必看，建议收藏备用！,硬核毫安,动物二创,347846,11242,168,487,3088,2615,471,1243,2026-07-30 08:52:36,BV1tn3t6XEgs,20260802
真吃熏鸡架拌巧克力啊！！！！！,喵小乐是喵喵,配音,358965,25824,927,446,5934,1648,1576,107,2026-07-31 11:10:41,BV1W7GN6nEFR,20260802
红石军械4.0，即将上线,红石公司,单机游戏,154846,12838,3215,836,5340,1566,2227,150,2026-07-31 17:01:54,BV1gHGK6iEr1,20260802
两小儿辩日（还挺好看）,花盆儿儿儿,同人·手书,132803,23077,283,128,8609,918,631,101,2026-08-01 04:00:42,BV1sJGu6eEzk,20260802
水岸猫部落已具雏形，它们也有自己的新餐厅啦。,五月妈院儿里的小流浪,喵星人,243897,31623,498,479,2762,6445,241,288,2026-07-31 09:54:21,BV1mpGw6EEs4,20260802
无比血腥的禁书,不嘚瑟都掉毛,社科·法律·心理,431420,20045,136,439,4301,1910,522,1648,2026-07-29 12:43:58,BV1293y6PEDh,20260802
《桃李满大坝》,三角洲-安澜,网络游戏,953911,53891,1965,759,7242,1206,1360,185,2026-07-31 01:15:00,BV11A346LE4E,20260802
融 合 读 评 论 2,蓝飘飘fly,单机游戏,302295,25969,1815,7699,5441,5971,643,1774,2026-07-31 23:00:00,BV1XnGK6KEpq,20260802
众生欢笑不已,GTI火箭兵鲁鲁鸟,网络游戏,1249686,66531,689,507,8179,1000,2474,231,2026-07-29 05:48:05,BV1AL3y6cEoR,20260802
八一建军节，铁血铸军魂，愿国泰民安，向军人致敬,爱摆牌的龙龙1代摆,手工,68773,15266,110,362,1601,6253,103,147,2026-07-31 09:39:26,BV13XGw6fEBG,20260802
🐬不用坐班的好事竟然轮到我了🐬,哈鸡堡,影视剪辑,161727,20452,292,92,4430,1281,202,116,2026-08-01 02:24:38,BV1KoGu6uEDp,20260802
东北物价确实低，但真没想到会低到这个程度#日常vlog,演员王宁,美食记录,335028,28911,1759,954,4581,1205,2854,409,2026-07-31 08:30:00,BV1Tp3t6HEEa,20260802
苦的怀疑人生了！,豌豌籽,美食记录,69700,5929,227,407,972,1973,89,191,2026-07-31 12:40:18,BV1q1GP63Er5,20260802
宗主的天阶功法我已将将入门,反白飘艺术家,舞蹈综合,1765861,70209,1200,263,2753,5245,811,27,2026-07-31 07:56:14,BV1sNGA6SEfm,20260802
人类本身就是奇迹,朋友圈旅行日记,软件应用,1991871,111421,4465,292,20808,3287,880,18,2026-07-29 12:08:43,BV1u83166E4a,20260802
答应你们的cos贝利亚…,egg2588,仿妆cos,1174566,156737,4792,408,18667,26622,9003,13,2026-07-30 04:43:12,BV1Qu3x6HEGB,20260802
把经典毁成赛博垃圾！逆大天的父与子3D【周余】,不知所措的周余,动漫杂谈,156759,9567,630,913,2370,1090,190,374,2026-08-01 09:53:46,BV12WGV67EF5,20260802
新老师班级发奖品，引起领导不满,脱缰凯Kk,小剧场,1163644,100702,2749,3680,9586,3549,723,319,2026-07-30 09:24:02,BV1pm346LEH8,20260802
真相，给我编好了呀！,吟游诗人AT,综合,304514,26007,452,2468,4794,2242,1457,812,2026-07-31 09:30:00,BV12TGA6EEGA,20260802
宗主第二招🚬,永雏塔菲,MMD·3D,249073,36006,1115,159,2664,2421,2500,22,2026-08-01 07:48:10,BV16QGg6hE89,20260802
当你旅游总是碰到用同一套攻略的人,比比老师,搞笑,2832390,141924,1592,222,5672,587,1023,17,2026-07-29 10:00:00,BV1j23r6GEmw,20260802
【扒】大结局：无限选择就是个谎言，因为生命有限，你的每次选择都杀死了其他可能性《瑞克和莫蒂》9-10完美家人,周扒片,影视杂谈,519890,24618,929,734,3723,1754,336,820,2026-07-31 09:01:50,BV1YDGw6FErN,20260802
我们换了一种救助形式，让救助组织能活下去,本喵叫兔兔,喵星人,112456,19782,597,335,892,6229,249,305,2026-08-01 10:28:13,BV1JiGV6uEvt,20260802
李沁张雅琪关系的重要转折点！花五花七对比之为什么我会说张雅琪是“冷漠空心人”伪装的“小太阳”！！！李沁迟到那一天经受的打击影响有多大？！,糖兔loveing,影视剪辑,760196,22667,3444,4816,5141,7951,3621,1319,2026-07-30 09:20:49,BV1wm346LEaH,20260802
限时券永久保存？全自动MK4逆天属性？Boss后刷多刷还不算任务？7月30日三角篓子大爆发！,Key725,网络游戏,767023,33940,3529,653,6997,7251,1852,163,2026-07-30 16:26:10,BV1hR3t6bEK3,20260802
逐帧拆解7.0所有信息！伏笔从温迪到女皇？它其实不是派蒙？原神至冬前瞻解析,Jerryprpr,手机游戏,104863,13027,649,933,2644,938,274,998,2026-08-01 09:01:58,BV1VxGg6JEpS,20260802
1秒5肘！墨子迪迦，红色力量形态启动！！,最后一只渡渡鸟,电子竞技,503792,20907,494,399,6613,1958,634,361,2026-07-30 09:31:47,BV1dc3t6vELX,20260802
韩立不是因为令狐才帮黄枫谷 而是想帮黄枫谷 所以才给令狐一个机会！《凡人修仙传》185集逐帧解析,白马侯子,国产原创相关,139225,8969,1187,690,736,1504,108,759,2026-08-01 13:34:58,BV1NNGG6rEWA,20260802
挑战在不违反俄罗斯法律的情况下，从三角洲百万撤离！,晨露ZLQ,网络游戏,354855,27599,165,841,4234,1271,58,397,2026-07-31 10:00:00,BV1UcGA6pEf5,20260802
鸡看到鸡蛋被人类拿走，为什么不生气,小动物大世界,动物二创,1998513,34485,1752,1287,7212,1348,1659,207,2026-07-28 13:27:36,BV1kW3q6rEod,20260802
这世界是一个巨大的县城！,写手一条城,社科·法律·心理,292302,25467,970,261,4607,1134,1255,254,2026-07-31 01:56:24,BV1ZZGc6vEtF,20260802
于是我为Verity制做了一首同人曲,Maxy不是白抹布,单机游戏,92933,21565,332,382,10427,2621,434,231,2026-07-30 23:50:00,BV1vh3h6kEty,20260802
你和闺蜜人生通关后belike,五十岚上夏,搞笑,225739,33059,447,122,2207,585,1401,81,2026-07-31 11:59:24,BV1rEGN6UE8p,20260802
三角洲三选一赏金赛 选手装备：海洋之泪   m7能否清图？,贝利亚打洲,电子竞技,1192036,37728,184,590,31911,7447,61,167,2026-07-30 09:08:04,BV1J93463Et2,20260802
两部门明确12到14周岁未成年人严重暴力犯罪核准追诉标准,央视新闻,日常,237280,20046,2526,701,2515,1682,1505,360,2026-08-01 11:55:57,BV1euGV6oEGo,20260802
插翅难逃！警方联合多部门整治未成年人“飙车炸街”行为。,中国青年报,亲子,1645709,142021,4390,1481,7251,2328,3760,43,2026-07-30 05:00:00,BV1eF3W6DEiz,20260802
官方要来？战士/射手加强！泰拉瑞亚7月份发生了什么？,粉史莱姆,单机游戏,364744,19610,1397,1148,2070,633,3774,381,2026-07-31 10:36:36,BV1nBGw6uEN8,20260802
⚡嗷 呜⚡星 铁 旗 袍！你 选 择 谁⚡,莉可Kurisu,日常,151302,43601,293,555,19617,1002,1150,29,2026-08-01 10:06:16,BV1MEGV6QEv8,20260802
何润东杨齐家老六联动扶贫，目标：手搓非洲之星,老六没有福利号,网络游戏,226258,15696,419,409,1985,683,84,855,2026-08-01 09:05:05,BV1S8Gg61Edr,20260802
韩国黄金时代熔断辣，李在明如何力挽狂澜？,麻薯波比呀,社科·法律·心理,1769250,79618,6694,6667,10327,7945,2684,1100,2026-07-29 09:51:20,BV1nx326wE9p,20260802
日本黄金音乐时代，真正的幕后主使是谁？！丨HOPICO,HOPICO,乐评盘点,509083,37859,763,467,10567,4269,968,1312,2026-07-31 09:30:00,BV1NSGA6SEhw,20260802
这桌坏女人谁都不好惹！🍷《Tough Love》重填词翻唱【绝区零生日会】,莉莉莉莉尔,翻唱,361042,40662,831,400,22293,26466,3148,279,2026-07-30 12:30:00,BV1a13v6UE2M,20260802
努力自律太难了我真的试过了，对不起，大家取关我吧,南咲灰,日常,1235655,98913,3940,2248,39637,20158,1745,1017,2026-07-27 17:42:36,BV1cM3P6CEns,20260802
别被制造焦虑了，自律的前提是生存！,硬汉形象26,健身,47992,7541,187,32,1188,602,55,179,2026-08-01 12:59:30,BV1m6GG62EXR,20260802
【三哥向前冲】秃头老红vs蛮力老绿~谁能去能胜利~急的人得脑血栓,-超级小能猫-,搞笑,1571398,72868,545,2580,7303,2960,823,342,2026-07-28 10:27:04,BV1AN3B6CETA,20260802
“记忆碎片”,shark_白鲨糖,综合,91535,24012,494,73,7035,3136,373,45,2026-07-31 23:45:51,BV1pEGT64Ezo,20260802
【唐唐】深度解析伪纪录片《被诅咒的大家庭2》真相浮出水面！,Big笑工坊,影视杂谈,101706,6998,297,542,1781,1829,112,1840,2026-08-01 04:20:00,BV1LaGT6mEZk,20260802
不要小瞧朵朵和小乔之间的羁绊啊！,LuFee__,电子竞技,294890,14797,274,407,4739,581,446,150,2026-08-01 04:00:00,BV16vGw6gELQ,20260802
【明日方舟】夏活“直到大地变成一颗酸橙”TO-1~9低配平民攻略！操作轻松+语音详解的愉悦攻略！《明日方舟》|魔法Zc目录,魔法Zc目录,手机游戏,125775,11601,627,119,1298,1982,377,1177,2026-08-01 09:52:30,BV1xsGV62EJk,20260802
我也有今天,GTI火箭兵鲁鲁鸟,网络游戏,678506,22177,319,408,3122,572,518,316,2026-07-30 07:28:05,BV12q3s65Ecq,20260802
非常抱歉！！！！,走路摇ZLY,日常,471559,39585,595,95,7435,1265,455,21,2026-08-01 10:12:11,BV1S7GV6HETH,20260802
几百块的尼康D90拍摄高画质手办,忠祥传媒,数码,108953,9452,457,112,2442,599,484,155,2026-07-30 06:07:07,BV19F3x6tEdm,20260802
“你像窝在被子里的舒服”,青枫岚风,日常,160332,31477,421,1187,5825,6923,112,80,2026-07-31 12:19:14,BV1RXGP6iEBG,20260802
一秒变异！夺舍6头6甲+ASval+AWM，633万撤离！,苏醒游戏解说,网络游戏,4214364,78130,873,1825,22160,1871,624,268,2026-07-26 09:30:00,BV1re3j65Ebt,20260802
这地方满街都是猪脚香，又来浪一把…,野文不懂吃,美食记录,1213500,24060,2156,1992,5348,2116,3391,594,2026-07-29 10:00:00,BV1cp3y64ENG,20260802
沉浸式体验清代御厨做古法椰香雪团【AI全民制作人】,老辈人讲古今,美食制作,3342797,69874,1347,474,18708,1246,343,113,2026-07-26 14:48:07,BV1SVg96bEZE,20260802
花了100w装工作室，是梦中情司还是拉完了？,小鹿Lawrence,家居房产,437291,27358,996,3449,6318,14421,1046,1191,2026-07-30 10:00:00,BV1LS3r6gE7k,20260802
真戴2.6米大翅膀跳30分钟啊‼️,矮乐多Aliga,日常,470865,43959,1029,892,16093,6739,1133,1883,2026-07-31 04:05:00,BV1qr3t6uE4L,20260802
【初音/重音/手书】67位初音重音的天国地狱国,Kevin-Silvia,日常,56265,9669,327,435,5384,1310,443,188,2026-08-01 02:00:00,BV1Y1GF6REjE,20260802
【Creepy Things动画】17集：善意,GHS动画,同人·手书,646420,70519,832,128,6669,844,126,47,2026-07-31 04:15:00,BV11Tgo6cEDB,20260802
天下无双！#大晶 #宫本武藏 #倒也可斩 #刃牙 #二次元 #cos,大晶本人,日常,655733,70548,1048,166,6528,1958,842,28,2026-07-31 12:49:28,BV1ScGN6cEs3,20260802
当代学生精神状态：吃饭大冒险,碧月狐,单机游戏,624241,83803,1258,1184,11737,5130,1500,61,2026-08-01 01:35:00,BV1d5GK6gEL1,20260802
山 东  人 能 飞 ⚡⚡⚡,小思孩子啊,搞笑,1097075,48025,5151,706,5750,1029,15507,85,2026-07-31 08:06:18,BV11MGA6mEpw,20260802
抽象历史人物志——爱迪生,抽象历史人物志,人文历史,635904,53532,922,371,6361,1178,949,150,2026-07-31 00:37:16,BV1ms3a6vEqv,20260802
侠隐柱间初上手憋笑挑战纯享版,women51,手机游戏,199873,11082,798,760,1214,814,457,868,2026-08-01 05:31:43,BV1GUG36pELQ,20260802
我见过的最好的AirPods保护套设计,一普通正常人,数码,3184184,112899,2740,228,9976,556,6038,22,2026-07-30 05:07:39,BV11E3x6LEYF,20260802
离职当天就后悔了,少吃点布洛芬,日常,120214,7559,365,137,848,685,232,234,2026-08-01 13:05:08,BV1K1GG65E4p,20260802
"【中文歌单】""该怎么去形容你最贴切""",灵魂典当人,音乐综合,3364538,55053,271,72,39468,938,158,2231,2026-07-30 00:00:00,BV1kR3J64EuK,20260802
不会弹反化解的侦探不是好主角，白银之城到底怎么玩？,你的影月月,手机游戏,498768,37640,639,157,3362,1274,267,286,2026-07-31 04:00:00,BV1Vs346cEXJ,20260802
【原神】幻想真境剧诗 卓越+月谕难度(2026年08月)水雷冰/新深渊/平民低配满花/试用角色/超低配/幻想真境剧诗/原神月之八,你的影月月,手机游戏,230050,14159,4212,728,2522,4813,506,1285,2026-08-01 04:31:57,BV1zmGM6xEvh,20260802
买齐20台二手 iPhone，1000到7000元怎么选？,先看评测,数码,193910,13856,186,109,2723,2808,139,858,2026-07-31 11:26:37,BV1H7GN6JEnD,20260802
【手书】这下跳进黄河都洗不清了【B萌应援】,卡哇伊的桢子酱,绘画,222825,27569,988,236,4148,1885,532,32,2026-07-31 23:25:53,BV1MDGT6vEji,20260802
【下饭神篇】没有深刻，只有快乐！曹雪芹看了都美的五小时红楼精讲！,让让悠哉大王,影视杂谈,283113,12282,503,1373,12543,6850,694,18371,2026-07-30 11:00:36,BV1Ti346XEZw,20260802
请扶起倒地的企鹅!这孤岛只有你一人！你逃不出去！,与山0v0,单机游戏,4177155,114132,2055,8621,66228,13756,1373,2610,2026-07-28 09:13:56,BV19y3v6JEc8,20260802
跑死一切地球生物，人类耐力为什么这么强？,上将王司徒,科学科普,638252,27747,1140,399,2873,672,137,255,2026-07-31 11:00:00,BV1cX3b6SEC6,20260802
刀片风暴,脱缰凯Kk,小剧场,2282655,191453,1736,4637,16601,7760,1810,295,2026-07-29 09:25:08,BV18T3265Ewo,20260802
53颗CPU+52张显卡 耗时三个月！才做完的实测CPU+显卡天梯图！高清原图免费下载 持续更新！【2026.8.1版】,硬核搞机宅,数码,63123,4762,567,146,2075,4910,197,764,2026-08-01 09:23:48,BV1C1Gg6vEeV,20260802
假装跟空气打架，实则跑3公里，不被发现,L泓帆,日常,531232,24472,1087,704,7211,4133,1294,136,2026-07-31 09:45:39,BV1gdGw6oEBc,20260802
KING王者归来 瘦回巅峰上音综  资本最汗流浃背的一集,抽乐个大象,音乐综合,898794,11321,335,590,2385,2016,528,864,2026-08-01 06:24:07,BV1gRG36EE5T,20260802
花20646元带罕见病PAPA综合征儿童吃饭，看看能吃什么,橙飞一下,美食记录,1233748,111686,3527,2152,12038,82031,1941,1034,2026-07-30 08:54:25,BV1cD346VEzb,20260802
新能：你是说新幻神是地面？而且还有弹药技能！？,樗柒ヽ,手机游戏,162674,6009,983,297,570,536,276,161,2026-08-01 16:26:14,BV1tY3m6LEqa,20260802
【朱志鑫】四日混剪 一键换装 「竞速游戏」多机位 4K直拍｜登陆少年梦寐以求演唱会,帆_朱志鑫,娱乐粉丝创作,72148,11529,8309,13123,8195,12076,2614,225,2026-08-01 09:47:05,BV1KrGg6uEbn,20260802
【直到大地变成一颗酸橙】TO-1至TO-9挂机流，小游戏刻章都不愁！| 明日方舟攻略简单好抄(含TO-9豪华版，安洁莉娜的旅行小记等),自在道爷,手机游戏,219711,5176,265,223,1065,3445,50,4321,2026-08-01 04:24:23,BV16UGM6RE42,20260802
被迫出差 上门喂养阿姨给我拍的视频,喵君是个大聪明,小宠异宠,148407,16819,577,676,1026,2012,1239,211,2026-08-01 08:56:34,BV1MvGg6VEwE,20260802
再不玩钟无艳就要加强了（50%）,流夜一动不动,电子竞技,662265,33556,830,572,983,558,520,190,2026-07-31 06:50:10,BV1LbGA6PEjz,20260802
如果你是顾客会打我吗,马叔叔教蛋糕收学员,美食制作,2299450,57332,1628,235,3275,657,285,38,2026-07-30 08:10:34,BV1D33t6ZEMb,20260802
锅已就位,脱缰凯Kk,小剧场,3878385,223449,2477,5246,18674,6632,1700,290,2026-07-28 09:10:03,BV1Qy3v6JEiq,20260802
养到绝世好猫了,宫百万_,喵星人,2900247,263268,3847,1026,15098,1450,8234,37,2026-07-28 05:00:00,BV1s73A6mECg,20260802
开始黑化,林思彤77,小剧场,146883,17984,547,537,1159,1095,131,250,2026-08-01 10:53:27,BV1HYGV63Et4,20260802
MC最热门的生物模组！Alex的生物！末地篇！模组讲解！,restart浪生,单机游戏,404757,22094,423,789,8396,2985,328,760,2026-07-31 10:08:20,BV12WGw6mE3h,20260802
"ASMR某非遗古法疗愈""大师""直播间 (通泪腺、海底捞、护甲抓背、电脉冲头疗)",乌乌Woozzz,日常,131945,14481,530,922,4286,3465,234,502,2026-08-01 08:10:08,BV1DgG36EEWe,20260802
萝莉控天堂🥰,奶油-cream-,综合,157924,18045,456,421,1534,697,408,133,2026-08-01 06:31:21,BV1snG36rE2M,20260802
热烈欢迎“苟师”孙浩！听说浩哥是个讲究人，今天看看他都用什么讲究物？（本期又名《热烈欢迎之孙浩打歌大舞台》,papi酱,短片,1331659,115695,3005,21307,10959,37216,5187,2066,2026-07-30 04:00:00,BV1xj3v6BEZ6,20260802
omg这是我唱的难度最高的中文歌,ChrisJames_,原创音乐,4102596,315332,3375,1169,14221,14753,2598,46,2026-07-29 11:00:15,BV1jd316QEV4,20260802
白鹿露思演唱会折磨，双男主cp边麦边磕，短剧长吃这一秒上火,接二连珊妄想症,娱乐杂谈,965961,71767,3637,36509,7933,16325,4894,973,2026-07-30 10:00:00,BV1Py3467EwN,20260802
为了吸引玩家，现在的游戏厂商究竟有多拼？,艾力弗恩,单机游戏,296443,16188,342,880,3221,2148,370,292,2026-07-31 03:00:00,BV1mJ3t6pEo3,20260802
当医学生去医院看病,无奈の老王君,影视剪辑,3251546,96649,1298,324,9214,583,2235,71,2026-07-30 02:00:00,BV1hngq6SEaR,20260802
旅 行 的 小 陈,小陈的脚凑凑的,日常,512426,81059,1205,767,15566,12058,1932,126,2026-07-30 23:00:00,BV14M3h6bEHv,20260802
【杂谈】术力口为什么越来越低龄化？圈子的风气该改改了！,PCKCOOL,音乐综合,57546,6094,1001,307,2841,802,185,362,2026-08-01 19:05:07,BV1De3S6pE2d,20260802
【男生翻唱】像个笨蛋一样去唱了……,社恐的小轩橙,翻唱,201055,41011,886,393,12498,2422,329,130,2026-07-29 07:52:30,BV13H3C6MEQF,20260802
“如果决算有限制，我希望是一万次。”,水水水木木木沐,手机游戏,466505,44575,1222,328,2640,527,3177,140,2026-07-28 15:23:23,BV1gX3z68EUz,20260802
人生最大的残疾从不是身体的残缺，而是内心的恐惧！,造梦阿瑄,日常,318535,20207,313,341,1806,1956,84,214,2026-08-01 04:00:00,BV1unGP6bEFZ,20260802
一个社牛在绿皮火车上会做出什么离谱的事…,薛定谔的咖啡橘猫,美食记录,3572427,107407,4792,1323,21344,3494,1658,172,2026-07-27 01:56:41,BV1YSgd6kEkB,20260802
《评论区！桌搭锐评12》男人的秘密基地！【B萌应援】,ACG外观研究社,数码,404929,23258,409,544,6883,5377,175,541,2026-07-31 09:35:00,BV1LH346AEgp,20260802
偷窃癖、囤积癖、恋物癖....每个人心中都有一只蜗牛《蜗牛回忆录》剧情拆解+细节隐喻分析,一起干杯叭,影视杂谈,3020092,67297,439,1138,50624,5370,901,2646,2026-07-28 08:20:29,BV1jY3v6oEmp,20260802
讲话不过脑的后果到底有多严重，这起案件值得所有人看一看！,我是大佬K,人文历史,124732,7082,326,838,1867,2045,74,1692,2026-08-01 10:00:00,BV14jGu6iE2T,20260802
我逮住蕾米埃尔了！,鼎芸,同人·手书,1857644,220823,2770,782,55444,20628,4954,293,2026-07-29 03:38:40,BV1d23r6GEqQ,20260802
我来抢走孙傲的饭碗,杜海皇,搞笑,1644876,105282,3193,12774,27540,33373,1708,796,2026-07-29 10:27:48,BV1JU3164Ek7,20260802
学习作曲导致听力下降…,萤灯沵汓,搞笑,78938,8175,259,166,973,776,163,116,2026-08-01 08:35:47,BV1YNG36QEKP,20260802
在欧洲最高，最危险的宾馆住一晚！我睡不着了... | 意大利 玛格丽特山屋,鹏的世界_,出行,639294,28579,732,1631,9643,5075,1058,2033,2026-07-30 09:49:04,BV1Eo346uEVd,20260802
生活不易，携子卖艺#新生儿,蕾蕾蕾杨,亲子,108305,17104,274,139,1655,1241,1053,88,2026-08-01 13:24:31,BV1HVGG6KE7B,20260802
这智人是怎么说服野人的啊！,丁D家D乐,搞笑,834302,58748,972,485,11095,702,1690,76,2026-07-31 10:33:18,BV1FvGw63Eee,20260802
这植物种下去将会很疯狂！,我真是小熊Game,单机游戏,485058,16849,208,990,12167,1081,37,329,2026-08-01 04:55:52,BV19cGu62E56,20260802
谁种的？我摘走了哈！,圆圆的智子,喵星人,283545,22856,185,472,5840,19688,196,295,2026-07-30 09:10:00,BV1xq3s65E8z,20260802
兄弟们，挑战带良子登顶峨眉山，你们猜猜能成功吗？,健身华哥,运动综合,1216124,40017,6952,3735,4793,3486,7117,834,2026-07-30 03:15:55,BV1qv3x6eEtS,20260802
当你打「主播巅峰赛」 被职业哥撕咬,QG吃饱辣,电子竞技,1364804,42048,176,344,42589,3611,227,423,2026-07-31 00:30:00,BV1z23a6nEGg,20260802
这样唱可以像张韶涵一样治愈你吗？经典神曲翻唱《隐形的翅膀》,真栗,翻唱,534093,34220,1175,2246,8803,7708,1590,202,2026-07-31 04:28:36,BV1kgGc6BE8d,20260802
OpenAI的十个重大数学成果：数学核爆已成常态,分析学爱好者,日常,131306,4163,2028,348,1378,649,2344,408,2026-08-01 10:39:39,BV1HhGV6kEUy,20260802
雾都追凶【绝区零生日会】,哈米伦的弄笛者,GMV,584539,51233,507,790,15083,18432,3154,154,2026-07-30 12:30:00,BV1yt3z62EBX,20260802
"穗穗: ""今晚, 一同沉醉于夜色中吧🎵~""【鸣潮/NIGHT DANCER】",Cypher摸鱼中,MAD·AMV,272989,27882,542,162,11359,5717,2080,131,2026-07-30 09:30:00,BV1K73W6uEcH,20260802
全灭！奶曼五兄弟！,ZC先生V,特摄,123201,4022,464,248,1364,996,2696,331,2026-07-31 18:04:58,BV1EKGK62EdA,20260802
国产烂片为什么动辄成本几个亿？拆解《749局》和华文映像的资本杀猪盘【银幕黑金档案04】,鱼丸队长,社科·法律·心理,771215,30093,947,1270,8161,13076,1271,908,2026-07-31 02:00:00,BV1fc386VEXk,20260802
二哈见到同伴被打，果断越狱去帮忙，结果……,哈仔十一,日常,217360,9922,418,885,621,1791,104,417,2026-07-30 02:30:00,BV1CZ3H6AEMa,20260802
《三角洲达人秀》第六期,迪仔三角洲,日常,607153,52557,981,549,10415,12218,3770,303,2026-07-30 03:37:01,BV1Be3x6NEpU,20260802
【鹰角嘉年华】我就这样救场…,v汐小豹V,日常,182683,24005,289,110,1769,953,351,188,2026-07-31 09:23:05,BV1bZGw6sEhu,20260802
“当全世界都知道你10天后成为超人（8）”,小火猫meme日记,日常,753310,33490,1149,456,11750,1415,180,148,2026-07-31 06:12:52,BV1hDGF6HEpF,20260802
"【方舟梗知识59】从W到维什戴尔,海猫到底有多能吃？明日方舟人物故事",灰幻,手机游戏,128979,7431,151,307,1995,1001,132,1028,2026-08-01 06:57:04,BV1nvG36wEFf,20260802
《向修猫忏悔吧》全曲,红烧牛肉丸子_,同人·手书,48778,7525,325,514,5117,2861,231,185,2026-08-01 02:51:28,BV1M9Gu63E7E,20260802
【影流之主1】更新啦，赶紧来围观吧！,影流之主1,日常,887089,105864,645,324,4848,1334,382,101,2026-07-28 07:41:38,BV1cT3i6eE8M,20260802
《 八 狸 世 家 》,念熙阿,手机游戏,246893,23854,764,517,2046,5508,248,492,2026-08-01 03:36:14,BV1J8Gu6oE2h,20260802
天使or恶魔？蕾米埃尔本人唱了【Two to Tango】…？,捡猫怪,翻唱,456788,43999,489,160,16613,1886,415,158,2026-07-30 10:55:06,BV138346oELb,20260802
2026年「绝区零生日会」,邦布帮,同人·手书,819607,83888,3446,19379,36033,43929,5461,5093,2026-07-30 12:30:00,BV1Gk3v6DEEt,20260802
当世界交响乐团遇上洛天依，共同奏响《Monologue》,洛天依,VOCALOID·UTAU,23539,9112,856,237,2895,3867,626,130,2026-08-02 04:00:00,BV1Tf3U67EwE,20260802
【脑叶公司AC手书】numb numb,祈侒侒侒侒,同人·手书,47148,13583,340,78,5502,3054,751,167,2026-08-01 02:00:00,BV1rkGM6fEdm,20260802
看古人如何将水仙子变废为宝？,走遍中国博物馆,人文历史,2232302,70546,5209,1919,6085,1057,9062,80,2026-07-30 06:00:00,BV1xH3z6DEzk,20260802
国家一级演奏员钢琴奶奶赏析原神至冬交响音乐会（音乐reaction）,钢琴奶奶-尹松,日常,127206,10456,656,1021,1834,2723,264,1858,2026-08-01 11:27:06,BV1FdGG6qEPt,20260802
真实事件不改编,七颗猩猩QKXX,日常,1133548,42772,1096,721,3554,829,724,159,2026-07-30 10:49:14,BV1xz346DEB3,20260802
【洛天依/诗岸原创】“只要有你陪我听!”,冬瓜Key_P,VOCALOID·UTAU,100534,29109,849,348,16511,4591,1361,207,2026-07-31 09:00:00,BV1znGA6zEbW,20260802
“他可以不懂事 但是我不能不懂”,拉挖稀,科学科普,2071214,159530,3122,446,9731,1003,600,36,2026-07-30 12:22:43,BV1HQ3b6nEXY,20260802
【火影精讲】动漫史上最经典的篇章之一！终结之谷篇之鸣人vs佐助,伊村べべろ,动漫杂谈,137127,7449,666,1339,1764,3761,211,2469,2026-08-01 11:35:18,BV1hGGV6REDF,20260802
我们姐妹情深，你得一起娶~,NZ75鸽,同人·手书,201259,16059,431,563,7650,2855,1433,167,2026-08-01 04:00:00,BV1riGP67Emp,20260802
送外卖克服社恐的一天,Skm破音小魔王,出行,1866882,67023,362,398,4336,866,341,295,2026-07-29 08:51:16,BV14t3C6AE79,20260802
我们都要快快乐乐的,是李森林呀,VOCALOID·UTAU,805569,78022,460,282,2590,5936,183,52,2026-07-29 12:06:50,BV1Ma316uEhW,20260802
有一只僵尸在你的桌面上,十米十乂,单机游戏,791533,53130,721,298,13145,5908,1030,206,2026-07-30 12:25:47,BV1Fd3b6mESo,20260802
《非霸凌不可吗》,伤心欲茄222,搞笑,4492460,370523,4842,2032,36840,10913,13471,128,2026-07-29 04:16:37,BV1G93r6qEbU,20260802
奇怪的玩具工厂 第五章 Part2，结局,鲤鱼Ace,单机游戏,2751777,268974,16598,130102,88931,120794,9777,8976,2026-07-30 04:53:24,BV1DT3x6XEYv,20260802
予愿安洁莉娜 VS 全方舟BOSS，新神已至！？【明日方舟】,樗柒ヽ,手机游戏,720235,26620,5808,1795,2272,1743,4557,403,2026-08-01 05:56:16,BV1tZG36jEVV,20260802
当你不小心进入了黑乌龟...,小博博三角洲行动,网络游戏,3016638,95239,788,1087,14167,1743,811,166,2026-07-31 07:39:14,BV1TCGA69Eh2,20260802
《蜘蛛侠:崭新之日》万字解析！132个彩蛋&细节&结局分析！绿巨人还记得彼得？,超英队长,影视杂谈,486150,21451,2495,2989,7877,8333,3379,1623,2026-08-01 03:48:21,BV1E8Gu6oEhM,20260802
只能操控鼻子，我们还能通关MC吗？,萝卜吃米洛,单机游戏,222261,30463,513,1090,4050,13662,199,1110,2026-08-02 00:00:00,BV1z33m68EkS,20260802
暑假无聊belike！,一串大福,搞笑,465497,40472,658,1317,3754,1224,319,145,2026-08-01 10:08:17,BV1bEGV6DE2C,20260802
如何在航天做到心如止水,鸡头-三角洲行动,电子竞技,194740,17480,188,368,1945,803,246,323,2026-08-01 14:43:01,BV1p13m6TE7V,20260802
大 周 礼 时 代(15),诸葛皮皮9527,小剧场,2000402,140404,1926,1074,10107,5247,1568,98,2026-07-31 09:00:00,BV1ZV3w6hE8T,20260802
来吧，互相伤害吧,许主任啊啊啊啊,搞笑,3289523,160745,2116,1144,16220,4040,3496,177,2026-07-28 10:11:30,BV1yJ3v6iEGR,20260802
奥特钥匙大结局下（凤凰梦比优斯预告）,百火哥斯拉,特摄,609141,76166,8578,18970,15081,27863,4465,91,2026-08-01 11:02:33,BV1qfGG6eEQ3,20260802
【MrBeast公益】帮助100名癌症儿童实现心愿,野兽先生MrBeast,日常,1747701,131343,2071,3625,45709,29982,1298,868,2026-07-30 10:05:00,BV18F3k6YE7s,20260802
警察上门如何分辨真假？,新华网,日常,1263626,133262,2206,615,25276,1351,683,57,2026-08-01 04:00:00,BV1bcGA6pE4w,20260802
如果一个广西人开始吃这些东西，说明他已经快饿死了😵,烛不遥,综合,1422502,48197,4809,4133,8993,1027,2829,257,2026-07-31 13:38:39,BV1x4GP6sEzq,20260802
一条蛆的使命,一条蛆的使命,亲子,1408370,230079,3717,763,17614,154786,1442,185,2026-07-29 04:32:20,BV1dv3y6jEsk,20260802
【官方音乐】月球基地-植物大战僵尸2（Hi-Res）,植物大战僵尸2,单机游戏,112599,8364,1934,366,1780,813,654,362,2026-08-02 04:00:00,BV1123S65E5v,20260802
喜欢处决客人的便利店员工,拧不动啊真拧不动,单机游戏,460345,30003,576,2536,10258,2158,634,2386,2026-08-01 09:26:46,BV1wUGg6eE4f,20260802
“ 恋 爱 大 师 ”2.0,MJ小林大人嗷,GMV,1462515,158556,5572,3641,28091,13819,9880,296,2026-07-31 02:30:00,BV1hD3x6sEcC,20260802
末日高架桥，我们被困了100天！P6,马里奥红叔,单机游戏,619232,89599,1192,6289,22832,46372,688,1548,2026-08-01 03:00:00,BV1FKGM6sEwe,20260802
探访女主播的家 给我整不会了！,野生鱼白,搞笑,960155,31666,1153,1386,8811,4998,2489,510,2026-08-01 01:00:00,BV1L3GP6vE39,20260802
《次子就是次子》,伤心欲茄222,搞笑,3348922,367318,5922,1436,23042,6094,4897,121,2026-07-31 04:00:00,BV17n3b6rEHs,20260802
剩菜实力排行，你最喜欢吃什么剩菜？,东方日出哇,特摄,973543,47621,1495,1383,6236,800,752,366,2026-08-01 05:39:06,BV15CG36dE33,20260802
万蛇之王！全世界最大的剧毒蛇它终于来了,ZGL蛇语者,野生动物,315954,25634,1272,1620,2844,2463,1674,445,2026-08-01 10:50:00,BV1gDGu6VEtq,20260802
胜者才有资格享受阿漂【鸣潮泳装PV】,仓鼠想要变成球,同人·手书,237817,24682,462,273,12410,7824,1677,163,2026-08-01 10:00:00,BV1gRG36EEmP,20260802
田野里的哈基米～,麻怪与麻瓜,喵星人,994283,109018,1410,212,7793,1027,2190,49,2026-08-01 03:42:48,BV1fvGu6WENK,20260802
搭讪包子局。#抽象 #万万没想到 #搭讪,ai酷儿小剧场吖,日常,2010649,97790,967,353,11476,748,1644,85,2026-07-27 17:30:21,BV1gU3A64ErZ,20260802
化身Superman！摩托老哥解锁新技能,争取最后的自由,汽车生活,7341702,318036,6495,6651,44268,14841,20314,523,2026-07-29 01:14:51,BV1XU3z6AEQi,20260802
卢本伟的打牌日记2|盖亚——卢“老师”翻车了,三国百将牌,桌游棋牌,1267125,23377,1075,792,2830,4361,4178,718,2026-07-30 02:55:00,BV1hp3165EnU,20260802
当MC服里加入妙脆角小猫(玩家：被生活磨平了妙脆角😁😁,Mr_牛奶,单机游戏,484981,42016,677,333,9066,865,538,107,2026-08-01 13:00:00,BV1zU3164E2u,20260802
干嘛猫的vlog（和好朋咪海洋公园一日游！）,荒蛋记录员,喵星人,3618080,108624,1202,738,33422,10188,8024,153,2026-07-30 09:30:00,BV1bQ3x6XEpF,20260802
偷偷开通女友亲密付…假大方花一万让她当富婆！看到余额她直接破防！,盖里老哥,日常,610317,17450,770,3384,3798,6522,2453,587,2026-08-01 09:18:12,BV1YTG36nE9H,20260802
王师傅还是囚师傅？?柬埔寨系列最长的一期——《勇闯柬埔寨》第十二集,王师傅の日记,日常,139955,13303,1218,6346,2593,15832,430,6247,2026-08-02 03:00:00,BV1TE3U6yEkV,20260802
扎心，但真实,全嘻嘻,日常,684759,18143,1257,1815,11760,7407,4341,1833,2026-07-31 11:35:16,BV1r7GN6JEDR,20260802
天气“失控”时，我们拍到了这些…,亿点点不一样,科学科普,2162388,114417,2123,4650,35018,31693,3417,878,2026-07-30 09:00:00,BV1KJ3x61E2M,20260802
操纵皇室，联手印度，稀土新招，日本首相高市陷入风波？,星辰趣味屋,人文历史,177284,20557,813,2106,3923,9988,229,1300,2026-08-02 02:00:00,BV1a5GV6WENS,20260802
《整改到胃》,伤心欲茄222,搞笑,4334528,370613,2869,1483,24443,5928,7032,115,2026-07-30 04:02:29,BV1ZS3p64Ejs,20260802
现在月薪3000……,季潼,日常,1088768,48590,989,573,11866,4093,461,252,2026-07-31 10:38:04,BV16BGw6MEFw,20260802
一条视频看七月：韩国赌命梭哈，美国全球收费，这世界谁正常？,小王Albert,人文历史,1414056,96056,4486,7757,22251,51866,4415,1363,2026-07-31 09:00:00,BV1dbGA6PEAt,20260802
《考场如战场》,伤心欲茄222,搞笑,262739,34148,1043,410,1755,1721,753,96,2026-08-02 04:00:00,BV1M53U67ENK,20260802
【公测】我们为所有崩铁玩家打造了一个新世界！,小三月日记,手机游戏,197715,40826,1800,361,17528,8855,1867,206,2026-08-01 04:00:00,BV1GmGu6LEjX,20260802
每多撑1分钟，奖金增加1000美元！,野兽游戏MrBeast,单机游戏,380385,26485,469,672,6094,3208,286,788,2026-08-01 03:00:00,BV1CbGw65EvC,20260802
被佛祖大人的红蓝框吓哭了，想要多少分自己填,一只山鸡鱼,日常,1492037,71749,3664,263,6284,763,11640,47,2026-07-31 16:44:18,BV1UtGK6hE2W,20260802
山东人吃到美食belike,Coulson不讲李,动物二创,1950772,169611,4742,2248,21431,3612,14752,44,2026-07-31 11:05:00,BV1MkGA6sE25,20260802
当所有人随机获得英雄联盟的一个技能...【AI全民制作人】,十万个挑战,影视杂谈,5545812,85049,2217,1712,21648,11922,9803,324,2026-07-30 04:00:00,BV1rw316ZEmM,20260802
又将17级以上：台风白海豚将第四次巅峰，8月6日开始影响我国东海,中气爱,科学科普,562355,29147,4179,1826,1897,1264,3189,199,2026-08-01 14:48:53,BV1HS3m6eEun,20260802
磁悬浮橙子安洁莉娜,冰棍QAQ1,手工,381801,41131,1272,111,9673,1496,13128,46,2026-08-01 11:16:35,BV1kXGG6BETc,20260802
番茄炒鸡蛋，青椒炒肉丝秒啦～#家常菜 #上热门挑战 #热门音乐,DY辣小白,美食侦探,286818,77213,2192,1179,5788,27755,277,168,2026-08-01 07:57:23,BV1ZRGg6bE4q,20260802
恭喜您成为尊贵的的梅赛德斯奔驰车主！#洗车 #解压 #水泡车修复,阿鑫撸车屋,汽车生活,619922,22362,771,1584,3348,831,1373,412,2026-07-31 10:34:13,BV1rYGw6rEso,20260802
【中华圣杯战争】第一集：英灵召唤,早夜星Zoroaster,日常,226487,11579,2068,1181,7291,6710,2483,1206,2026-08-01 04:00:00,BV1GnGK6TEgQ,20260802
这个火爆全网的男人，到底是谁？现状如何？,水智风,竞技体育,200223,14171,632,1082,2108,7822,324,471,2026-08-01 08:29:01,BV1bVG36jEHg,20260802
当MC里每人都有专属颜色?!！资源互相隔绝 我们能活到最后吗!?!「颜色生存」,夏天y,单机游戏,560673,56554,3025,4395,13335,29013,445,1526,2026-08-01 00:00:00,BV1VEGK6BEHn,20260802
孩子们，出了宇宙可没人惯着你,青时晚,影视剪辑,840505,59359,741,1167,9412,12542,600,92,2026-07-31 01:32:43,BV1j33a6LEKm,20260802
成为蜘蛛侠的10年，荷兰弟对我说…【蛛联B合】,狂阿弥_,日常,1547615,83641,1720,476,18384,7729,1738,679,2026-07-31 11:21:20,BV1W8Gw6yEC9,20260802
这是啥狗？十七张牌给我秒了？,柒玖动漫柒柒游电竞,同人·手书,423125,39239,234,249,8077,771,279,123,2026-08-01 11:25:50,BV1cdGG6qEg4,20260802
八一广场，“八一”升旗，10万人现场见证！,央视新闻,日常,560445,85846,1892,3730,6455,14158,3446,285,2026-08-01 02:25:48,BV1ToGu6uEHD,20260802
国内极具挑战性的五大玩命景区，你敢来挑战吗？,中国旅游攻略,日常,2714179,222624,3323,2820,59652,5800,21781,253,2026-07-27 09:36:08,BV1fT3F6oE5u,20260802
蚊子：这就是咬老艺术家的下场吗？？？,飞啡等待,绘画,1077898,94644,3677,2011,13064,2120,11432,60,2026-07-31 10:00:00,BV1qWGA6qERo,20260802
“孩子们，出了社会可没有人会惯着你”,泽友io,鬼畜调教,390945,46362,317,1061,10477,13379,279,75,2026-08-01 11:48:22,BV1a5GV6WEuu,20260802
二刷《蜘蛛侠：崭新之日》正式点评！为何评价两极？,BuriedAlien,影视杂谈,566547,25989,7692,5280,5920,5369,2736,1063,2026-08-01 09:51:18,BV1xkGg6BE5K,20260802
【李清梦】相信奇迹！星游记新作完全重启！刘北导演原班人马回归！【有生之年#01.10】,李清梦Lavita,动漫杂谈,727465,53656,6861,2429,10704,22551,16167,233,2026-07-31 16:34:43,BV1hwGT6MEyE,20260802
Time is mine但是红绿灯三人组纯手搓逐帧动画全曲版,亿只福寿螺,日常,271098,50444,753,351,20253,12643,1060,175,2026-07-31 13:07:15,BV1bNGN6tE71,20260802
浅谈少年兜，妈佐能乎完全体，我们虽不以大欺小，但一定以多欺少。造价仅需一顿华莱土的史上最强c忍，——【火影月旦评】,子姬o_O,手机游戏,150481,8830,251,101,1922,856,575,180,2026-08-01 15:46:50,BV1eH3m6XE4o,20260802
老大，你的意思是我们抽烟抽的慢也得死吗？,是橘长呀,网络游戏,131602,7609,203,308,1795,897,1460,657,2026-08-02 02:00:00,BV126GG62E9G,20260802
【太君の噩梦】造谣成吉思汗和杨贵妃都是日本人，日本野史比你想象中更夸张！,世界大抬杠,人文历史,326322,19287,756,1179,3978,584,364,983,2026-08-01 10:00:00,BV1iwG369ENB,20260802
太初神宗的故事（合集）,江橘猫meme,日常,1978966,219967,2650,2929,68237,10856,12729,461,2026-07-30 10:45:49,BV1mz346DEZt,20260802
这是“铁头王”陷阱！,幕川北,单机游戏,132470,13695,459,755,1113,1082,82,350,2026-08-02 02:00:00,BV1LEgX6TEhF,20260802
“带你沉浸式体验半夜偷吃的惊险时刻”第47集,抽象思维-榜首电竞,日常,859675,41405,472,1400,11573,3446,185,368,2026-07-31 13:23:29,BV1UwGN68E9L,20260802
《749局》前传有多离谱？姚晨大战哥斯拉！万字拆解《九层妖塔》,迪普_official,影视杂谈,553136,37005,1745,4891,8529,2053,871,1714,2026-08-01 08:00:00,BV1SXG36SEQT,20260802
和野人已经形成了一种禁忌的关系..,小博博三角洲行动,网络游戏,4825612,178003,1673,1404,44232,4597,2342,213,2026-07-29 10:29:12,BV1Hy316cEK2,20260802
🍎不要让苹果穿这个啊喂！！（读评论）,RingoTsuga津贺林吾,同人·手书,1373846,143566,2705,1788,24950,12295,1360,142,2026-07-31 03:00:00,BV1ZZGc6vEkC,20260802
你说得对，但这就是高考完暑假发生在我家的日常,岁墨河_illas_,日常,1479759,107249,28381,13467,23107,10604,20394,487,2026-07-29 04:56:59,BV1ja3y6JEiZ,20260802
阿姨我也分不清鹅腿鸭腿啊！！！！！！【探照灯计划】,蜡笔小坨恰恰恰,影视杂谈,771160,41396,2645,4525,11086,34008,2407,3138,2026-07-31 04:00:00,BV1H53b61Eum,20260802
最佳理财全家桶,白菜家的AMD,数码,1913617,166767,8317,2472,35205,4384,14731,282,2026-07-29 08:31:16,BV1CB3C6xEVg,20260802
千万别和朋友玩这个游戏！会打起来！,徐大虾咯,单机游戏,444158,43349,988,1954,8125,17181,741,764,2026-08-01 04:05:00,BV1FAGK6UEeh,20260802
为什么5天涨粉170万？探索印度鸡佬“成吉思鸡”，让他做一份1000元豪华中国大盘鸡，真有那么美味吗？,猛男阿凯奇幻之旅_kay,出行,1296051,118005,2831,3827,17323,7821,3747,1468,2026-07-31 05:53:28,BV1V1GF6dE3z,20260802
爷爷的烂菜板#手工制作#菜板#高手在民间#制作过程,小二哥当家,手工,253627,17677,257,362,3072,617,78,134,2026-07-31 23:00:00,BV13zGN6NEZN,20260802
求你们了不要再16岁生孩子了好吗好的,笨鸟不会飞--,日常,1345423,101126,3639,1600,13721,2338,2427,325,2026-07-31 04:22:53,BV1pgGc6BEEY,20260802
用玉石复刻奥特曼变身器闪光剑第六集,玉雕韩,手工,423088,52085,533,108,3638,5994,248,97,2026-07-31 11:31:57,BV1xuGN6REnR,20260802
兄弟，我们就这么躺着别人真的看不到吗？,少年五之歌,单机游戏,240094,30246,1330,1936,6436,11854,271,1031,2026-08-02 00:00:00,BV1bEGV6DE99,20260802
⚡️内 存 救 星⚡️16G打游戏彻底过剩！  SteamOS 3.8深度评测,阿狸才不是受,数码,683338,41332,1659,841,10403,3291,1870,537,2026-08-01 10:05:00,BV1J9Gg6cE2d,20260802
【warma】我为1000亿奖金挑战天才作者谜题！,Warma,手机游戏,1149047,115726,2210,4050,31991,36226,2963,860,2026-08-01 04:00:00,BV1gfGw6RE5p,20260802
小时候看不懂，长大后已是局中人,就叫阿路8,影视剪辑,5165934,667336,15521,23522,168634,150409,19741,149,2026-07-30 03:05:00,BV1qh3W6bEqf,20260802
终于实现回城自由，有没有事都可以回城一下了,磊哥游戏,单机游戏,521104,41180,1923,623,1430,1740,505,125,2026-08-02 01:00:00,BV1md3266ELt,20260802
别光顾着玩手机,不是唐嘉琦,日常,1934225,231735,3187,1161,12362,5193,1785,30,2026-08-01 11:47:28,BV1eKGV6fEpM,20260802
😊什么样的结局才配得上这一路的颠沛流离……【一口气看完】,无处可去的愚者,单机游戏,1975862,128829,1558,3004,36338,70815,3220,2835,2026-07-31 07:30:00,BV1vk3t6qEUL,20260802
《原神》至冬交响音乐现场,原神,手机游戏,996823,174192,22885,11417,47069,112415,12326,544,2026-08-01 04:00:00,BV1riGw6zELu,20260802
遗忘之海 x 海绵宝宝联动 实机演示,遗忘之海,GMV,388399,13559,838,318,4638,5598,526,117,2026-08-02 02:00:00,BV11xGw6jERt,20260802
大智斗时代：戴夫与僵尸博士的顶级智斗,陈君un,日常,786443,81288,1589,1374,22249,2690,3953,100,2026-08-01 06:46:46,BV12JG36GEVG,20260802
【合唱】千本樱（100000人）                                     【B萌应援】,合肥南站-,VOCALOID·UTAU,619225,149548,4807,7679,50864,24281,12230,245,2026-07-31 09:14:45,BV1dyGw6PEkQ,20260802
此男难道只有脸吗？演技才是他的硬通货啊！口轮匝肌都能用来演戏也是很牛了，赶快让此男多演戏造福观众吧,丁小丁咋啥都剪,娱乐粉丝创作,525559,12189,912,271,2326,2098,629,126,2026-07-31 13:50:14,BV1unGP6bEwv,20260802
他叫李白 我最爱的英雄,小轩-国服李白,手机游戏,563433,17141,613,363,2521,1463,288,625,2026-08-01 02:00:00,BV1cx326wENd,20260802
比利时胡子玫瑰鸡出壳,香姐和老杨,三农,906073,79212,1512,880,7654,10833,3827,756,2026-07-27 14:06:25,BV1813c6DEvg,20260802
不是只有伟大的艺术家才能创作出好的作品～,油菜菜-,手工,2690872,359756,1706,395,48929,11985,2916,51,2026-07-31 09:24:52,BV18ZGw6sE2j,20260802
手绘469张！还原EVA主题曲,棕与灰9,绘画,4069032,427519,3001,1534,82505,154598,11740,123,2026-07-29 11:05:43,BV1aP326jEi8,20260802
人民好律师续续续续,陈凡尘,搞笑,611668,63507,1848,633,13532,4124,1085,173,2026-08-01 10:52:27,BV1pYGV63EjS,20260802
动手能力超强！13岁男生用废纸板和胶水，“手搓”各种武器装备模型。,中国青年报,亲子,4184431,252155,6938,1134,12819,2639,2686,38,2026-08-01 00:30:00,BV1FcGP6GEWV,20260802
假如你和十万人一起相亲【AI全民制作人】,星辉绿野,同人·手书,646711,58757,1708,836,5139,2090,646,193,2026-08-01 09:53:38,BV1CtGV6yEUR,20260802
机械美学的开山之作《变形金刚》，多年过去依旧是无法超越的开篇,摩斯神探,影视杂谈,1654643,76614,971,1039,7765,684,211,1056,2026-08-01 01:00:00,BV1oPGP6uEXZ,20260802
正宗大盘鸡到底有没有土豆？？【主播说三农】,央视农业,三农,934843,77369,7007,2712,3560,3317,3136,232,2026-08-01 14:22:46,BV1JQ3m6AEoW,20260802
【TF家族练习生】《突围II破局》EP06：我们把彼此留下来（上）,TF家族,明星综合,2012294,107926,6809,1453311,48597,13837,3199,3601,2026-08-01 11:00:00,BV15CG36dEsF,20260802
沉浸式感受清朝御厨制作流汤的透明饺子【AI全民制作人】,史海听风,AI影像,1242422,37213,1245,1543,6657,836,378,153,2026-07-29 11:23:20,BV1Qx316GE5y,20260802
⚡️宗 主 连 携 技⚡️,自动鬼畜中的WZ,鬼畜调教,2691884,286077,5351,1824,56504,58573,13992,140,2026-08-01 04:00:00,BV1Nr3s6rE79,20260802
当你假装单词考过了...,多米糯骨嘎,搞笑,638551,67029,735,295,7013,4428,1422,125,2026-08-01 08:51:50,BV12iGg6rEyh,20260802
刚才发错了,脱缰凯Kk,小剧场,1859795,127820,1866,3593,10129,3863,1014,218,2026-08-01 14:42:32,BV1qR3m6cEo5,20260802
【独家】《记忆管理局》第1集 在世界末日前回到过去吧【8月国创】,哔哩哔哩国创,国产动画,399083,14082,1919,9424,4525,10420,3524,1752,2026-08-02 04:00:02,BV1M6GA6dEQc,20260802
第5集丨“零号大坝开满了鲜花？”,是DollDoll,影视剪辑,1276788,133959,2659,2389,32442,25405,6716,241,2026-08-01 10:25:00,BV1WpGu6aEC7,20260802
【命运-冠位指定×上美影】简中版十周年专属PV——行迹,命运-冠位指定,手机游戏,4543083,51939,5767,7223,24398,32068,7636,236,2026-07-29 04:00:00,BV1xAK865ESF,20260802
"""大狗？？老吴！！""",一大筐会飞的草莓,鬼畜剧场,1636810,118371,1732,1362,16122,6327,4574,199,2026-08-01 03:45:00,BV1dTGP6TE5v,20260802
我们拍到了水下风暴,影视飓风,数码,3667288,251115,2611,15367,59679,98003,10483,1488,2026-07-31 09:01:27,BV1c7GA6kEqN,20260802
【独家】牧神记 第94集 厉天行与皇帝,哔哩哔哩国创,国产动画,1213867,20995,768,4744,2082,15764,98,1255,2026-08-02 03:00:10,BV17YGu6REPJ,20260802
“连坐制”，一款如今人人都在玩的热门游戏,鱼蛋教育圈,小剧场,724861,41073,710,295,6044,1654,737,213,2026-08-01 09:55:00,BV1UjG365E8H,20260802
究竟怎样的终点，才配得上这一路的颠沛流离,Goo_gle_,同人·手书,1177620,125907,667,199,13942,21402,1369,39,2026-07-31 13:25:08,BV12tGP6XEvH,20260802
《找工作是你的谎言》,郑凯伦伦伦,搞笑,2004854,162840,913,792,16137,1967,818,495,2026-07-31 12:30:00,BV1RXGP6iEWo,20260802
乌合之众：一个流传百年的心理学谎言,大圆镜科普,科学科普,576834,68292,1762,772,10098,2334,952,457,2026-08-02 00:00:00,BV12A3Q6HEL3,20260802
【TF家族练习生】《异常加载中》 MV,TF家族,明星综合,377949,41198,5790,163026,14938,5596,7015,189,2026-08-02 04:00:00,BV19z326HEhj,20260802
华强买瓜，但摄影师是新手,伊介书生,鬼畜剧场,343666,21463,557,514,5254,2553,1562,196,2026-08-01 15:45:12,BV1eH3m6XEhN,20260802
我发现了一个诡异的论坛....,某幻君,单机游戏,861546,76905,4254,20629,34688,29782,4287,7363,2026-08-01 08:38:29,BV19wG369Edu,20260802
撕皮撕皮3.0，快被催死了呜呜呜，你们为何如此爱看撕皮！！！,兜里没糖slime,手工,1159708,15713,603,320,2304,1046,533,170,2026-07-30 12:00:00,BV1mj3x6mEsz,20260802
《飞舞吧忍者第二季》ep03—黑白忍途,鬼叔黍,手机游戏,101251,17795,820,4052,5196,11594,2700,3174,2026-08-02 04:00:00,BV1KFGg6TEjo,20260802
父母眼中让人笑话的一生belike,班长AI频道,日常,3464333,198367,5112,637,33740,3230,16465,39,2026-07-31 04:39:30,BV1sKGc63EAz,20260802
今天请大家吃一颗——原子蛋！,MrSaucy,美食制作,1036365,86912,1637,810,8304,2130,5385,99,2026-07-31 02:37:21,BV19MGw6ZEHa,20260802
人 类 防 守 精 华,不会剪辑的果子君,篮球,492455,13422,597,687,2920,2267,542,303,2026-08-01 04:00:00,BV19EGM6LELD,20260802
世界最大山城！千万不要在重庆随便坐电梯！,十三要和拳头,出行,3877570,40175,1459,1153,29378,10248,2322,783,2026-07-31 10:00:00,BV1xyGc6LEWH,20260802
遗忘之海×海绵宝宝联动PV——出发！蟹堡王分店！,遗忘之海,GMV,3757332,97878,2705,1508,30758,24043,6643,121,2026-07-31 02:00:00,BV1V83b6vEaa,20260802
这是一只美人鱼，你敢和她直视10秒吗？,老番茄,单机游戏,1254741,120915,1550,4529,16800,10065,1265,2843,2026-08-01 04:00:00,BV1ZNGP6BEJT,20260802
28年前的八仙到底在讲什么？一口气看完童年神剧《东游记》,low君热剧,影视杂谈,564034,16534,1398,2972,5059,3549,2102,1279,2026-08-01 02:26:01,BV1KoGu6uE5M,20260802
美欧反目：美国离席抗议，法国嘲讽点满,小Q不是导盲犬,社科·法律·心理,650138,34090,2039,4402,5481,2875,796,893,2026-08-01 05:50:48,BV1LCG36dEAx,20260802
《原神》角色演示-「公莉：咯咯哒」,金咸鱼,手机游戏,516683,53091,2846,1826,9225,6427,19995,102,2026-08-01 05:29:37,BV1VUG36pE75,20260802
边牧,潘宏爱玩狗,汪星人,609927,68880,894,690,2143,2417,1039,199,2026-08-01 11:07:09,BV1ffGG6eEfF,20260802
当我和同学大半夜兜风路过初中于是我们直接翻进去弹琴,小憩memories,演奏,1608135,98866,1670,626,19809,2418,834,245,2026-07-31 23:02:13,BV15qGT65EyZ,20260802
新三国up锐评神探狄仁杰09：杀害我的凶手是…额！,吃蛋挞的折棒,影视剪辑,237861,19266,2244,5136,3425,9359,204,1832,2026-08-02 02:00:00,BV1w23m6qEnn,20260802
救援史上的奇迹：男子被困千米深洞穴，700人耗资百万欧元营救！,好奇罗盘,科学科普,946723,64584,2084,2607,22271,3138,1797,902,2026-07-30 10:21:32,BV1EE346NEcp,20260802
当你偷偷开创造和朋友玩MC会发生...,安坤哒,单机游戏,1521083,16797,98,1967,7975,728,78,181,2026-08-01 03:05:00,BV1JJGA6gEEe,20260802
海绵宝宝大战僵尸day1，海绵宝宝射手,铜锣戏语,单机游戏,298241,12493,442,96,2444,743,342,96,2026-08-01 10:11:13,BV14HGV6UESe,20260802
马尔代夫还有这种服务？700元 vs 35000元酒店！差距会有多大？,兔兔不会秃秃,日常,81452,10425,635,741,2298,1664,202,795,2026-08-02 04:54:27,BV1993X6KEP4,20260802
《你看到没？》,嘞是唐孃孃,搞笑,759959,52966,889,262,1562,578,819,89,2026-08-01 10:00:00,BV1m4GP6WEhX,20260802
《原神》7.0版本PV：「无神怜爱的雪国」,原神,手机游戏,2946781,263495,18717,23928,42774,77030,29046,1134,2026-07-31 13:10:00,BV1EpGA6uEDX,20260802
【揽佬】中国人能飞～黄皮肤才对～讲中文才飞～中国就是美,网易云音乐,音乐综合,2154812,167821,10320,4949,38839,10967,39376,99,2026-07-30 04:28:53,BV12L3x67ECs,20260802
【明日方舟】予愿安洁莉娜实战测评：实力为超大杯上！让我们再一次喊出新神已至！强烈推荐抽取！,人好嘴甜凯尔希,手机游戏,477740,21806,4723,2405,3052,3451,2717,858,2026-08-01 15:32:29,BV1a43m6JE15,20260802
只有三句话的婚礼。,橙飞一下,美食记录,888036,34924,2567,1454,3025,6772,2393,359,2026-08-01 10:00:06,BV1WtGV6yEMF,20260802
【苏新皓｜4K直拍】POWER 直拍｜梦寐以求·演唱会,JUSTSU_苏新皓,娱乐粉丝创作,114781,27605,36802,28664,16732,17648,25957,240,2026-08-02 02:00:00,BV1D23262EaD,20260802
郝 哥 面 馆,乌贼酱,人力VOCALOID,767842,33700,1167,1366,7595,6367,3335,207,2026-07-31 15:31:16,BV1RMGP6iE6E,20260802
把童年看过的炸裂书拍成炸裂短片,四夕小田木_,小剧场,515752,21280,644,755,3396,3351,965,425,2026-08-01 04:00:00,BV18dGw6dEMN,20260802
1分钟听完8国调式的《千本樱》。,万伟康music,音乐教学,3260542,332526,4025,1453,63026,16197,7119,57,2026-07-30 12:00:00,BV1hm3W6mEwK,20260802
当我合成了寰宇支配之剑belike:,烨某人Zzzz,手机游戏,868598,79491,771,559,13008,8398,1372,239,2026-07-29 12:57:07,BV1Po3y6AE6T,20260802
【速凌】我不会把她一个人留在电影院，或者航天基地。,高司令-速凌电竞,单机游戏,2360203,80470,1543,3500,32891,4772,986,396,2026-08-01 07:36:21,BV1BdGg6ZEC6,20260802
"Kimi K3是咋回事？怎么就让美国""吵""起来了？",小Lin竖着说,财经商业,432449,26584,854,447,4013,1341,989,314,2026-07-31 03:30:00,BV1TZ3x6SEKM,20260802
关于彩礼这事……,ENX叉叉酱,同人·手书,899530,126914,4373,315,12241,8101,1923,64,2026-08-01 11:00:00,BV1SVG36LEwo,20260802
古罗马离谱习俗——两千年前的古罗马，开放程度与市井智慧，完全颠覆现代人的认知。,庞贝老丁,出行,3886262,495706,10930,11346,109192,26351,56076,406,2026-07-29 03:00:00,BV1iAKb6xEEV,20260802
全新【监管者】——“心兽”将于8月3日上线共研服，技能介绍视频公开！,网易第五人格手游,手机游戏,307994,16227,7370,3922,1939,1214,19137,123,2026-08-02 04:00:00,BV1fv3D66ERy,20260802
对 抗 路 迎 来 大 变20.0,一只白色QvQ,手机游戏,1699195,60191,1124,681,4772,1484,1214,203,2026-07-28 10:00:00,BV1oj3i64Eib,20260802
《全世界最会用AI的人》,嘞是唐孃孃,搞笑,1713069,122927,1783,1034,5514,1569,1850,129,2026-07-31 11:35:32,BV12uGN6RETc,20260802
“设计出这条赛道的人真是天才”,尽墨for车,运动综合,1395896,35086,1160,1852,6243,2868,1301,588,2026-07-31 16:05:00,BV1dgGP6NEwc,20260802
cos大陀螺55秒拉双闸让全图人6分一起撤离是什么体验？,李谋Leemou,网络游戏,940230,62122,481,856,8666,702,1070,261,2026-08-01 05:00:34,BV1YcGu62E7W,20260802
两个固排的诞生,135wgy,特摄,1087105,107299,1579,667,20187,5409,1219,148,2026-07-31 07:59:39,BV1tPGA6nELB,20260802
久等啦~欢迎收看新系列！,是许木木啊,日常,706503,78926,2534,4572,17777,13878,2279,993,2026-08-01 09:30:00,BV1WHGu6AEQg,20260802
孩子们，猜猜谁死了？,尴尬的铁根er,网络游戏,2139818,75610,2056,694,18048,2347,1653,262,2026-07-31 15:30:49,BV1RMGP6iER1,20260802
【咕嘎饭馆】酸酸甜甜锅包肉！,陈千语Sama,综合,264432,35067,452,530,4819,3765,942,84,2026-08-01 23:00:00,BV1sy3S61EkU,20260802
这么巧？你们也在消星？,争取最后的自由,汽车生活,955577,39422,1344,2363,3993,1983,1179,690,2026-08-01 00:00:00,BV1JfGA6CEuw,20260802
选择奶蛙还是奶蛋？,奶史_,搞笑,476821,49786,1416,704,5773,544,7005,114,2026-07-31 11:04:28,BV1WGGN6XE2U,20260802
关于鼠鼠怎么活到现在,wzbxlmzhnq,手机游戏,433101,64668,3841,2308,6425,48571,461,214,2026-08-01 08:45:36,BV1DaGg65EpL,20260802
“两仪生四象，四象生八卦”。,持泰泰泰,健身,1051867,72152,2447,623,5893,1133,664,28,2026-07-27 01:24:45,BV1zigd6HE9X,20260802
【TF家族】《2026TF家族运动会》Day1（上）,TF家族,明星综合,3500912,122386,24168,2649130,69051,17279,7225,8549,2026-07-29 09:58:45,BV1F4326hE1p,20260802
兄弟，我帅的要命！,是橘长呀,网络游戏,402493,16866,371,528,1298,1342,169,492,2026-08-01 02:00:00,BV18dGw6dErj,20260802
青梅被毒杀，他娶仇人之女隐忍多年灭敌满门,孙熙然,同人·手书,436216,29737,509,641,10006,1628,498,635,2026-07-31 11:05:21,BV1p5GN6HEmM,20260802
【数据删除】可以回答一切的，不存在客服电话——《寰宇信息科技》,科幻视界,影视杂谈,435215,51910,914,678,18026,6907,1028,700,2026-07-31 11:00:00,BV1cX3b6SEmM,20260802
花四个月时间做了个猫咪演唱会场馆,爱鼓捣的邢志磊,音乐现场,1232153,40756,533,430,10531,5855,821,178,2026-07-30 10:40:34,BV1oc3t6vEoD,20260802
【自制oc动画生贺】Episode 1,美少年問屋,同人·手书,691174,127544,1667,1240,56652,28230,3514,1290,2026-07-29 16:00:00,BV1b4316rEpC,20260802
暮色森林黑暗高塔的背后究竟隐藏了一个什么样的故事,小N正在加载中,单机游戏,693171,46880,565,277,13506,1500,637,311,2026-07-29 01:00:00,BV1Kw366WESi,20260802
⚡梦到三角洲高空跳伞入场动画⚡致敬汶川地震伞降勇士！【八一特辑】,星野童,网络游戏,141408,28280,336,1671,8223,1664,419,102,2026-08-01 10:00:00,BV1hjgv6yEup,20260802
丧尸筑成血肉高墙，大厦变人间炼狱！上万丧尸街头暴走，集体转圈形成死亡漩涡！2026最新韩国最新丧尸电影《群体》,电影迷小雅,影视杂谈,706828,23297,965,3361,9153,2579,739,3053,2026-07-31 09:14:52,BV1oyGw6PEs6,20260802
我把B站改造成了解谜游戏【雀室逃脱2】,在下乌鸦有何贵干,单机游戏,283673,17073,451,941,3702,3277,199,650,2026-08-01 03:02:27,BV1xJGu6eEEY,20260802
疑似四羊方尊流入民间,智勇双全富贵君,小剧场,6514423,129951,2416,6099,51816,7644,5866,219,2026-07-28 10:10:14,BV1WJ3v6iEFE,20260802
一场跨越三年高中的反应,白杉林,搞笑,870387,96413,3998,3290,8590,8918,1531,361,2026-07-28 17:15:32,BV16R3B6uE9y,20260802
外国鼓手第一次听“山海”,即兴鼓研社,演奏,106550,7571,397,932,2627,4552,1089,2782,2026-08-01 12:30:00,BV1HaG36PEju,20260802
为什么玩开团秒跟？ 枪打出头鸟怎么打的？,子阳老学长,日常,406035,62933,2039,377,6022,1939,524,179,2026-07-31 11:01:12,BV1p5GN6HESY,20260802
一句话让60万人下地狱，当代教皇还能惩治异端？【深度解读教廷与FSSPX的纷争】,卢格杜努姆的奥古斯丁,人文历史,954453,36030,4483,7646,13785,4836,1805,1486,2026-07-31 09:00:00,BV13YGA6hEdu,20260802
当crush无视了你的魅力 却肯定了你的吃商,一坨小草莓不霉,美食记录,241280,24002,283,153,12374,621,1745,206,2026-07-31 14:49:47,BV1pXGA6mEvi,20260802
从雪山到热带雨林! 中国最后一个通公路的县城--墨脱｜Links A7R6,Linksphotograph,出行,1292472,54219,1795,6697,19308,33048,7819,2864,2026-07-30 04:05:27,BV1t93W6CEh2,20260802
八一建军节 手绘3D军帽,何咏墨,绘画,168544,38237,233,225,2084,1252,214,77,2026-08-01 05:15:39,BV1aAGu6LEbA,20260802
史诗级造假！意大利一男子手搓 “古罗马遗址” ，一张门票40欧元卖了10年,大象新闻,社会,3205797,96763,930,196,2586,718,1020,24,2026-07-30 14:54:33,BV18d3t6ZE2Q,20260802
“你可能不知道忧郁是什么感觉，但你一定听过这些歌”,是青橘啦,音乐综合,217955,27942,418,593,32035,1718,451,1959,2026-08-01 06:55:17,BV127G36CE1g,20260802
绷住闯关,Gua1叔,日常,1548310,46361,2027,1420,14904,2396,5295,122,2026-07-29 02:59:27,BV1Zp3k62EaZ,20260802
宫斗时代！圣枪哥半路被踢，KT爆发内讧，Jiejie三入涅槃，WBG巨大投入恐成今年最大怨种【赛事周刊】,LOL丶诺诺,电子竞技,305116,7551,1672,1930,1586,1057,194,899,2026-08-01 10:38:18,BV1EzGV6TE3u,20260802
全新5060TI重大车祸！,修电脑的张哥,数码,313322,9975,1981,3802,1226,1184,1616,1057,2026-08-01 04:00:00,BV1ff3b6yE5d,20260802
这才是铜应该有的更新,Hasoook,单机游戏,236655,11115,1193,1660,3287,636,327,352,2026-08-01 03:45:00,BV1gkGN6AEY7,20260802
拆解2纳米芯片：先进封装与背部供电深度解读,谈三圈,科工机械,109946,7347,537,713,2550,3584,358,913,2026-08-01 11:25:38,BV1ndGG6qEj8,20260802
剥蒜的情谊164.0,NinthA-,网络游戏,1305492,89887,519,748,7298,764,1140,146,2026-07-31 03:00:00,BV1WT3b6nEjL,20260802
王老菊教你卖血大王,怕上火暴王老菊,单机游戏,327847,16587,1528,2712,4878,13219,554,4819,2026-08-01 09:24:41,BV1mY316qE8j,20260802
大 周 礼 时 代(16),诸葛皮皮9527,小剧场,290575,49126,838,1322,2994,2117,406,136,2026-08-01 09:00:00,BV1bNGN6tEYJ,20260802
【鬼谷闲谈】茶叶驯化史（其二）：红,芳斯塔芙,科学科普,879972,64018,3224,5416,15944,13654,1560,1847,2026-07-31 10:36:24,BV1kYGw6rEB5,20260802
我还能找到更神秘的我的世界小知识吗？！答对这些题你也可以做科普了！,这里是莱里,单机游戏,1634335,83230,1394,2431,17102,2238,1681,485,2026-07-31 09:00:00,BV1VYGA6hEHL,20260802
底盘好不好，飞个坡就知道？主动悬架值得加钱上吗？,三驱兄弟,新能源车,497820,14209,164,202,2177,1337,58,738,2026-08-01 04:00:00,BV1ALGN6QEUq,20260802
动画《记忆管理局》主题曲《忘记了也没关系》MV,DOUDOU_春夏秋冬,音乐现场,39473,6755,474,161,3828,4537,1519,265,2026-08-02 02:00:00,BV1xz3m63Ek3,20260802
"【本家投稿】HWAAStyle x Fregibot - SAY IT (feat. Kasane Teto, Kagamine Rin & Len)",Fregibot,VOCALOID·UTAU,247004,66555,1891,1835,40517,15123,3287,295,2026-07-30 13:21:17,BV1fc386VE6n,20260802
【泰拉瑞亚】全图瞬移！失谐矢量传送器电路,混乱沉睡,单机游戏,120859,17477,530,173,4556,3763,3031,339,2026-08-01 01:00:00,BV1xUGA6nEq6,20260802
广西霸总们爱上我/.,氧化菊,时尚潮流,242379,23407,796,297,1400,1670,1498,62,2026-08-01 09:04:20,BV1YxGg6JEXt,20260802
这歌声，有力气！《强军战歌》网友合唱版,央视新闻,日常,168713,37772,497,157,4261,6148,628,109,2026-08-01 04:33:25,BV1fQGM6XEwe,20260802
更到第四期了，咋朋友还没掰呢,周周啊,搞笑,3992898,98091,598,881,43691,1554,771,100,2026-07-31 05:03:53,BV1nLGc6NEEM,20260802
【乾乾特工·剧场版】大制作来啦！！！,大乾乾是顾乾宇,小剧场,3531673,428808,7614,10968,74753,70538,19576,390,2026-07-28 12:23:25,BV1VC3q6ZEtP,20260802
完了，四姐小羊我爱上蝴蝶忍了 茵蒂克丝,4姐小羊,仿妆cos,578350,30882,5997,544,3110,512,10117,43,2026-08-01 10:42:07,BV1C8GV6VEYC,20260802
土豆丝炒肉,混的厨-,美食记录,681155,70079,502,168,3921,852,414,42,2026-08-01 03:40:12,BV1E8Gu6oESC,20260802
现在有前排了,老子名字深蓝,手机游戏,994514,32098,668,179,1726,725,194,131,2026-07-31 07:45:19,BV1c5GA6yEmT,20260802
【耳夹式耳机推荐】2026年8月大合集！全自费实测！蓝牙耳机推荐/耳夹式耳机测评/开放式耳机/运动耳机，小白必看！建议收藏！,知音剑客,数码,575350,36113,406,534,7671,2524,481,688,2026-07-30 10:53:30,BV1Kz346DEEY,20260802
我修改了Minecraft的村民：,晓晨Momore,单机游戏,460452,23787,489,288,5876,1540,1675,258,2026-07-31 09:53:54,BV1TpGw6JExW,20260802
我能像梵高一样通关杀戮尖塔2吗,马萨卡卡卡卡,单机游戏,176207,12097,452,425,1974,2297,713,724,2026-08-01 03:00:00,BV1uUGu6yEdL,20260802
隔壁千万播放后被下架的视频！,销冠李老板,日常,3561363,427680,10973,1173,14046,59651,2196,72,2026-07-30 04:28:28,BV1Dg3x6DEaj,20260802
欢迎来到丽都德比！【绝区零生日会】,小强凌凌柒,手机游戏,392198,35158,578,1637,13966,7832,1244,426,2026-07-30 12:30:00,BV1mj3q6jEFG,20260802
阳台种植新挑战？！湖北小哥历时三年盆栽种香蕉！【主播说三农】,央视农业,三农,1725819,95761,1453,1212,5102,2382,1229,294,2026-07-29 11:16:21,BV1hx316GEy3,20260802
哈弗克小兵最爽的一次,三角洲行动零一,网络游戏,1398754,163883,5618,471,54768,3539,46456,14,2026-07-31 09:22:45,BV1bZGw6sEbZ,20260802
在美国带柴西连吃了三顿炸鸡…可能不会再来美国了,KerryDowdle,美食侦探,2126017,45925,1811,3671,13364,12713,827,801,2026-07-31 10:07:08,BV14WGw6UEYb,20260802
（知识科普）三角洲新手必须掌握的最基础20个小知识，你不会还不知道吧？,颜心做的cat,网络游戏,111890,10328,404,2182,4186,1897,157,654,2026-08-01 12:30:00,BV1bzGG6EEC3,20260802
人民好律师后续,陈凡尘,搞笑,859474,84445,1555,406,15873,2943,1038,151,2026-07-30 13:21:25,BV1fc386VEn5,20260802
同时让2000条埃及塘鲺，互相合体，最终能否诞生白骨之王？！,蔡武年,小宠异宠,423800,20489,588,1379,6790,4404,271,494,2026-08-01 08:00:00,BV1fD3w6KEEm,20260802
隔我这里赚钱来了？,一颗小兔娘,仿妆cos,1885091,160580,1895,481,14561,1632,2320,49,2026-07-31 09:11:09,BV16zGw6BEGW,20260802
一个月工资仅有10美元！古巴人靠什么生存？这里的物价究竟如何？,小钟Johnny,出行,966851,29056,3483,4573,4701,5065,1029,837,2026-07-31 10:00:00,BV1m63b6ZEtW,20260802
第三集 莱德 | GTA SA 真人版连续剧,薯条超人CCStray,单机游戏,194256,17909,642,931,4053,10027,956,552,2026-08-01 04:30:00,BV1HqGP6mEXR,20260802
我 不 是 给（加了点音效）,89不玩抽象,搞笑,1121469,105751,1213,600,13713,9388,4387,287,2026-07-29 17:15:36,BV1nZ3J6sE4d,20260802
腰斩是治愈疯狂的解药吗？（阿晴教学篇op/ed）【25】,九晴九晴九,同人·手书,604339,65489,2371,960,17034,8561,1428,380,2026-07-31 11:00:00,BV1Pr3s6rEbk,20260802
《原神》7.0版本「无神怜爱的雪国」前瞻特别节目,原神,手机游戏,1391376,104497,11361,44846,21887,41250,5378,4023,2026-07-31 13:20:00,BV1k5GA6CE3r,20260802
挑战！徒手一笔破解人民币防伪花纹？,设计人阿蒙,绘画,2350927,148316,5277,2296,8243,1998,1721,61,2026-07-29 11:23:09,BV1Mb3163EqT,20260802
《原神》动画短片：钟摆与蒲公英,好奇-HQ,手机游戏,255668,42982,1030,751,14864,15507,2276,523,2026-07-31 01:00:00,BV17W3b6zEFg,20260802
｜妖怪澡堂｜第三回：开澡堂竟有被非礼的风险？！,叫兽易小星,影视剪辑,1033976,53610,538,694,10381,6120,1388,358,2026-07-30 09:50:39,BV1fR346zEft,20260802
你会为谁爆灯！绝区零真功夫大赛！【绝区零生日会】,猹泡饭233,MMD·3D,199430,12546,143,282,2424,1985,170,209,2026-07-30 12:30:00,BV1PV3k69EpX,20260802
玩这个阵容 真的想要多少分自己填吧！,禹汁波の纱世里,日常,672892,40498,1341,770,3560,730,926,285,2026-07-31 07:15:00,BV11Y3a6FEaP,20260802
《四驱兄弟》骗了我20年，直到我把真车改成了四驱车,所长Wy,汽车生活,606925,18523,518,798,2767,2296,150,473,2026-08-01 10:25:39,BV1xtGV61Et4,20260802
我打cs的状态be like,凌墨OM,电子竞技,702282,64885,1155,74,17182,1098,9706,18,2026-07-31 16:00:08,BV1iSGK6jEfL,20260802
来场虚狩盛宴吧~【绝区零生日会】,疯兔AD,同人·手书,227321,21546,222,347,10341,7243,662,127,2026-07-30 12:30:00,BV14d3q6SEXD,20260802
喜欢和客人打成一片的便利店员工,拧不动啊真拧不动,单机游戏,174725,14657,501,2193,4961,1755,236,2989,2026-08-01 13:35:45,BV1KPGG6GEGB,20260802
打开心脏：突破生命的终极雷池,大圆镜科普,科学科普,505889,51607,620,1230,5085,1504,469,467,2026-08-01 00:03:30,BV11GGT6hEZi,20260802
MC装备竟然变成了抽卡！传说万倍伤害！？ #我的世界 #游戏 #MC,一个小立丶,单机游戏,840527,12622,85,352,8092,541,41,407,2026-08-01 00:30:00,BV15eGN6BEHZ,20260802
【TF家族】《2026TF家族运动会》Day2（上）,TF家族,明星综合,2035208,54502,5666,1065241,32252,6239,1349,8368,2026-07-30 10:00:00,BV1VJ3s6dEWs,20260802
资产上亿企业家夫妇，被羁押712天后无罪释放，获国赔41万，当事人称企业倒闭负债3000多万：如今和妻子打零工为生,红星视频,热点,1158157,93067,1372,236,5682,3299,3343,51,2026-07-31 10:03:03,BV1PxGw67E9d,20260802
五万润人从海里冲进国门是什么体验？,波士顿圆脸,社科·法律·心理,1218563,57885,3439,5525,5954,3259,1237,800,2026-07-31 12:11:43,BV1BWGN6LEkZ,20260802
谁能抵挡住迪迦的魅力~~~~【奥特曼光之创想季】,Milk缪客,特摄,590859,71879,1302,909,13233,8198,1583,124,2026-07-31 15:55:52,BV1fyGK6SEiv,20260802
1分钟！教你还原三角洲阿萨拉扑克牌的花式动作！！！,乔治乔治君,野生技能协会,138836,18015,182,831,4757,1153,134,216,2026-08-01 10:00:00,BV1Ei3t6kEhR,20260802
各自经历成长后的不同类型的朋友…,JohnsonBrothers,日常,1608528,127901,472,284,20426,1201,1703,60,2026-07-28 01:00:00,BV1df3P6BEZY,20260802
挑战从东北徒步到西藏( 十倍速1小时5分版）,阿丑徒步,出行,6660795,461983,8997,18332,190154,47812,13403,3929,2026-07-29 09:35:20,BV1c4326hEkj,20260802
我很少用炸裂来形容一副牌的,马格南DD,野生技能协会,5303401,83221,481,296,50392,4378,1219,130,2026-07-29 10:26:37,BV17Q316sEjP,20260802
全网价格最低的成吉思鸡！吃一顿仅需0.7元，比印度还疯狂！,NBzhuoc大,搞笑,286287,15094,455,796,2651,1522,426,542,2026-08-01 10:37:35,BV1HiGV6uEHi,20260802
2026年8月1日，分享一首歌！,央视军事,科工机械,293049,61662,890,1527,6706,14053,2111,146,2026-08-01 04:30:00,BV13UGu6yEj6,20260802
这个乐于助人的AI助手逐渐拥有了自我意识【恐怖杂烩汤[6]】,匿名Tian,单机游戏,212570,23617,802,4144,6670,4743,392,845,2026-08-01 08:30:00,BV1buGT6YEKz,20260802
地狱猫复刻中途加油，全速怕什么怕拉爆直升机！,争取最后的自由,汽车生活,4505914,162320,4958,8023,22355,13659,7726,958,2026-07-28 01:06:42,BV1d73P6iEko,20260802
我的朋友患上了朊病毒病，我们眼睁睁地看着她忘记了眼前人,Chubbyemu,科学科普,1385196,74917,5678,6429,23981,25914,6471,1734,2026-07-31 04:02:39,BV1MzGc6UEtT,20260802
【特摄吐槽】谁家反派当了几十年火柴人？,不语の说笑人,特摄,290958,22329,742,1223,6002,2773,346,1100,2026-08-01 04:00:00,BV1pHGT6sEPn,20260802
美军传来噩耗，国防部长成了健身卖药黑私教,克里斯丧钟,健身,1347309,80914,2558,774,7594,3531,4668,285,2026-07-31 07:41:51,BV1g6GA6dEPj,20260802
在课堂上搞笑被抓了,良心发作的chunchun,搞笑,2275781,124799,2892,2734,35840,55335,5193,707,2026-07-30 09:00:00,BV1aj3n6GEyE,20260802
当北京人说想要奢侈一把,抵抗Resistance,搞笑,2068938,71062,4587,1981,4912,1278,3965,91,2026-07-30 14:32:39,BV1xP3b6pEsd,20260802
予愿安洁莉娜的入职测试！【明日方舟】,-碱式碳酸咸鱼-,手机游戏,966321,49057,5217,812,3004,1804,5171,98,2026-08-01 05:05:15,BV1vFGu67Ens,20260802
【花小烙】游隼：地球上俯冲速度最快的“鸟中战斗机”是如何炼成的？,画渣花小烙,科学科普,2836289,240264,3084,4259,36279,16080,1866,454,2026-07-30 10:00:00,BV1UFge6qEty,20260802
又要上缴利润？韩国会被美国吸干吗？,世界见闻录,人文历史,444274,27391,1794,984,4421,1659,291,639,2026-08-01 10:05:00,BV1D7GP68ECD,20260802
【第二集】🐧赛伊德：“我变成女孩了？！”🐧,徐Toso,影视剪辑,1886040,148361,2369,4207,51916,10123,5752,273,2026-07-30 11:59:56,BV1zL346TEuB,20260802
花重金凑齐全球17款可乐，喝起来差距到底有多离谱？,记录生活的蛋黄派,美食测评,489711,23099,842,721,3112,2989,610,417,2026-08-01 09:30:00,BV1743y6XERB,20260802
“当全世界都知道你10天后成为超人（9）”,小火猫meme日记,人文历史,393017,26887,1104,451,6942,1356,162,135,2026-08-01 05:44:36,BV1LkG364EGt,20260802
假装摘葡萄，测试家人反应,拉木小伙,日常,593493,65565,1334,1221,11103,1184,1967,185,2026-07-29 09:30:33,BV1M3326rE9S,20260802
威龙“凌霄戍卫”COS！纪念退伍第十二年！战友们八一节快乐！,战辉,日常,1008445,134311,1116,360,6963,3741,610,33,2026-08-01 03:34:00,BV1zaGu6xEjy,20260802
始于一位机械少女，终于一位机械少女,醉酒的丘丘人,GMV,108090,14008,367,138,4251,2053,542,189,2026-08-01 11:56:57,BV19uGV6oEpx,20260802
“欢迎玩家进入副本，好戏开场…”,社恐内向昭爷爷,亲子,1192917,160300,4472,2004,14087,2093,9679,392,2026-07-28 12:46:34,BV1hM3q6QEmu,20260802
太上忘情!凡人文戏藏了多少伏笔?《凡人修仙传》185逐帧解析,利维坦mY,动漫杂谈,430852,29833,3025,2226,2452,9226,578,726,2026-08-01 10:32:01,BV1JiGV6uE1L,20260802
丧 尸 下 乡,次级英雄娄不凡,鬼畜剧场,6146061,227033,5801,6806,55218,31174,41461,443,2026-07-26 11:35:03,BV1yD376HEKM,20260802
【歌手2026】尤长靖《如果你也这样过》 一场盛大的孤独,尤长靖,明星综合,411207,8993,2656,3510,3858,8087,1947,314,2026-08-01 04:11:22,BV1B9GM6HE35,20260802
【整活】石头剪刀布，但是你先出,植物大战僵尸2,单机游戏,522931,26342,1203,141,1226,588,118,42,2026-08-01 11:00:00,BV1ekGu6UEQf,20260802
《釜山行》导演新作！全新丧尸会集体进化，是丧尸爽片还是降智烂作？万字拆解《群体》,迷影至下Filmlast,影视杂谈,230250,8428,680,3313,4426,1184,507,4383,2026-08-01 10:00:00,BV1TZGu6BEpJ,20260802
盛宇yamy打加木翁杰这场是真正的巅峰对决!!!!本场发挥都很不错 这期大家耳朵有福了!!我还是觉得AThree那奇沃夫该赢【艾德宝陪您巅峰第六期上】,ADBABY打你屁屁,乐评盘点,257237,6071,1309,4496,1574,2249,287,2321,2026-08-01 13:52:08,BV1PTGG6gERD,20260802
见到朋友爸妈我就这样,粤知一二,搞笑,484455,39589,216,359,1853,974,260,442,2026-08-01 04:00:00,BV1t4GP6sEVn,20260802
【雾岛学院1x1】自相残杀游戏再度重启，十六位up主如何逃离宿命的循环？「周年纪念篇·上」,安布罗CriStian,单机游戏,200875,22845,4849,34622,15080,13044,1500,4979,2026-08-01 10:00:00,BV1FKGM6sE31,20260802
淘汰盒皮肤外观？幸运鸟窝规则回忆！三角洲第一代数值怪到底什么水平？黑海北极星测评！,Key725,网络游戏,419274,21947,3169,905,4162,4604,755,296,2026-08-01 12:00:00,BV1tnGV6JEX3,20260802
就算只有一个人喜欢 我们也会继续坚持的！,枫清云武侠梦,运动综合,1191526,151936,3252,554,22605,20030,1612,31,2026-07-30 07:14:58,BV1Me3s6jEN6,20260802
从刺杀权贵的革命者到大汉奸，汪精卫为什么转变？【历史调研室103】,历史调研室,人文历史,986750,55265,3926,11323,20178,18195,4645,2310,2026-07-31 10:52:06,BV1W4Gw62ErS,20260802
夺舍成功！今天是囚师傅和小文文的日记——《勇闯柬埔寨》第十一集,王师傅の日记,日常,340682,25347,2486,11033,4815,30584,686,3812,2026-08-01 07:50:09,BV1BdGg6ZEsV,20260802
【明日方舟】直到大地变成一颗酸橙 全剧情流程实况 杨颜同学,杨颜同学,手机游戏,275398,12755,2097,4064,3990,1863,263,26948,2026-08-01 11:57:14,BV1eNGV68Efv,20260802
我装老外给国人唱《中国人能飞》！！,你哇哥233,翻唱,758528,72135,1167,890,6709,2013,2293,287,2026-07-31 10:23:00,BV1mpGw6EEMc,20260802
180卢比成吉思鸡套餐，依旧撑爆鳞片,印度老吃家,美食侦探,3254523,209001,3154,965,18636,4254,5461,151,2026-07-29 15:01:41,BV15g3n6jEk1,20260802
以身入局，澳门赌场究竟有多可怕？,叶小十同学,社科·法律·心理,320687,15562,3231,1802,5804,3723,2040,866,2026-08-01 02:00:00,BV1dyGF6xEgF,20260802
热钱，军队与麦子：香港凭什么躲过97风暴？,空山猎人,财经商业,697501,51889,1377,3467,25851,22260,1779,3601,2026-07-31 03:00:00,BV18c3h6AEdF,20260802
刚认识就给我花钱，你是不是喜欢我？,桃鱼七夕大脸萌,喵星人,864486,85494,336,401,20741,24034,279,304,2026-07-31 03:22:00,BV1LPGw6aEPC,20260802
空爆手雷开创者，打出0比400惊人战损比，他就是二级战斗英雄蔡兴海,传奇档案1,影视剪辑,516513,68376,1371,931,10687,580,1264,96,2026-07-30 08:46:39,BV1Kn3t6XEz9,20260802
王者荣耀这自动寻路太好用了，以后跑图方便了,磊哥游戏,单机游戏,2203596,94607,3542,897,2926,3218,1164,144,2026-07-31 01:00:00,BV1bC3h6eE1u,20260802
这大狗叫魔了！,七成熟的橘子,单机游戏,2133590,135436,2243,1824,37349,8154,10500,310,2026-07-29 10:10:38,BV16U3164EYy,20260802
你们起过最爆笑的外号是什么,脱缰凯Kk,小剧场,1654757,154431,2717,6772,21747,5700,2045,201,2026-07-31 10:00:20,BV1TpGw6JEKH,20260802
300抽0安洁莉娜,百亿亿亿亿,手机游戏,334480,20137,6746,1240,1500,5898,4834,530,2026-08-01 03:57:28,BV1ksGu6cEwt,20260802
13 年老玩家带女儿玩 MC？！,大橙橙橙子,单机游戏,1464935,106207,4648,1661,22042,15090,9014,347,2026-07-30 09:37:40,BV1PW3t6DE9b,20260802
【怒九】进来被我表白！！,怒九笑,单机游戏,488850,43386,1023,2614,13161,11031,939,1159,2026-08-01 04:00:00,BV1cPGM6dEA7,20260802
为什么说中华娘小曲的爆火本质是一场恶性盗版事件？,天黑千夜,单机游戏,257022,16531,1071,634,3422,3938,440,466,2026-08-01 03:30:00,BV1SbGM6BEJb,20260802
免试演员，毕业季,俊俊大俊俊,搞笑,1014094,72239,744,484,5549,1816,2454,132,2026-07-28 05:03:02,BV1ib3Y6QEDj,20260802
珊比的入职测试！【明日方舟】,-碱式碳酸咸鱼-,手机游戏,1022046,46473,2736,570,2358,1397,5305,68,2026-08-01 06:16:19,BV1udG36mEHj,20260802
【荣耀梯度排行69】没有手法，全是强度！,月爱,电子竞技,350049,42499,4613,1735,3245,12550,2629,491,2026-08-01 09:19:20,BV1CyGg6KEG4,20260802
「小白」超前实测REDMI K100 Pro Max：性能到底如何？,小白测评,数码,491642,20295,4110,2404,3849,2329,3481,279,2026-08-01 08:00:00,BV1oyGw6PEJJ,20260802
【我的幽灵女友官方】#122 得到苍蝇帮助的苏茜,dsand00,同人·手书,565142,51645,270,172,4584,1083,311,50,2026-08-01 13:57:10,BV1R4GG6xEnC,20260802
女童基因治疗后死亡，带节奏的报道全都搞错了重点,蓝大侠-遗传学家蓝田,日常,133485,15836,1765,803,4709,13713,1897,1102,2026-08-01 12:12:44,BV1tzGG6EEjU,20260802
《冠军结算画面》,柯洁,影视剪辑,3031117,281802,14748,6141,9103,25513,18004,11,2026-07-30 13:43:28,BV1jp3b6gEsL,20260802
【同人动画】耗时1.5年手搓还原无限城 猗窝座•登场【B萌应援】,Fusilade_炮弹雨,同人·手书,153176,20690,1023,464,7492,14143,1431,248,2026-07-31 07:59:34,BV1xNGA6SE2y,20260802
《3个狗男人跨越2000里的相会》,哈仔十一,汪星人,62261,7093,412,854,738,4174,92,688,2026-08-02 04:49:10,BV1Uc396hE6X,20260802
？！泉奈！？,晓贪猫,日常,639727,62699,1302,1026,29875,3683,3654,91,2026-07-31 13:22:59,BV1bWGP64Ehj,20260802
买奕派M8黄金大六座送130亿公里的老司机？,所长Wy,汽车生活,1571812,44318,1148,1429,4615,2642,1238,609,2026-07-26 10:11:15,BV1h5gY6MEUv,20260802
猪八戒嫦娥《都是月亮惹的祸》完整版,左左柚柚yoyo,影视剪辑,234063,8646,653,303,3562,2978,1350,253,2026-07-31 14:05:35,BV1nzGP6jEhM,20260802
21岁小伙60万彩礼娶00后女生，2个月后就被女生杀害，死因竟是小伙太过讨好！,挖沟连彭沟长,社科·法律·心理,2270374,97023,7736,8285,16264,3382,16428,542,2026-07-30 02:57:24,BV1fS3p64EhA,20260802
有什么在阻止我顺利完成这期伟大的杂谈,果蝇轰,手机游戏,229059,29087,1426,946,4154,7437,430,396,2026-08-01 10:58:49,BV1ZcGV6AEEG,20260802
尼古喵喵这烟抽的有问题啊，我好心帮她改了一下,最上川下山,动漫杂谈,2091394,73471,1418,617,4349,506,1038,173,2026-07-30 06:56:52,BV1dL3s6bEUW,20260802
【星穹杯】星启模式选手岂不是疯狂坐牢？BP疯狂反转绝对无法预料的比赛走向！AG大战狼队，知更鸟能否打破不胜传说？第十七届星穹杯姬子·启行篇正赛！,谁叫我洋葱,手机游戏,220862,22597,1322,2883,3840,10250,2007,2375,2026-08-01 10:38:43,BV16zGV6TEuM,20260802
予愿安洁莉娜 VS 方舟精英BOSS，泰拉人能飞！【明日方舟】,-碱式碳酸咸鱼-,手机游戏,585705,32540,3834,1157,2858,2414,2792,479,2026-08-01 08:51:04,BV1UvGg6GEB1,20260802
和解剖了4000具尸体的法医，一起看了影片中的尸体...,影视飓风,影视杂谈,8878285,504390,9241,23137,140472,112799,27095,969,2026-07-27 09:00:00,BV1QEgZ6rEGj,20260802
争夺蜜瓜的修行【绝区零生日会】,Subutai制,MMD·3D,1604035,179108,2350,1910,58987,36791,10392,275,2026-07-30 12:30:00,BV1GS3z6aE1X,20260802
这扳机纪律你就学吧,杨齐家_,单机游戏,4508985,177940,3882,21918,36234,14295,2067,881,2026-07-30 09:38:31,BV1RK3t6wEH1,20260802
路边一块，用心雕琢，也可以变成大家喜欢的样子。,小梨家的和田玉,手工,3438822,214831,8883,2254,17424,5124,2815,195,2026-07-27 11:47:30,BV12v3w6jEBc,20260802
什么叫冰神真是女娲？,李JOJOJOJO,搞笑,485737,65712,3034,2748,3459,1517,1958,133,2026-08-01 05:55:35,BV1swGG6CEXf,20260802
寒冰射手娘化？外冷内热！,庄特纯,单机游戏,290387,21560,1937,655,4505,3191,601,492,2026-08-01 13:03:13,BV1kQGG6uEfw,20260802
这就是为什么我愿意相信鼠鼠的原因,阿战-三角洲行动,网络游戏,531913,20124,320,341,3235,716,76,322,2026-08-01 01:05:00,BV1F1GM6ZEop,20260802
凌晨你被困在车祸公路，没有活人！但总感觉有人盯着你！,与山0v0,单机游戏,341410,32615,836,1422,7921,7055,219,1013,2026-08-01 07:00:53,BV1JvG36wE4X,20260802
理发师差点被“打到”主动办卡……,山城小栗旬的理发日记,美妆护肤,1633268,89492,848,652,5759,1030,647,129,2026-07-30 08:16:50,BV1N43t6UEFD,20260802
我是诺基亚,海臣W,单机游戏,1020710,70206,1091,1546,9637,3834,401,2558,2026-07-30 12:00:00,BV1VA3x64Eup,20260802
“全网第一个三昔三狼黑塔纪元翻车的主播！”,念熙阿,手机游戏,87864,10729,443,363,1074,3367,315,688,2026-08-02 03:48:16,BV1BF3D6vEyy,20260802
塑料神剧，雷霆台词，土出天际。《这一秒过火》爆笑解说,一只吐槽圆,娱乐杂谈,1338749,49635,2646,7933,6531,2422,8771,481,2026-07-31 02:42:21,BV1DVGw6sE5X,20260802
跟资本对赌！全场都说走 她非要赌上身家再贪一手！《一掷千金》,沫子瞪片,影视杂谈,1271219,47454,2118,7625,6323,4575,1476,1032,2026-07-31 03:43:25,BV1VbGc6xEsJ,20260802
恶人自有恶人磨,脱缰凯Kk,小剧场,443164,35603,1715,1394,3687,1254,255,201,2026-08-01 09:43:58,BV1ykGg6qEFF,20260802
⚡黑 虎 阿 福 摇 一 摇⚡,爱狂三的星总,鬼畜剧场,140171,18554,451,85,4673,2143,1112,100,2026-08-01 08:39:40,BV1uYGg6yEeE,20260802
零基础学物理（36）：电场线、等势线,简单物理一不能学不会,校园学习,1091435,142147,2659,3076,29688,2521,13679,206,2026-07-27 06:34:27,BV124gZ6KEhc,20260802
媳妇跑了、被孤立7年后，这只企鹅爱上了二次元少女,辟谣的大舌头LOOONG,人文历史,3033618,204093,10190,4079,60004,15062,22880,448,2026-07-29 10:00:00,BV1Z43y6QE2b,20260802
无奖竞赛：如何从F35坠毁总结出美国又赢了？,波士顿圆脸,社科·法律·心理,488262,34081,2432,4160,3383,1620,535,457,2026-08-01 11:48:54,BV1eKGV6fEzx,20260802
不是我喜欢的屠夫，直接肘开！,绿豆煮不透,手机游戏,191116,31979,736,213,9785,1315,3350,83,2026-08-01 01:42:09,BV1o7Gg69E6p,20260802
“也许你不该去找他的，托尼。”,乐马不要加班_Edit,影视剪辑,1668212,87499,3935,223,20956,11588,3054,98,2026-07-29 10:00:00,BV1fb3y6nEcM,20260802
王主任：我在无限感受中,应激兄弟1,日常,917997,56467,307,401,5672,619,241,55,2026-08-01 05:00:00,BV154GA6vE1w,20260802
你到底在等什么？,指挥官30,手机游戏,1489412,97415,1129,451,19938,3723,608,134,2026-08-05 13:35:35,BV1yGMy6HETf,20260810
沉浸在自己的艺术中无法自拔,赛赛酱nia,绘画,2543298,161977,7221,1390,12237,2796,5917,104,2026-08-03 12:30:00,BV1K63f6gEcr,20260810
《魔兽争霸3》，用所有魔法强化1个技能，谁能击杀考哥儿？,公孙雅量,电子竞技,119127,6713,767,2760,626,1831,62,1775,2026-08-09 03:30:00,BV1mHu76WE9L,20260810
【2026EWC王者荣耀电竞世俱杯】8月8日 决赛 AG.AL VS KSG,哔哩哔哩王者荣耀赛事,电子竞技,510943,3573,7824,6360,1183,763,292,16356,2026-08-08 13:15:23,BV1Smu36GE6H,20260810
父母去世后患上抑郁症，一个人住了十年，也沉寂了十年。退役女兵的断舍离vlog：用断舍离帮助姐姐走出阴霾,大莉想干啥干啥,日常,507250,51364,1138,754,3645,6131,265,456,2026-08-05 11:05:00,BV12sMC6WELH,20260810
花5万去全球最顶级的音乐节到底值不值？！,杰克小兔,出行,876695,34841,1340,2931,6098,6131,1985,1163,2026-08-06 10:13:52,BV1wpun6HE5C,20260810
《明日方舟：终末地》干员叙事 [梨诺：心与星的焦点],明日方舟终末地,手机游戏,1400987,65312,7465,4858,9551,14533,9227,653,2026-08-08 03:30:00,BV1egub6hEwp,20260810
很久没做巨型美食了，今天炖个2米大鲟鱼，看看手艺有没有退步,李维刚的日常,美食侦探,1525314,121204,3316,4113,5265,6886,1836,508,2026-08-06 09:00:00,BV1hZu76fEUV,20260810
[菲比｜我的世界] 超越生死 【bilibilionly同人扶持计划】,Lm海洋,单机游戏,430342,88145,1727,444,22670,27163,4695,196,2026-08-07 01:00:00,BV1dEuW6SEz6,20260810
这拍卖的东西是人用的吗？！！「拍卖大赛」,夏天y,单机游戏,493686,45516,1052,2682,13591,23745,432,1716,2026-08-08 00:00:00,BV17PuK6TEur,20260810
原神至冬32分钟实机演示【创作体验服】,提瓦特图研所,手机游戏,782207,29797,4970,4699,6790,2906,9738,1948,2026-08-07 04:03:02,BV1Heu46TEgc,20260810
CF的老玩家现在都在做什么？还记得当年三亿鼠标的枪战梦想吗？,国电武术馆馆长,网络游戏,389712,6916,604,434,2864,4189,152,245,2026-08-08 10:45:53,BV1R7uG6QEXe,20260810
阴间网页解谜游戏《邺山彼处》全结局完整攻略、剧情解读与彩蛋 表面看似美好的旅游小村庄，背后竟是全体村民隐藏的可怕秘密,神戳戳的苏神,单机游戏,1396702,99206,443,3818,61061,5091,6444,1145,2026-08-05 17:54:20,BV1iUM161EPD,20260810
依然做自己！要被nba抛弃？威少26赛季有多弱？,业余球探刀先生,篮球,278666,8514,2110,3619,1205,770,446,754,2026-08-08 13:30:50,BV1vBu36EEkP,20260810
啊？你在用红笔攻击纸上的人？,冷库管理员雪糕,绘画,273776,44197,402,67,14056,1688,388,22,2026-08-08 02:12:01,BV1yVuu6oELp,20260810
抢节奏还是压遗产？,凉哈皮,手机游戏,129480,11921,471,250,2681,7150,238,466,2026-08-09 03:00:00,BV1Lsuj6YEkd,20260810
鸭够燥的！,魔鬼厨房Neo,美食记录,174827,11753,247,354,1420,1019,346,208,2026-08-08 12:00:00,BV1jVug62Eh2,20260810
穿越之我是奥特老六（二）,月光Brave,特摄,26394,4327,474,974,1274,2332,622,647,2026-08-09 08:13:06,BV1w1uy6XEk3,20260810
史上第一冤种！史上第一混乱！《低智商犯罪》完结篇,东倾电影,影视杂谈,238104,6658,280,1861,2537,2091,149,4288,2026-08-08 08:36:09,BV1TDuu6YECh,20260810
⚡小嘴一张，骚话之王⚡,洛温阿特金森,鬼畜剧场,350893,37224,554,222,5396,4265,1383,119,2026-08-07 10:00:00,BV1ajub6tEau,20260810
晚自习的消遣方式！,一串大福,搞笑,2872898,138949,1098,2156,23037,3442,721,172,2026-08-06 10:02:05,BV1pJun6pEyg,20260810
为什么国内报道美国那么多缺点，但我出国的同学没一个愿意回来的？,我捞捞捞,影视杂谈,212003,4096,2586,414,1641,520,261,1504,2026-08-08 12:00:00,BV1BpuN6NEWR,20260810
蛋炒饭要想做到粒粒分明 好吃不成坨 注意这个细节#美食 #热门,刘小欠教做菜7,美食制作,1585313,105983,2887,789,50680,2316,4003,119,2026-08-05 09:06:29,BV1L4Mk6PEbi,20260810
物理经济学家，希望得到你的智齿,我叫孙火旺,搞笑,176422,16542,567,583,783,1962,444,149,2026-08-08 09:55:27,BV1Yquu63Es1,20260810
❤️可是4姐小羊觉得菜月昴很热血啊❤️,4姐小羊,仿妆cos,177479,19267,6824,2633,2720,2351,3094,39,2026-08-09 02:36:34,BV1jWuj6PET9,20260810
- 天鹅湖转了一圈圈圈圈圈…,-别吵吵-,仿妆cos,347443,81534,672,52,27681,3686,1757,16,2026-08-08 10:35:56,BV1dJuG6nEKL,20260810
🚀 中 国 人 能 飞 🚀,兔总裁s,宅舞,760690,25730,1306,905,5925,2596,1507,48,2026-08-08 04:25:00,BV197uM6KEpc,20260810
BBW版哈基米  传奇老吴撼地掌,大大波杰克,搞笑,802458,55784,765,357,7497,1152,1851,188,2026-08-07 10:00:00,BV1v1u46fEXa,20260810
"""梦中情约""",老子名字深蓝,手机游戏,420655,28677,789,776,1704,2624,437,191,2026-08-07 16:00:00,BV1egub6hExA,20260810
抓人填线又失败，不给念经就造反，以色列天龙人：消灭所有犹太人！,金花顺子,人文历史,224062,17626,845,989,2101,1945,291,569,2026-08-08 12:15:00,BV1XWuG6mE4C,20260810
《异环》残虹角色短片丨灵魂的颜色,异环,单机游戏,2707496,66157,11909,3502,9566,10336,10603,1034,2026-08-08 03:00:00,BV1RgM16rEe6,20260810
当中式志怪遇到后室：水中好像有什么在看着我？《诡案录》【AI全民制作人】,喵君Mill,短片,235297,14006,488,605,7284,3997,946,734,2026-08-07 04:04:31,BV1G9u46WEjK,20260810
【我的世界宝可梦】新服开荒！2026暑假必玩！和朋友一起联机自由探索原汁原味！体验我的世界神奇宝贝带来的乐趣！,归途宝可梦,单机游戏,321544,62347,837,577,8898,13110,1190,101,2026-08-07 09:11:17,BV1pYub61Ev3,20260810
我好像出了个假国！中国人在纽约建了个新县城？,世茹很如意,出行,5258689,84292,4517,11727,49016,21400,6478,2478,2026-08-05 10:00:00,BV1LPMr6cE6u,20260810
米其林餐厅干不过中餐外卖？戈登肺都快气炸了！《地狱厨房》,沫子瞪片,影视杂谈,751018,40407,1134,2734,5768,2838,467,1064,2026-08-07 09:55:25,BV1ZKub6PEpi,20260810
抽象新闻：7月人类迷惑行为大赏（下）,我是M菌,搞笑,4870867,82615,2076,8499,21091,3430,3880,675,2026-08-04 13:00:00,BV16QuA6qEDG,20260810
逆天！1.9元套餐收60元服务费，老板要起诉勇哥并报警！【网络狠人111】,喵喵即正义,日常,1927841,79461,4930,3915,8880,2642,3580,452,2026-08-06 11:57:19,BV1LGuJ6uEvx,20260810
街头搞笑大冒险，你能坚持第几关？,社恐阿健,搞笑,2045063,142435,4866,2646,20521,2276,5782,184,2026-08-03 13:30:36,BV1kaMR6EEQ9,20260810
2年后重返，打出史上最逆天的一次机瞄！,突击手蜜獾,手机游戏,345730,25090,753,342,2909,3828,320,168,2026-08-08 09:56:45,BV1vvuu6kEd3,20260810
1538/位的洗浴会所包含五顿豪华海鲜自助餐，各种服务细节非常棒 跟着我的视频一起看看吧！,朱海爱吃自助餐,美食记录,167022,8852,326,348,1960,543,1646,2451,2026-08-07 17:53:57,BV1qnuN6iExh,20260810
[明日方舟] 我做了一个奇象巡展全自动像素画转换拼豆软件,JaYJoker,出行,54669,2386,463,123,2420,1249,1329,155,2026-08-08 18:59:44,BV1zXuG6ZEyK,20260810
看到你们私信我许愿得到1万美金，给你们机会！#野兽先生# #MrBeast# #整活# #挑战#,野兽先生MrBeast,日常,1816728,106397,27614,227,2663,3436,722,21,2026-08-07 10:27:44,BV1QYut6dEbN,20260810
老师：逼疯我，就你这题足以…【小学生作业】,比比老师,搞笑,2302538,73475,1151,2843,7169,1676,522,698,2026-08-05 10:00:00,BV1oA3t6PEAK,20260810
B站升级攻略，秒升LV6！,2333游戏,影视剪辑,784614,61631,12168,1631,23802,41582,11969,187,2026-08-03 13:39:52,BV1VQMR6iET2,20260810
航天基地所有藏宝图位置 (1~11),周一不佳班,日常,326329,5415,237,70,4675,1214,427,257,2026-08-07 20:40:11,BV1vhuT6qELE,20260810
四岁被强奸九岁孤儿流浪卖血为生 不是游戏而是现实,波士顿圆脸,社科·法律·心理,762290,52708,3930,6721,7856,5402,3199,1262,2026-08-07 11:43:32,BV1Xjuh6NEtN,20260810
【莱昴】秘密（国王if）,月刺啾,MAD·AMV,65659,15682,1757,695,6578,7495,850,66,2026-08-09 03:56:19,BV1n5uj6gEJS,20260810
为了留住玩家，这款活了快10年的游戏的新玩法有多离谱？,艾力弗恩,单机游戏,229412,14167,169,652,2144,1481,390,268,2026-08-07 13:30:52,BV16Puh6VETS,20260810
我最爱吃农村大席了！,邢三狗子,搞笑,3545576,79664,949,638,14062,1443,459,224,2026-08-05 08:16:06,BV1ZnMk6MEzY,20260810
长大后才真正看懂的电影桥段，这里全是暗示段子！,电影冷知识,影视杂谈,1727699,76285,677,740,10071,934,463,179,2026-08-05 07:33:58,BV146Mk6sEUB,20260810
我已经戒掉核电站了,嘴子吃嘴子吃嘴子,手机游戏,390052,34044,1134,222,7821,781,1030,74,2026-08-07 00:30:37,BV1Eeus6bEih,20260810
争议在质量面前全是纸老虎！作画打戏全程在线！但剧本人设有待打磨！《喜羊羊与灰太狼之破界山海诀》一部水深火热的佳作！,朋友吃醋,国产原创相关,292843,18001,1281,1681,6664,4607,275,1323,2026-08-08 04:00:00,BV1gwuu6KEBP,20260810
小小的唢呐，小小的我【bilibilionly】,浑元Rysn,仿妆cos,1086632,96877,1392,1233,21416,8143,3104,233,2026-08-07 04:00:00,BV1nJuE6yEHt,20260810
带君哥在上海逛菜场，炫本帮面…,野文不懂吃,美食记录,2068926,39653,1851,2405,8188,5269,3339,780,2026-08-04 10:00:00,BV11xMR6pEiF,20260810
《鬼灭押韵梗》哪有什么鬼杀队，不过是一群手握尖刀的孩子们.....,橙子微漫,动漫杂谈,600508,14822,137,349,14913,904,339,150,2026-08-04 13:01:01,BV1YxuA6sEKL,20260810
有个姐姐也还不错,刺妮酱,同人·手书,613822,71814,886,395,19951,7423,1660,135,2026-08-07 10:22:50,BV19but6bE2q,20260810
凡人群像——假如他们是真的在拍戏就好了【凡人官方二创大会】,敬J_Jing,日常,83454,4327,286,473,1200,2558,424,280,2026-08-08 12:43:30,BV164u36dE3L,20260810
有些善意当时没有声音，但总有一天，你会听到它的回响。,小唐勇闯美国-B站版,日常,2047077,373827,2933,678,29425,159371,3370,95,2026-08-03 02:27:44,BV1BG3f6bExg,20260810
CV翻唱丨蕾米埃尔EP《Two to Tango》交缠舞步,醋醋cucu,日常,180012,22648,886,330,4924,5180,980,99,2026-08-08 11:45:52,BV1tRu36qENv,20260810
原来师傅的《九摇坤典》是这样用的！,坤拳_程坤,运动综合,402158,28060,367,87,2430,587,725,31,2026-08-07 12:35:00,BV1m8uh6xE8Z,20260810
【ZYL】三天使队，绝境基塔布鲁51149分,Z.Y.L,手机游戏,895044,94630,12369,1690,15648,39698,30504,275,2026-08-07 10:00:00,BV1bnub69Ewz,20260810
美国良子减肥燃尽，沦为健身教练爆金币流量包,克里斯丧钟,健身,818931,36946,943,503,2747,935,1405,332,2026-08-07 01:00:00,BV1aFun6KESV,20260810
疯狂爆肝一年！《肉络骨巢》第一季【黑雾篇】完结 一口气看完大合集,陌小绿,同人·手书,375970,16827,575,3284,26318,8957,933,19889,2026-08-06 11:05:18,BV1rruJ6EEtX,20260810
“这照片是你吗”,爽哥好爽w,综合,2223593,140762,3005,8464,16011,13279,7920,130,2026-08-05 03:34:34,BV1S5Mr6pEgE,20260810
“不是哥们，你有驾照吗？？？”,尽墨for车,运动综合,254026,12542,325,584,1200,651,190,402,2026-08-08 08:46:15,BV1Euug6JEv2,20260810
我吃遍了吉隆坡最經典的華人街頭小吃，最好吃的是...,丹牛食走起,美食侦探,287654,9815,456,1148,2262,2265,736,942,2026-08-08 03:00:00,BV1Afun6dEMB,20260810
选一只企鹅领养，你会选哪只？,咕嘎苏打饼,日常,802874,50466,981,2401,8905,660,2714,161,2026-08-05 12:03:32,BV1njMy6UE6T,20260810
喷气和杨哥小童发射区打牌，输掉二十年劳动合同,俊杰动画,日常,206606,18682,364,139,1578,1012,237,127,2026-08-08 12:04:28,BV1J3uG6dE3L,20260810
做了一个明日方舟奇象巡展的像素画拼豆转换网站,CEPATO,日常,155519,13916,988,19,10603,3226,3967,37,2026-08-08 13:56:20,BV1Xcu36CEwP,20260810
AZ3捕鱼达人！！！,超级蓝狼狼,同人·手书,587185,33185,854,874,6580,1911,235,184,2026-08-08 02:00:00,BV1DduK6hEUg,20260810
鉴定咬伤粉丝的毒蛇(37)广西一男孩被五步蛇咬伤后毒牙断在了伤口里？,世界记忆大师龙雅,科学科普,7565273,183294,4797,3709,40887,12234,2029,358,2026-08-02 10:30:00,BV1853z6xE7x,20260810
什么？竟然是魔法少女方..方...方源？如果方源转生成为魔法少女会怎么样？《魔法少女方源》第一集,吉小满丿,综合,147263,10674,741,564,3581,693,1522,300,2026-08-07 14:07:13,BV19vu86AEbC,20260810
《小杨说点事08#》,小杨Johnson,搞笑,920521,71271,1255,6386,19157,28382,912,585,2026-08-07 04:00:00,BV14Rup6TExP,20260810
连续撤离成功100局会发生什么？黑屋坐穿还是外挂横行？（第二期）,X鸽-三角洲行动,手机游戏,132112,9846,273,411,1783,1933,30,286,2026-08-08 13:14:21,BV18mu36GEDP,20260810
【7月特辑】胖人大舞台，想看你就来,川岛咩咩子,日常,108253,7323,935,1649,1169,1091,206,3750,2026-08-08 11:51:24,BV1nguG64EFT,20260810
动漫瞎扯淡:最性感的是？,木叶铁头娃,动漫杂谈,680552,55709,1764,863,32131,1531,2544,88,2026-08-06 04:01:26,BV1PQuE6XECs,20260810
“闰土哥，你来了。”  “老爷……”,洲宝八丶,影视剪辑,5377985,174165,3802,452,40598,2764,5219,98,2026-08-04 10:12:13,BV14vuc6rEn6,20260810
佐娅 你的兴趣有点怪,蹿稀青年宫二狗,同人·手书,265481,37342,650,290,11819,1518,450,116,2026-08-08 12:51:07,BV1rxu364EWh,20260810
一年卖出8000万日元的柴鱼作坊，把新鲜鲣鱼做成本枯节全过程耗时6个月最硬食物！,大鹏和你看世界美食,美食侦探,371427,9819,891,2933,2392,1856,312,1472,2026-08-07 10:00:00,BV1Mxub6HE8o,20260810
千年铁树开花了！千纱终于向伊织表露心意！【碧蓝之海#86】,阿阿阿阿伟蜀黍,综合,682853,36738,6395,2219,12832,26993,5967,384,2026-08-07 10:23:20,BV1Lbut68EaF,20260810
非遗文化博大精深，非遗文化燃起来了#万物皆可跳梦的翅膀＃梦的翅膀受了伤,陈之猴,日常,4888211,678335,10591,10054,90631,49617,22524,27,2026-08-04 03:20:12,BV1cxuF6ZEq3,20260810
我给环卫工送水，跑完了3公里,L泓帆,日常,40378,9538,344,184,865,5428,142,209,2026-08-09 06:04:46,BV1U9u16KE7H,20260810
圆梦魔法学院！脑洞即是终极魔法buff，玩乐搭子变身传奇巫师，自由拼搭魔法世界，闯入无限创意魔法次元！,雨哥到处跑,日常,103180,7638,235,896,708,742,61,1470,2026-08-08 11:00:00,BV1yJup6cEjU,20260810
接龙挑战|这串数字，竟是生命最好的答案？！,唐立梅科普工作室,日常,207050,24102,766,607,3836,1811,449,169,2026-08-08 10:30:00,BV1Ygub6hESJ,20260810
蕾米埃尔：叽里咕噜说什么呢给你一拳,呵纹Hevon,同人·手书,290797,40239,370,938,5732,3231,664,125,2026-08-08 10:27:12,BV1ijuG6pE66,20260810
外星人访谈第37集：抑郁症的命名有什么问题？抑郁症的本质是什么？我们要如何改变？【AI全民制作人】,大漠浮沙,科学科普,461545,37414,1170,234,8617,657,418,155,2026-08-07 08:08:59,BV1bpub6pE8j,20260810
我拍下了我此生难忘的照片...,ALSM倫多,单机游戏,178218,17205,697,1588,13160,8248,1071,2877,2026-08-08 03:15:00,BV1GXuP6dEMV,20260810
当你从戒网瘾学校逃出来，回家看见父母的样子（接上集从围墙上跳下来）,能大动画抽象版,综合,3111652,56369,239,354,33430,1430,212,155,2026-08-07 09:30:00,BV1h5ub6ZEop,20260810
方块回归接力生存第一期,李飞雪_,单机游戏,887915,20649,196,797,13827,1140,49,1003,2026-08-08 07:35:18,BV1Mhug6NEox,20260810
当欺负过你的老师，成为了你的下属……哈哈哈,二阳咂-,小剧场,309812,32233,368,241,2458,597,110,281,2026-08-08 09:27:30,BV1zsuu6JEih,20260810
【不齐舞团】今年的风吹一夏，期待很久了吗？,不齐舞团,舞蹈综合,415720,41916,383,179,1851,1421,294,24,2026-08-08 10:40:00,BV1JHuE6VEMo,20260810
青年强则国强之清华毕业生,魏中咸,人文历史,1142159,73187,2129,2862,3578,1112,726,332,2026-08-07 00:00:00,BV14Vup6NEkF,20260810
【深度】物业正在批量“抛弃”小区，二手房的致命一击已经到来！,CLS同学,财经商业,419894,15880,2331,1163,3137,558,1060,700,2026-08-08 06:00:49,BV1nLMk6rENx,20260810
东北13元一屉的爆汁大馅蒸饺配着爆辣炒米粉，依旧姐妹放纵日！,方芳的快乐生活,美食侦探,261967,14170,433,1171,1714,6257,263,1217,2026-08-08 09:18:51,BV1Fsuu6nEv7,20260810
我的流浪猫们，生活环境再一次升级,五月妈院儿里的小流浪,喵星人,190465,36709,382,483,2906,18364,245,251,2026-08-08 03:00:00,BV1ajub64E46,20260810
【本家投稿】MOPPARA MUKBANG feat. 初音ミク【appy】,appy_7,VOCALOID·UTAU,581464,55372,1884,1664,30383,7540,880,153,2026-08-07 11:00:00,BV1JUMB6YEfr,20260810
如果做饭可以不开火，6个免流汗的适夏料理,泡厨房的顾小胖,美食制作,288480,16575,374,364,10466,3693,1005,329,2026-08-08 09:00:00,BV1aHug63EXf,20260810
卢雅娜毁了发育路,爱鸽manaka,日常,832652,15660,2309,647,5279,891,808,382,2026-08-07 15:09:21,BV1xgu86nE4W,20260810
Who is the Boss?,柯洁,影视剪辑,3879324,516199,19878,11230,27876,35255,23619,30,2026-08-07 02:42:41,BV1TAut67EKg,20260810
【吉吉国大电影】♿棍出没之雪岭旋风♿（86分钟完整版）,Minecraft_凋独秀,鬼畜剧场,106179,12545,864,1022,6343,4371,2285,5175,2026-08-08 04:32:05,BV1MsuM6hEqz,20260810
“再晚几秒就会夹到孩子的手！”男子狂奔救下6岁男童，摔倒后忍痛起身的一幕，看得心疼......谢谢你，好心人！,人民日报,日常,4109908,134932,2566,2412,4878,1334,1989,27,2026-08-06 14:53:51,BV1iRuH67EWx,20260810
禁止出境的【国家宝藏】—曾侯乙编钟,镜伊娃娃,手工,917856,152651,3621,3265,22787,85870,2906,851,2026-08-06 00:17:42,BV1k1MS6PEzA,20260810
暴雨.寻鱼,三叶草钓鱼,运动综合,1134726,87350,1451,2197,4628,2778,758,484,2026-08-06 09:00:00,BV1yTMy6REmN,20260810
什么！竟然是夏日服饰？！,神Baka,同人·手书,298826,20627,342,301,3401,1219,861,213,2026-08-07 08:31:13,BV1X5ub6ZEGZ,20260810
【翻唱】『且听风吟』风会告诉你，远方何处去,思诺snow,翻唱,57730,10989,1091,308,2501,9853,626,268,2026-08-09 05:00:00,BV1pvub65EaY,20260810
鲁豫对话钟美美：从13岁到19岁，欢迎来到成人世界 | 陈鲁豫·慢谈EP23【视频播客】,陈鲁豫-慢谈,人文历史,2733174,52957,2484,13102,24994,17244,8338,11140,2026-08-03 04:00:00,BV1CTGc66EFB,20260810
一个视频告诉你，自律的杀伤力有多大,猪坚强jqsg999,日常,753801,43836,1020,244,2017,1122,557,61,2026-08-07 13:00:49,BV1yRu86JEoU,20260810
中国选秀歌手，成邪教教主，与女信徒签订身体契约，69岁女信徒被活活折磨致死,挖沟连彭沟长,社科·法律·心理,637323,16360,1090,1262,3964,7563,867,861,2026-08-07 03:08:03,BV1ZHut6PERo,20260810
憋笑挑战！！太上老菌蛋！！,MC贝勒,鬼畜调教,1177204,66200,1956,1925,8539,1000,965,152,2026-08-05 09:00:43,BV1hvMk6ZEU5,20260810
jennie的危害性被严重低估了,_刘芹菜,娱乐杂谈,1530044,59803,3481,6163,11511,13202,3842,602,2026-08-05 11:10:50,BV1HFM16JEcW,20260810
当我掰开许愿柳 想满足私欲 不劳而获：,大海的鹅纸_,日常,98684,21310,177,128,1064,3600,67,97,2026-08-08 09:32:00,BV1Bxuu6UEJr,20260810
曼玉火山主题SPA日,是曼玉不是鳗鱼,汪星人,2465996,139631,1814,1751,23090,2503,2895,95,2026-08-03 09:45:00,BV1Nr346JEsS,20260810
『抽象宝贝』抽象宝贝中心大对决！,王葳-,鬼畜剧场,111858,25959,771,586,9053,5825,3860,310,2026-08-08 10:00:00,BV1rpuu6DEhZ,20260810
为家乡献声！周深《每个人》MV正式上线！,卡布叻_周深,MV,690850,47734,3974,3739,17412,35123,4099,231,2026-08-07 04:00:00,BV1qXuH6UERW,20260810
偏振悖论：明明多挡了一层，消失的光为什么又出现了？,科学认识论,科学科普,503769,29472,280,153,5095,694,438,319,2026-08-07 12:00:00,BV1FEut6TEka,20260810
100万现金和100万房贷的的区别,金刚杰公主,日常,999047,59869,1280,247,10705,1451,2297,90,2026-08-03 10:09:35,BV1v2MX6cE6b,20260810
当我试图驯服AI做短剧（6）,打工喵i,影视剪辑,3865681,176954,1337,862,19418,4332,6172,74,2026-08-02 12:35:00,BV1zT3R6jEct,20260810
暑假作业小剧场，经典剧情再现,脱缰凯Kk,小剧场,383400,31424,720,942,3256,1029,169,228,2026-08-08 07:15:51,BV13pug66Eut,20260810
【小师妹达妮娅】师兄，你怎可如此不知礼数！,这下晚了,GMV,315119,26943,614,517,8181,2691,1828,174,2026-08-07 03:40:00,BV1j6us6sEVr,20260810
每天一只小龟龟第十五天,东营港哥,美食记录,1100973,46972,1750,1921,5091,1113,1061,640,2026-08-04 15:28:23,BV1NrMB6MEGc,20260810
恋爱军师的神级救场瞬间,不凉少年派,搞笑,544358,33308,395,331,3109,1530,376,146,2026-08-07 10:00:00,BV1E1ub6qEjB,20260810
陈翔六点半：已知的数字，未知的人,陈翔六点半,小剧场,8753061,138426,1242,2101,17035,4372,2038,376,2026-08-02 10:58:52,BV1Gz396iEa1,20260810
那些快被遗忘的童年神作！你还记得吗？,贪玩的薛定鹅,日常,171902,13098,76,559,2069,1739,260,264,2026-08-08 08:00:00,BV1eLug6LEmX,20260810
还来！！！！！！！！！！！,布白一点不白,单机游戏,3008226,298461,2601,1289,74422,10455,4109,138,2026-08-03 05:52:29,BV1xwMQ6GEix,20260810
你可能不认识我，但可能听过我的歌——我是Jagwar Twin,JagwarTwin,MV,362323,79706,1274,609,14152,3489,776,89,2026-08-07 09:00:00,BV16dux6AEoA,20260810
方块赛跑第一期！,把我的装备还给我,手机游戏,469153,41859,503,939,5635,1441,593,100,2026-08-06 01:30:00,BV1d7MS6pEC1,20260810
猫是猫,待到春来冬夏去,日常,257659,50713,1263,2047,7061,5528,1570,53,2026-08-08 10:28:34,BV1ijuG6pEBt,20260810
a day in paris,CORTIS_BIGHIT,MV,401671,49316,1926,55528,16061,9292,956,2064,2026-08-07 12:00:00,BV1kRut6rEpz,20260810
老赖借钱不还怎么办？,星星学院Master,财经商业,1562578,201603,512,43,234168,7186,5352,47,2026-08-06 04:29:24,BV1pFuJ67EPK,20260810
第666枚核弹，献给我最爱的122炮重坦杠二,彗殒_Starfall,网络游戏,89170,12353,772,833,1356,1901,395,469,2026-08-09 04:00:00,BV1kEGN6UEJj,20260810
浅谈侠隐柱间，时隔半年终于见到个数值正常的忍者了，古风长发男一键横扫决斗场。——【火影月旦评】,子姬o_O,手机游戏,225273,13027,517,196,2495,1304,938,223,2026-08-08 10:03:49,BV182uu6NEXC,20260810
【登陆少年】2026TOP登陆少年组合‘浪漫主义’系列演唱会「梦寐以求」Day1,登陆少年组合,明星综合,212086,10333,1794,85909,4407,2166,381,10911,2026-08-08 11:00:00,BV13xuG6jEHN,20260810
4岁萌娃在家遇火情，上演教科书式自救。为小朋友点赞！,新华网,日常,2486999,167198,3408,240,7442,1659,2382,47,2026-08-06 09:28:24,BV1mgun6bE8H,20260810
谁敢挑战听完QQ音乐巅峰潮流榜？,阿张RayZhang,乐评盘点,515354,17426,1807,6746,2784,2661,1561,814,2026-08-07 08:36:38,BV1Waub6jES1,20260810
【扒】当牛灭绝后，纯素肠燥的能擦出火！《飞出个未来》复播,周扒片,动漫杂谈,738715,30677,291,432,2994,1099,144,446,2026-08-07 08:30:58,BV1aVub6bEzQ,20260810
最后的无言,creeper_qwq,单机游戏,146367,27475,929,494,11028,5823,1490,405,2026-08-06 08:17:12,BV1eiun6rEnC,20260810
三角洲策划你到底要干什么？!😡假装学人类做游戏这一块！,乔伊奥斯托雷,网络游戏,363810,20396,1399,679,4044,4281,1459,511,2026-08-07 10:30:00,BV1iDub6PE83,20260810
我感觉这像是另一种数值检测，评分太低下把就完了,磊哥游戏,单机游戏,739162,57999,2339,571,1892,2410,659,142,2026-08-08 01:00:00,BV1D6u86fEXY,20260810
接下来该到什么话题了？,不凉少年派,搞笑,2268301,186775,4875,1488,17913,1662,1637,121,2026-08-06 09:00:00,BV1rpM26pEjq,20260810
植物大战僵尸海绵宝宝版，day7小蜗,铜锣戏语,单机游戏,606094,34004,1199,409,3319,2359,891,261,2026-08-07 14:59:47,BV1P3u86SEKE,20260810
今年我还想带豆豆回国，有戏没？,西班牙陈挺,美食记录,267722,22909,547,1250,1003,799,124,590,2026-08-08 10:00:00,BV1FQM66uEzm,20260810
被批侮辱农民、虚构画面？课本名画《父亲》背后的真实历史是什么样的？,二二酸酸,亲子,484028,32041,1540,750,6523,3477,340,499,2026-08-07 09:35:00,BV1SJub6sEiv,20260810
只要有人在传递温暖，这座城市就不会冷,猪头新一呀,美食侦探,311463,66089,987,396,3361,17423,285,346,2026-08-07 10:17:20,BV1qAub6KEav,20260810
【本家投稿】お返事まだカナ💦❓おじさん構文/还没回复吗？💦❓ 叔叔式回复😁❗️ / 雨衣,吉本おじさん,综合,147445,27361,2285,968,9963,5620,813,189,2026-08-08 04:00:00,BV1QBu86cEhn,20260810
对 抗 路 迎 来 大 变21.0,一只白色QvQ,手机游戏,771730,35036,684,306,1416,978,483,126,2026-08-06 10:00:00,BV1uuun6cE5f,20260810
【人森】用两个AI捏人，竞争傲娇粪！,里昂聊游戏,单机游戏,47480,5746,613,3822,1825,876,91,2101,2026-08-09 07:48:49,BV1EQuy6UE9e,20260810
新三国up锐评神探狄仁杰10：一个仁之方谦，一个义之方谦,吃蛋挞的折棒,影视剪辑,523079,31397,3140,7140,4377,13797,390,1751,2026-08-08 02:00:00,BV194uN6aEXT,20260810
写透《百万英镑》的文豪，为何亏成北美顶级韭菜？【马克・吐温】,柳行长,财经商业,268866,20387,323,364,2909,859,187,1125,2026-08-08 08:40:39,BV1jgug6UEa2,20260810
心脏移植：一个疯狂的猜想，如何改变全人类的命运？,大圆镜科普,科学科普,573059,59244,790,1175,6992,1514,494,475,2026-08-08 00:02:49,BV1GVuK6cEMv,20260810
【节奏术力口1.0】震撼首发！x 可以随时玩的术曲？！全新音游来了【B站AI创造公开赛】,墨白茜兔,音游,320986,44076,3226,795,22529,22639,2132,161,2026-08-06 10:00:00,BV1rvu76yEJJ,20260810
这狗可能有病,潘宏爱玩狗,汪星人,2107118,180787,3835,2432,10466,5169,2878,211,2026-08-05 09:36:57,BV1RVM16zEuM,20260810
逆天小游戏2355,小白云玩游戏,单机游戏,1673256,128000,713,798,5448,1023,229,50,2026-08-07 10:00:00,BV1WYub61EtF,20260810
我花了1600做了个新发型，你们来给我打个分儿。。,王师傅の日记,日常,125592,7477,1593,5791,714,4097,214,825,2026-08-09 04:02:53,BV1n7uj6MEyi,20260810
建议严查“赵一鸣必吃榜零食”！中国人能肥！,穿毛裤的小拉泽,美食测评,3371952,45120,1230,3419,23176,5004,3735,873,2026-08-06 08:50:00,BV1uvMk6ZEay,20260810
43岁生日 我决定送自己一份特别的礼物,李白白LEO,美妆护肤,560695,41668,1798,838,3055,766,1794,169,2026-08-07 06:57:35,BV17kub6zEdS,20260810
《绝区零》叶瞬光——流光,Na2SO4-,翻唱,124226,17937,490,281,6473,5849,1210,292,2026-08-06 13:57:33,BV1ZSuH6DEUf,20260810
于是，大果磨平了我的棱角♿（Life Goes On）【B萌应援】,大水母绚烂,MAD·AMV,199653,11690,823,132,3504,2906,1822,88,2026-08-08 12:05:55,BV1B3uG6dES9,20260810
“最严丝合缝的一集”【真正的和平模式】,极光子,单机游戏,2720614,77404,981,841,39237,3016,1526,130,2026-08-05 03:28:00,BV138Gc6REs5,20260810
一碗面养出个状元,WHXTA,日常,394128,35837,1593,2367,13915,21792,1852,2749,2026-08-05 04:52:00,BV1XcGu62EQ4,20260810
【5个月爆肝240分钟】自制《轩辕剑:天之痕》动画大长篇-总集篇 AI制作同人作品,海月梦香,GMV,83921,5047,554,584,4445,4771,731,15090,2026-08-08 02:00:00,BV1Swuu6NED1,20260810
别人随手不要的饼渣，却是这个眼镜小哥一天的口粮,小唐勇闯美国-B站版,日常,1913107,134809,2420,863,14151,7592,498,86,2026-08-05 06:27:32,BV1LNMC6MEV4,20260810
经常借车的仁义伍叔叔2,大瑶同学remix,搞笑,520911,50579,880,811,1559,4516,398,253,2026-08-07 12:50:00,BV1h5ub6ZEXF,20260810
旱灾、火灾、河水减少、电力紧缺，2026年欧洲太刺激了,肝帝董佳宁,社科·法律·心理,90327,8942,450,837,1319,757,67,861,2026-08-09 02:41:11,BV1qsuj6YEuS,20260810
再见了，所有的崩坏。,果蝇轰,手机游戏,574859,48131,3772,2404,11865,10949,1651,585,2026-08-07 10:42:10,BV1vtut6cEJA,20260810
《 峡 谷 推 土 机 5 6 . 0 》,天劫星李信,手机游戏,672938,37563,395,195,2401,592,582,127,2026-08-06 10:00:00,BV1gcM26BENX,20260810
世界上最帅的二战冲锋枪！德国的象征！后坐力竟然很小？,老李船长,出行,994947,58297,1671,2576,8088,4494,663,806,2026-08-07 09:05:00,BV1iPu46oErv,20260810
随机修改大脑的某个部位，可以获得哪些超能力？,李白尼的猜想,科学科普,616678,27001,573,756,10877,5152,217,253,2026-08-07 06:11:42,BV1wSux6ME9c,20260810
00后女生隐居深山，遭遇特大暴雨，屋无干处，菜亦遭殃,黄豆的山居生活,三农,235779,10235,883,616,1816,3991,191,383,2026-08-07 09:57:24,BV1vgub6hEko,20260810
妙脆角幼崽的诞生,多影织,特摄,2986006,38174,285,266,32331,1370,1208,125,2026-08-05 08:55:00,BV1wUM663EVA,20260810
融合植物568：究极小松炉！,蓝飘飘fly,单机游戏,187889,9789,1228,745,1337,994,463,324,2026-08-08 23:00:00,BV11Eu36wEms,20260810
为了上冰岛冰川用卫星拍COS 我准备了13年【BiliBilionly同人扶持计划】,名羲MX,出行,124450,10595,205,337,2931,1603,183,975,2026-08-07 04:00:00,BV1fXuW64EW1,20260810
幽默“混的人”螺蛳粉边上摆摊卖潮牌！小吃风味衣服耍起，四天卖出一件绷不住了,网友暮雨,日常,401051,14886,987,1885,3020,1033,500,667,2026-08-07 03:30:00,BV1T1uE6oEeC,20260810
出差回家看望家里80多个孩子,喵君是个大聪明,小宠异宠,147999,16439,1128,446,671,1444,572,136,2026-08-08 10:29:07,BV1ijuG6pEuU,20260810
至冬赛级建模！奥黛塔,自由魂儿儿儿,手机游戏,162935,9391,225,192,1114,664,105,200,2026-08-08 09:56:55,BV13yuu6qEKa,20260810
看完7月新番，我走火入魔！浑身燥热！【泛式】,泛式,动漫杂谈,1756082,160501,8406,10348,38049,80376,11310,830,2026-08-05 12:58:12,BV1tcMy6fEEU,20260810
沪漂小伙下班花82块在出租屋里涮火锅，吃得满头大汗太爽啦,小岳来了24,美食记录,347192,7832,270,514,1963,1361,237,687,2026-08-07 11:40:00,BV1kmux6BEmy,20260810
《少女前线2：追放》版本活动【寂静的匹丝缇】介绍PV公开！,少女前线2-追放制作组,手机游戏,311836,7679,816,132,2460,539,496,172,2026-08-08 09:00:00,BV1Xvut6sE7U,20260810
自制沙拉,大鱼蛋哟,美食制作,922686,55750,1181,740,7668,1201,1068,226,2026-08-03 14:16:02,BV1egMR6YEuB,20260810
火鸡面酱辣度挑战重磅来袭！,猎奇三健客,美食测评,1202780,15147,413,708,4691,2985,764,351,2026-08-07 10:18:55,BV1wout63Ejc,20260810
菲尔兹奖得主出的围棋死活题到底有多变态？,棋手战鹰,桌游棋牌,221850,6559,751,418,996,1183,271,668,2026-08-08 10:11:53,BV1VpuG6EEE7,20260810
好会阴阳艺术！求借我一张齐豫的巧嘴,IVEN小耗子,乐评盘点,337410,5092,728,193,1247,527,1060,145,2026-08-07 19:13:58,BV1CguN6VE25,20260810
什么年代了还在做诸葛王朗传统鬼畜,浅澄月,鬼畜剧场,852184,68485,660,655,8735,3177,770,135,2026-08-04 09:52:01,BV19puc6UEVg,20260810
备受期待的王者万象棋，真的好玩吗？,清酒好可怜,电子竞技,329336,27882,881,795,2401,1610,119,307,2026-08-08 07:28:19,BV1Kaug6eEiC,20260810
极度痛苦后的“重生”？从人类向怪物的转变！Walten Files 5第五卷《沃尔顿档案》,阿力阿力栗,单机游戏,154081,8110,544,1068,5974,976,502,2114,2026-08-08 09:00:00,BV1sDuT69E4d,20260810
🎵”只因为你那渴望自由的心脏“ |《反乌托邦×拼接遗憾》/AI東 雪蓮,东洋雪莲,翻唱,178261,21583,480,75,11189,2562,788,117,2026-08-08 05:18:04,BV1BKuM6CEbu,20260810
用爱感化反派后，她们觉醒记忆找上门了【雅娴篇】,圆桌动漫,同人·手书,196646,13688,2171,10223,7624,8885,655,13392,2026-08-08 02:00:00,BV1cwuh61Epg,20260810
她把中餐厅拍成了变形记，坏了也没变好啊！,刘哔电影,影视杂谈,1351194,39305,3235,6104,5699,9249,4251,979,2026-08-05 13:29:33,BV1pVMy6DEmX,20260810
什么是步坦协同？本期视频够硬核了吧！,长欢与大头,人文历史,395605,37624,1097,342,4104,4012,237,119,2026-08-05 10:29:40,BV14mMy6tEjE,20260810
当MC的方块和生物都是破碎状态！该怎样生存呢？,小橙子姐姐解说,单机游戏,3779386,116013,704,2393,43115,5995,250,387,2026-08-03 09:05:00,BV1eyMD69EnZ,20260810
亮记闲谈-“二蝇吃屎蛾”为什么长这样？法布尔为什么不认可进化论？,无穷小亮的科普日常,科学科普,673914,53900,1643,2519,3755,1522,546,1334,2026-08-07 08:00:00,BV1yWMD6ME4o,20260810
【模拟恐怖】A市虎年春晚录像带｜恐怖｜怪诞｜伪录像带【AI全民制作人】,SillyZ_随机混搭版,影视剪辑,121656,4094,477,1095,2662,1695,440,907,2026-08-07 11:03:29,BV1K1ut6UEEc,20260810
热血高校,脱缰凯Kk,日常,1361764,97933,3380,3450,9725,3893,707,269,2026-08-06 09:31:34,BV1Tgun68EKn,20260810
四秒表又秒了！谁被秒了你别问！aespa芝加哥音乐节Reaction！,奥里卡豆,乐评盘点,151438,7621,2592,4835,1471,3153,411,2004,2026-08-08 11:10:01,BV14iuG6zEP1,20260810
留子单曲《普通留子》,加拿大俩哥特,美食测评,355809,22263,321,54,2125,690,454,132,2026-08-07 11:28:00,BV1Nuut6VEc2,20260810
想报化妆课的姐妹可以先跟这个视频试一试,群宝无敌,搞笑,162913,20634,342,269,26682,3493,853,1646,2026-08-07 04:37:15,BV1Uju46UEhQ,20260810
【完整免费版爽看5季】全网首发丨逻辑最严谨最烧脑的大体量规则怪谈！,暴走阿泽z,同人·手书,26179,2141,148,206,2906,980,53,64236,2026-08-09 03:00:00,BV1scuG6YELo,20260810
【散人】国产悬疑推理《杀死影子》 十年谜案 探寻真相（已更新至P4）,逍遥散人,单机游戏,572059,58063,763,7978,19707,8415,1029,35316,2026-08-06 04:26:52,BV17uuJ63Ew1,20260810
和美国Cosplay网红约会一天？！,邵艾伦Alan,设计·创意,631706,13979,1784,2462,8611,3201,957,1009,2026-08-07 01:49:39,BV1k4us6PEgU,20260810
卢本伟的打牌日记3|巴旦木公主请“开”牌,三国百将牌,桌游棋牌,2613784,23614,1343,847,6366,4598,8453,770,2026-08-05 02:55:00,BV1ZFuP6wEPW,20260810
“精日”病得狠狠治,环球网,日常,308786,75143,1998,1874,3763,4368,1688,521,2026-08-06 10:07:41,BV1x5un6oEw5,20260810
其实第一次见面，我还觉得你挺高冷的,三角猫不理,同人·手书,514631,19074,305,1055,7972,635,120,152,2026-08-08 09:00:00,BV1iDuJ6GEsU,20260810
1800元暑假神机！2K分辨率游戏通吃，堪称最稳定的炸弹，就问送你你敢不敢要吧！《人人有机用 番外》35,香蕉丸子加番茄,数码,117625,5798,2129,607,2105,3337,524,573,2026-08-08 09:45:00,BV1C5uT6EENg,20260810
直到大地变成一场演唱会,苦力怕到此一游,网络游戏,96213,11320,469,124,981,601,334,71,2026-08-09 06:00:00,BV16Euj6qEMC,20260810
超高校级的福瑞控,文静若叶睦,综合,128468,16287,1362,598,3573,2059,5391,286,2026-08-08 08:30:54,BV1tcut6UEAZ,20260810
看完3609条热门后，我做了个播放量预测工具...【B站AI创造公开赛】,Git源宝,校园学习,168728,5324,146,269,3062,2154,630,293,2026-08-08 06:30:00,BV1NbuM6ZEXb,20260810
咪听说最近很多小猫都丢了妙脆角～,月亮一猫,喵星人,968334,187125,2644,1357,30858,1469,3966,10,2026-08-03 08:28:38,BV1boMX6WEc9,20260810
搬瓜的精神小伙写作文：妈妈，你是否也打听我呢？,丁一之旅_,三农,6666641,135272,2018,888,87382,18988,3095,406,2026-08-03 09:16:41,BV12PM96UETf,20260810
异常管理局：否定文明,诸葛皮皮9527,小剧场,170492,24152,418,123,2000,536,77,104,2026-08-08 09:00:00,BV1qMuh66Evz,20260810
白色的性价比,白菜家的AMD,数码,328528,39112,1355,630,6237,529,2107,271,2026-08-05 08:46:40,BV1J7Mk6gEkd,20260810
一年倒闭2.5万家！曾排队3小时的烤鱼，为什么现在没人吃了？,财经不眠姐,财经商业,1331995,31835,5981,4201,5342,1843,2453,572,2026-08-04 09:00:00,BV1CCuc6NEhC,20260810
上海街头偶遇非洲贵族，没想到还这么懂中国梗？,汤姆的混乱空间,搞笑,590830,34753,1026,2605,4229,1490,878,804,2026-08-07 10:00:00,BV1gfub6ZE9v,20260810
《重返未来：1999》3.9版本PV：重燃！流金之海,重返未来1999,小剧场,1005092,31092,8098,7581,5936,6988,6310,648,2026-08-07 04:00:00,BV1eUGw6hEAR,20260810
养到绝世好猫了！,宫百万_,喵星人,2383907,188744,3535,995,10213,1323,6333,50,2026-08-06 00:00:00,BV15iMU6HE1Q,20260810
【黄金裔/准备出发】“曾许下心愿的出现”,故知_L,GMV,106245,19048,1839,723,7134,782,8320,77,2026-08-08 09:00:00,BV122u86RECB,20260810
大白兔奶糖包装火到国外？80年代的审美为啥会消失？,三口草莓,人文历史,154807,14827,682,360,6880,3185,348,630,2026-08-08 09:15:29,BV1iauu6yESY,20260810
不错…吃的脑瓜子嗡嗡的,李李真会吃,美食记录,391219,29782,1155,2552,2296,1632,493,365,2026-08-06 15:21:24,BV13xuH6MEWe,20260810
你们都是玩梗，我是真被电了,Serin塞琳,搞笑,486980,41285,2019,1062,14040,3447,889,145,2026-08-07 13:31:24,BV1zwuh6yEY2,20260810
【咕嘎饭馆】水晶虾饺出笼啦！【bilibilionly同人扶持计划】,陈千语Sama,综合,403384,38837,424,469,6449,3278,597,81,2026-08-07 23:00:00,BV1WZu86EEsV,20260810
《圆蛤小狗爱正义》,龙三条,综合,598807,32435,838,1317,4534,1476,536,1263,2026-08-07 03:30:00,BV12iuH68EjE,20260810
完全看不懂中国网络梗的日本人，被40位中国人一人一句写出了一首神曲,梗王P_NERIAN,音乐综合,4336135,315505,9746,7277,77909,14631,19424,87,2026-08-02 21:59:47,BV1TY3o6TEqR,20260810
老红vs老白~谁更快嘛😅赢了必须要狠狠的嘲讽🤣,-超级小能猫-,搞笑,1426009,116466,1962,12109,11249,5171,975,242,2026-08-05 11:59:15,BV16jMy6UEmM,20260810
穷玩车，富玩表，顶富还得玩大头儿子天天乐跑【周余】,不知所措的周余,动漫杂谈,67857,6254,312,360,1390,820,115,243,2026-08-09 03:45:00,BV19KuL6dE71,20260810
【re0/菜月昴if线】傲慢、强欲、愤怒和嫉妒昴们的感知检定手书,在大肠里悲鸣的史,绘画,88196,19241,1034,402,7847,7604,720,109,2026-08-08 03:12:04,BV1oDuM6CECL,20260810
一口气看完：长篇悬疑恐怖反转动画《爸爸的小秘密》,_愚蠢的人类啊_,同人·手书,97503,6820,291,260,4278,1193,421,2722,2026-08-07 11:23:21,BV1SBut6pE9b,20260810
【邓肯】泰国爱侣湾君悦酒店恐怖传说——全球鬼楼巡礼！,勾手老大爷邓肯,人文历史,995563,45480,2261,4358,13156,7260,1748,1847,2026-08-06 09:00:00,BV1BAM167EtN,20260810
在CJ向粉丝们告白？Leedo's ChinaJoy2026 Vlog,leedo0804,仿妆cos,412238,38442,381,108,11991,887,535,484,2026-08-07 05:52:04,BV1gRu46XEc2,20260810
《鸣潮》3.6版本前瞻通讯 | 回顾影像,鸣潮,手机游戏,1485319,64927,12199,7649,7041,5530,1532,3361,2026-08-07 11:50:00,BV1cout63E9X,20260810
宋美龄：唯一女性战犯，曾想用核弹炸中国,赛雷三分钟,人文历史,1358880,87907,3445,3743,11826,6171,2680,421,2026-08-06 01:11:41,BV1BQMS6FE9h,20260810
公式哥第一次来普坝,狂野的蜂,搞笑,766801,63657,1710,645,5199,2305,1634,235,2026-08-06 13:09:34,BV1hTup6uEuo,20260810
我叫杨间  第四百二十三集 复生禁忌,我叫杨间动画,同人·手书,120865,11578,672,628,3517,3827,135,390,2026-08-08 10:30:00,BV1Q6uu6uEEE,20260810
能忍住不抽的是这个👍,银发の半精灵,MAD·AMV,51618,8491,81,206,1007,634,514,82,2026-08-09 06:25:11,BV1amu16gEdx,20260810
导弹告急，零件共享，东大断供，美军三年五亿造不出一发炮弹？,星辰趣味屋,人文历史,939943,66525,3139,8013,10907,27127,1375,1225,2026-08-06 10:18:38,BV12Vun64ELh,20260810
打牌第一步先烧牌？死了还能留遗物的卡牌肉鸽！什么叫前辈的尸体在说话？,钓钩钧XJ,手机游戏,67619,6201,111,78,1140,1231,228,448,2026-08-09 04:00:00,BV1r4u36dEpg,20260810
⚡如何无限螺旋升天⚡,浅墨哟_,单机游戏,783659,63563,705,559,6732,693,552,84,2026-08-06 04:00:00,BV1pGMy6HEiB,20260810
史蒂夫现世生存记 第四集 钢卷危机篇【AI全民制作人】,李想诗,单机游戏,155833,18087,360,263,5269,2318,96,132,2026-08-08 02:50:04,BV1dXuM63EgG,20260810
误伤？凶杀？自残？这么多年听到的竟然是谣言？,小透明明TM,人文历史,1479889,59331,865,666,17326,5849,621,654,2026-08-07 09:30:00,BV11fje6UExt,20260810
私房照模特，状告摄影师猥亵，到底摸没摸，各位来评判！《开庭》第一案,小片片说大片,影视杂谈,2340653,36135,1178,2599,15974,7695,1249,2385,2026-08-05 10:00:00,BV17ZM66NETP,20260810
烂俗偶像剧装什么高智商？《天才，女友》又名《炽夏2.0》,开心嘴炮,影视杂谈,560602,14906,951,3648,3422,1737,1017,629,2026-08-07 08:34:36,BV1Paub67EsY,20260810
我们玩到的AZ3还是太保守了【阿萨拉往事4】,阿氢HYDROGEN,网络游戏,229525,8387,439,613,4118,612,142,535,2026-08-08 10:36:56,BV1RJuG6nEb6,20260810
【杀戮尖塔2】爬塔时也能看公式化弹幕了？原创模组「弹幕尖塔」正式发布！（支持多人联机）,Icnsis,日常,97866,5633,736,73,2245,1290,6735,91,2026-08-08 22:39:29,BV1Lsu56REKA,20260810
她的迷盲不迷茫,卖萝卜乐,短片,1369546,87623,700,426,9286,23563,1640,506,2026-08-03 10:00:00,BV1WAGg6NEzD,20260810
被困在1000米高空缆车上该如何生存？！「缆车末日惊变100天」,时空小涵,单机游戏,3442635,85113,899,1487,76724,9026,565,1315,2026-08-05 02:02:07,BV1fDMB6cEuw,20260810
当王者英雄都升到100级，到底谁最逆天？,尴尬的铁根er,网络游戏,582535,30516,713,844,2483,1413,165,262,2026-08-07 12:31:37,BV1t4uh6tE4K,20260810
晚上12点的食物，味道绝对比白天的要好,凉湉子的日常,美食记录,755074,51119,868,3453,8826,1040,1045,121,2026-08-06 13:10:23,BV1hMup6BEVR,20260810
自制短剧《全民围棋：我觉醒了金铲铲业余玩家》第一集,明月漫剧呀,桌游棋牌,2419401,134112,8225,1929,29913,10673,16617,122,2026-08-03 08:51:31,BV1gRMX6RE1P,20260810
小企鹅的深夜食堂，但是来的是尼古喵们和土方十四郎【6】,拉菲RaffyyOvO,同人·手书,78038,10517,184,731,2473,574,189,269,2026-08-08 14:09:35,BV1PHu36cE1J,20260810
格莱美唱作人锐评《歌手2026》歌王之战 REACTION｜张远 齐豫 胡彦斌 尤长靖 窦靖童 万妮达 艾略特 毛阿敏 龚琳娜  韩磊 韦礼安 欧阳娜娜 吴碧霞,JKAI杰凯,乐评盘点,271930,7389,1337,8187,1062,3772,164,5316,2026-08-08 03:10:35,BV1Z2uM6LEiP,20260810
我做老银币,壹根甘蔗,单机游戏,181857,21161,361,342,4407,1190,362,390,2026-08-08 02:00:00,BV1KkM66LEge,20260810
光之呼吸最终型-迪迦奥特曼 无惨的末日,磷火动漫,同人·手书,76810,6254,459,2000,2277,1849,113,725,2026-08-09 03:00:00,BV1VAu36VEJK,20260810
当瞳孔可以像细胞一样分裂 | Live2d,石心心Sxx,绘画,3460650,248889,2067,447,63460,6006,3664,60,2026-08-05 02:00:00,BV1GnMB6QEBH,20260810
“素昧平生聚微光 同舟共济护通途”,晨曦小晨,影视剪辑,4456003,112983,1642,927,53277,19078,123,74,2026-08-06 00:14:13,BV1RsMk6vEXL,20260810
一个匿名歌手的互联网奇迹,HPSLab,乐评盘点,1239989,79594,540,361,69139,7182,427,339,2026-08-05 11:27:17,BV1A9My6WEW1,20260810
赖伟明——1度帅哥,十一的看脸日记,美妆护肤,470997,29164,1188,1233,1310,889,852,131,2026-08-07 03:37:31,BV1vyu468Eaf,20260810
自创诗《娶奥特之母》，雄心壮志！,芒小呆-,日常,457971,64249,6768,1019,15571,2560,29452,60,2026-08-06 10:43:34,BV1CBuJ6nEuq,20260810
😨什么叫要一事无成的我来硬刚鬼差！！！！！？【快克使命必达#02】,快克感冒药,预告·资讯,124028,9235,133,237,2319,1027,1354,322,2026-08-07 10:30:00,BV158ut6fERa,20260810
【青鬼2：重置版】新隐藏结局/无伤完全攻略,青霧,单机游戏,97341,12006,769,1640,3383,5273,263,2667,2026-08-08 23:56:14,BV1DLu76tEyC,20260810
香港迪士尼的94倍？！我来到了迪士尼的祖师爷 太大了！,业余背包客Ar,出行,345249,7814,510,1590,4862,2824,1312,1389,2026-08-07 10:00:00,BV1xsu46VEYx,20260810
《瑞莫》衍生剧里“阴谋论”数量爆炸！但我都整理出来了，快表扬我（总统柯蒂斯·第一季第二集彩蛋）,安迪视频,动漫杂谈,240993,13937,392,765,1718,1313,112,682,2026-08-08 10:00:09,BV15Lug6LEe9,20260810
三伏天极速高速救援！热坏了,南京卖胎翁,汽车生活,1004035,32694,708,406,1267,636,161,271,2026-08-05 10:44:06,BV1PUMy6oEZ3,20260810
【科学修仙】请注意盗车...【up动画】,么鸣堂,小剧场,1022137,42830,698,1448,14742,6365,1230,496,2026-08-06 09:00:00,BV1q2u76TEj7,20260810
胖龙带儿子吃一个倒闭一个的旋转小火锅，二百多样的菜品，真丰盛,胖龙的小生活,美食记录,819189,17379,732,784,2537,1819,213,311,2026-08-07 09:00:00,BV1z9uW6dEzf,20260810
河南精神病人结婚后，老婆竟然离奇失踪！,峰哥亡命天涯,出行,201836,6563,1393,1949,2170,2208,1134,1835,2026-08-08 11:37:14,BV1yFuG6PEZ8,20260810
安洁莉娜：要不你还是在披萨上放菠萝吧,不会画画的阿云,同人·手书,643674,48987,1450,643,10556,14049,5434,115,2026-08-07 03:15:00,BV1fLux68EEz,20260810
《长枪兵克制骑兵？？》Bro真以为游戏可以当真啊！！,长欢与大头,人文历史,665836,75275,5915,562,4124,5483,264,103,2026-08-07 11:01:00,BV141ut6UEJo,20260810
【TF家族练习生】《突围II破局》EP06：加更,TF家族,明星综合,1917314,64103,3299,522919,26861,5899,1233,3366,2026-08-05 11:00:00,BV1xmMy6tEui,20260810
何为张力,一颗附魔的金苹果,搞笑,1536176,115813,1377,268,37194,723,1952,15,2026-08-05 06:26:09,BV1oNMC6TEno,20260810
【2026·8月电脑配置推荐】爆肝一个月！教你装机不花冤枉钱！学生党直接抄作业，从2千-5万预算，共计28套台式电脑配置，小白必看攻略！电脑装机！建议收藏！,古一搞机研究所,数码,1812782,57370,2664,829,9651,3049,1571,3175,2026-08-03 09:21:36,BV1KAM96JEma,20260810
【影Sir】伊藤润二改编！头悬梁把头勒断了，只好24小时抱着头，大结局逃离《聪明镇》,我是影Sir,影视杂谈,178586,7276,339,1021,1499,1636,97,1703,2026-08-08 03:00:00,BV17Tuh6GEU8,20260810
S10宝藏月大坝核电站全点位攻略！最阴间的点位！,小普-三角洲重生版,网络游戏,586434,33780,262,252,60231,2603,981,161,2026-08-08 02:05:00,BV1U2u86REck,20260810
闺蜜你怎么去韩国后就不笑了。。,nya酱的一生,日常,1971777,48094,2829,7236,11392,18894,5233,1059,2026-08-04 10:29:29,BV1Qxuc62E1y,20260810
70亿token，做了个AI德国军官监督我学习【B站AI创造公开赛】,叛逆蓝牙,计算机技术,392425,25531,455,238,15060,3198,1429,180,2026-08-07 13:59:06,BV1qAub6KEkJ,20260810
你是说我们在偷吃大赛被发现会死是吗？,时空小涵,单机游戏,3345605,43551,425,1399,23422,3723,612,2006,2026-08-06 09:00:37,BV1Bru766EmG,20260810
除了学习什么都学的舅舅！！四十七集,猫meme电影院,配音,35116,4931,246,372,790,1299,25,320,2026-08-09 07:45:13,BV1XGu768EVK,20260810
19岁｜悠哈酱你还有多少长裙是我不知道的。,悠哈酱Yo,宅舞,522464,87215,997,116,30364,1618,1179,63,2026-08-07 16:25:39,BV1mkuN6HE6N,20260810
线下真实“混的入”,螃蟹账号,日常,362716,11929,1863,1214,2058,1027,513,615,2026-08-07 10:18:57,BV1iuub6wEWu,20260810
当代妈妈的蜜汁操作（妈妈用心良苦的教会了孩子怎么打爹！）,萧枭同学,搞笑,1023646,53340,643,417,3757,740,496,169,2026-08-05 09:30:00,BV1uiM66JEcH,20260810
《人民的律师》第11集 双律之争,喂剧场AI漫,影视剪辑,152267,11521,422,121,1968,507,111,158,2026-08-08 09:11:09,BV1eeuu6VED5,20260810
【明日方舟】夏活“直到大地变成一颗酸橙”TO-EX1~8低配平民攻略！操作轻松+语音详解的愉悦攻略！《明日方舟》|魔法Zc目录,魔法Zc目录,手机游戏,91444,6695,393,188,889,1771,203,1413,2026-08-09 04:00:00,BV11WuL65EE6,20260810
“致那个失去了奇迹，却背负责任的大人。”,余翅link,综合,103899,20546,611,620,8247,4308,484,328,2026-08-07 09:20:31,BV1HZut66EFF,20260810
我最爱吃铜锅涮肉啦！,邢三狗子,日常,2050121,92269,846,751,11709,1492,610,246,2026-08-06 08:30:00,BV1EnMk6MEJC,20260810
万岁山中医NPC是“真郎中”，现场给游客点穴缓解腰痛：“能把到很多稀奇古怪的脉”,大象新闻,社会,2134397,91362,1660,120,3444,854,1468,50,2026-08-06 11:38:46,BV1gpuJ6aEmz,20260810
哥伦比娅：很凶很凶的桑多涅,殷秋染,同人·手书,384117,61313,579,147,18556,4465,1608,75,2026-08-08 04:00:00,BV1Piuh6pETF,20260810
他把卡车撞死了😭😭,快乐的台长,日常,419851,7106,140,165,1879,700,152,237,2026-08-09 04:00:00,BV1MHu76sEEY,20260810
今日吃帝王蟹 蛋白质丰富 满足一下呦呦对蟹肉的想像,一个被磨平的90后,亲子,600741,55076,2299,670,3341,6887,413,167,2026-08-07 02:50:56,BV1NHus6BEdA,20260810
当“扎球王”变成“蛙球王”...,英超联赛,足球,1003026,76295,2676,865,7257,1881,25486,16,2026-08-07 11:50:54,BV1XJuh6AEtC,20260810
发现了大虾最好吃的做法,舌尖上的老六,美食制作,1246361,37948,827,174,12005,872,2218,34,2026-08-06 09:00:00,BV1zJMy62E33,20260810
小傻龙：“今天撞见一个小偶像~”,小陈的脚凑凑的,日常,202329,30609,481,191,4404,2281,582,52,2026-08-08 23:43:13,BV1geu56UEyC,20260810
这是一个快乐的世界,白蚀void,单机游戏,170014,14849,1224,1683,3741,1685,107,519,2026-08-08 12:00:00,BV1WcuG6YEnZ,20260810
我砸了2000个存钱罐！,名游社,单机游戏,343017,14103,194,396,2481,796,97,705,2026-08-08 03:45:00,BV1SzuN6WEQ9,20260810
应急车道正确使用方法，避免违章罚款,长春汽车陪练魏教练,汽车生活,994801,35295,1177,613,8452,535,619,83,2026-08-03 10:04:12,BV1kbMX6kEdC,20260810
【我们一致认为大象应该长这样】恐怖寓言两则,一盏惊蛰,同人·手书,864871,31724,1822,2544,18255,976,1817,160,2026-08-06 00:30:00,BV1YoM16gEo3,20260810
豆瓣9.2分！真·神级犯罪推理综艺，你能猜到凶手吗？！,竖了个三,影视杂谈,57003,2923,118,298,1564,1388,55,2114,2026-08-09 03:00:00,BV1DGuL6QEgj,20260810
许愿柳，丁猫……不笨…不笨,沒有你的地獄,同人·手书,463487,58629,473,53,7847,841,564,25,2026-08-07 11:48:04,BV1L5uh6qE4f,20260810
【RAY】完结！歌王之夜！你真的看懂歌手2026了吗？,阿张RayZhang,乐评盘点,208329,7190,1062,3496,1237,2188,281,2249,2026-08-08 09:40:31,BV1hCuu6TEpr,20260810
当代学生精神状态系列并驾七区篇1.0,碧月狐,单机游戏,568949,59304,863,1343,7452,3626,615,83,2026-08-08 03:45:00,BV1DRuP6WEZJ,20260810
【异环】1.3夏活省流 方斯又有难了！残虹+灵可前瞻 新别墅＋新泳装＋水上摩托！都市玩法大减负！新增沙滩排球、吸血鬼幸存者玩法？,叫我棉被,手机游戏,150359,23063,1313,684,3453,1779,662,448,2026-08-08 15:27:09,BV1zju56cEMy,20260810
【HP】全方位还原霍格沃茨的战斗！拉文克劳冠冕背后到底有多少不为人知的秘密！？|《死亡圣器》原著细节盘点【哈利波特十级学者】,唱唱反调呗,影视杂谈,148737,13337,772,2273,3604,7524,236,1656,2026-08-08 12:00:00,BV1Yquu63ErU,20260810
网吧都进化成这样了，发展的确实太快我有点儿跟不上了感觉#日常vlog,演员王宁,美食记录,1106146,49665,4451,3233,7462,2543,13618,431,2026-08-06 08:30:00,BV1fPuJ6CEkH,20260810
地球上就没有会拍照的男朋友…,嘉俊和果果,数码,1330384,73622,4502,1245,5916,913,7749,74,2026-08-05 10:39:46,BV1NDMy6xE6S,20260810
爻老板，这个凶是何意【狸狸周刊第02集】,狸狸周刊jump,同人·手书,206052,15983,127,48,4401,1231,143,147,2026-08-08 09:00:00,BV1RFu365EwL,20260810
【如懿传吐槽25】大如誓死守护婆婆！渣龙永远追随主人！寒宫祭祀烧假纸 海兰孕育大棋子,衰兰送客咸鸭蛋,影视杂谈,29149,3103,416,860,646,1741,51,1805,2026-08-09 07:58:48,BV1oRuy61EwM,20260810
时隔两年远嫁北欧挪威的我终于又拖家带口地回国了，我们一家五口辗转了30个小时跨越半个地球才顺利回家,挪威小熊一家,亲子,290123,23387,1234,2063,1359,7594,204,1524,2026-08-07 13:29:05,BV16Puh6VEqP,20260810
《外国人也想飞》,麦克阿瑟MacArthur,搞笑,2732185,191680,3117,600,18335,3551,13422,27,2026-08-05 11:30:17,BV1woMy6HESL,20260810
被迫出差 上门喂养阿姨给我拍的视频3,喵君是个大聪明,小宠异宠,716338,65829,1672,1305,4860,5563,3606,134,2026-08-06 09:44:06,BV1tKun6wEQk,20260810
当黑鹰小刀用上北极星动作：变成弹簧黑鹰了,XM25,电子竞技,1464133,91727,2188,2237,6933,783,3852,56,2026-08-05 10:05:00,BV1UsM16wEaQ,20260810
你的干员好像有点去世！【三角洲动画】,某门卫,同人·手书,234229,33205,187,105,6602,1230,81,131,2026-08-08 08:42:07,BV1gtug6TEKv,20260810
“我们捐钱买的物资，咋就成了你们的”，308名网友众筹16万救灾物资，被运输企业途中私换成商业横幅？涉事企业回应：非刻意引流营销（来源：澎湃新闻）,洛阳网,社会,1498807,73355,1693,578,2554,601,690,37,2026-08-07 02:58:49,BV1Fjut6BEuw,20260810
你一句AI否定了小猫全部努力💥,枪弹轨迹,音MAD,1806623,74102,1853,410,13877,6194,6848,61,2026-08-05 13:00:00,BV1TmMy6tEpK,20260810
在北极海边露营，用水下机器人抓帝王蟹,蜀犬吠日SCFR,出行,405600,24563,1337,2835,5616,19877,1782,1113,2026-08-07 08:30:00,BV15hMy6uERH,20260810
《外 卖 逆 天 评 价》5,铃乃Chan,同人·手书,2549060,127473,959,263,7564,882,990,57,2026-08-04 09:20:00,BV144Mo68EzB,20260810
Bro小时候的歌品.,GkTz1,音乐综合,217156,28408,1131,1512,18375,1613,473,451,2026-08-07 13:45:52,BV15Yu86vEFf,20260810
无限暖暖你变了，说好的轻松愉快呢......,疯狂一秒zz,网络游戏,168347,8239,465,953,993,1245,139,459,2026-08-07 11:17:26,BV18iut6RE2c,20260810
干员们，出了特勤处可没有人会惯着你,啊Pro派,影视剪辑,579553,71872,550,3786,18212,23788,452,94,2026-08-06 11:13:31,BV1YZuJ6qEHa,20260810
你的城府太深了！,ENX叉叉酱,同人·手书,168432,20722,733,295,1217,586,305,141,2026-08-08 11:00:00,BV1Mbug6iEEP,20260810
富冈义勇（四个）：《拼接乌托邦》【B萌应援】,鬼灭歌曲屋,日常,443367,22662,286,193,20327,1372,131,111,2026-08-04 08:35:19,BV1NBuc6zEsR,20260810
骗术最高的境界，就是瞒天过海,萧落AI,影视剪辑,271023,26835,243,25,5106,1507,913,28,2026-08-07 23:00:00,BV1qWuN6eEgY,20260810
当你救了一群乌鸦，那你就是它们老大了！,梨子的小可爱们,小宠异宠,571115,31349,1848,711,6759,1651,1066,151,2026-08-07 11:25:19,BV1Tyut6JEY5,20260810
这是碳基生物能玩的武器吗？,著名神经哥,单机游戏,409664,16545,496,214,1855,841,430,211,2026-08-08 10:34:04,BV1q5uG69ER5,20260810
我最爱吃黄焖鸡了！,邢三狗子,搞笑,3545664,194453,2396,1365,21725,2744,1430,248,2026-08-05 08:17:21,BV1zEMk6zEJk,20260810
BLG官宣Flandre加入,英雄联盟赛事,电子竞技,476489,10427,6549,411,773,832,11325,32,2026-08-09 06:44:13,BV1KLu16AEvV,20260810
乡土中国,夏摇柳ex,日常,421818,48458,2198,579,11662,9756,2361,278,2026-08-06 15:57:48,BV1mauH6AEYR,20260810
限时返场《畅安青岛》云泥之别,交通故事会-蛇王,汽车生活,494677,41145,1062,838,4331,1050,1171,348,2026-08-08 03:30:00,BV1bPu86sEvx,20260810
历届最烂！收视率垫底！完结锐评《歌手2026》！,LexBurner,影视杂谈,1025645,18516,1501,2769,2302,1278,942,367,2026-08-08 09:16:57,BV1Lauu61EpM,20260810
回归我荒废6年的游戏服务器,野兽游戏MrBeast,单机游戏,2349661,73842,1399,1964,39400,9216,1305,1185,2026-08-07 10:05:00,BV1Yuu46WENa,20260810
我变成赖泽平最痛恨的人！【如是书院】,温柔JUNZ,社科·法律·心理,1859713,395225,13606,5570,42625,138732,2919,101,2026-08-07 08:50:23,BV1rvub65EZe,20260810
囊 里 有 根 线 ？,快乐阿依,鬼畜剧场,4031021,186203,2668,836,17616,3476,4638,96,2026-08-06 03:33:47,BV1AcMS6NEYQ,20260810
啥都能修的异世界修理铺——顾客差点把我店烧了？【首届全国高校AIGC优才创作营】,万维界-万界修理铺,单机游戏,1714472,185504,1540,880,33597,10509,3784,218,2026-08-04 15:51:43,BV1ZRMB6tEcp,20260810
⚡进 来 挨 电⚡你能忍受铁道双子的洗脑么⚡⚡⚡⚡⚡⚡⚡⚡⚡⚡BA接力第1棒！【bilibilionly同人扶持计划】,莉可Kurisu,鬼畜调教,218716,33053,952,934,25868,4437,2130,75,2026-08-09 04:00:00,BV19Bun6gE2B,20260810
你说偷吃零食被发现会死是吗？,与山0v0,单机游戏,8390802,297787,2782,8788,92334,31554,11193,2742,2026-08-04 10:02:44,BV1fGuc6xEmp,20260810
梨诺：挂机流辅助，电诀抢着要！干员实战攻略，武器装备潜能配队全面测评,让你爱上学习,手机游戏,280621,7639,3609,1045,3029,1760,737,1598,2026-08-09 04:00:00,BV1twuj6EEYf,20260810
那些无法解释的身体感受。。。终于拍出这些微妙的感觉了，你占了几个？,李如儒也是李蠕蠕,小剧场,2072096,92587,2145,1674,7412,3845,2248,141,2026-08-07 10:40:00,BV1vDub6PErF,20260810
美国最脆顶级炸鸡店！2块钱一块！1桶5斤有多离谱？,子文又饿了,美食侦探,52780,4487,227,791,955,856,162,638,2026-08-09 09:00:00,BV1Neug6AESU,20260810
【医学博士】发生关系前，怎么判断对方有无性病？｜最常见的性病之一，正在悄悄传播！,兔叭咯,科学科普,582297,30601,2130,1910,17134,4493,4638,388,2026-08-08 09:30:00,BV1wqu765Et4,20260810
带书风波,脱缰凯Kk,小剧场,689716,59378,1680,3423,5630,2397,545,140,2026-08-08 09:33:22,BV17tuu6EEaL,20260810
【加油TV】你这一辈子有没有想跟谁拼过命……,大乾乾是顾乾宇,日常,1244525,132628,2491,2012,9637,3995,4519,156,2026-08-08 04:25:48,BV144uM6FEDf,20260810
完蛋！我被男同学包围了,Z贤者,日常,7884148,419600,12143,29985,156514,35766,84102,1257,2026-08-04 00:23:13,BV1uPMZ6NEBb,20260810
这就是传说中的熊孩子吧！,猫后生,动物二创,4799118,83643,1287,780,30809,4538,11417,79,2026-08-06 04:22:35,BV1ZuuJ6gEMc,20260810
世界上最小的人造山,Mr_Bluebell,日常,565261,53200,2574,5209,3111,1591,918,32,2026-08-04 15:45:11,BV1ZQMB68E7a,20260810
【直到大地变成一颗酸橙】TO-EX-1至TO-EX-8突袭 摆完挂机 简单好抄,萧然Q,手机游戏,1232172,19845,961,631,4729,14493,461,1359,2026-08-08 10:42:36,BV1iJuG6nE8i,20260810
孙老师也是自己家的小骄傲,阿布DD_,美食侦探,341081,22928,491,219,1482,2062,296,175,2026-08-08 14:10:05,BV1AHu36cEcU,20260810
【自制动画】《赤霄·绝影-驰！！！！！！！！》,旋风博文,同人·手书,875807,166163,1634,355,43486,33982,7345,50,2026-08-08 10:34:15,BV1j5uG69EQQ,20260810
不打游戏这件事害惨了我,大师兄雷雨飞,校园学习,353179,31709,1903,401,3250,644,449,182,2026-08-08 08:37:25,BV1Bgug6UED8,20260810
换肾，其实并不是“换”肾,好奇心会社,科学科普,2460050,53689,983,320,5397,595,676,82,2026-08-07 11:47:37,BV1V5uh6vEyV,20260810
想 致 富 ， 先 撸 树 ！,哈雷不灰心,动物二创,889094,63230,245,430,13009,753,480,509,2026-08-08 04:00:00,BV1Qwuu6NErt,20260810
两条谣言引发边境危机，摩洛哥西班牙互相算计，几万难民成了谁的筹码？,小王Albert,人文历史,1224102,57269,2627,4232,9832,12843,975,1191,2026-08-08 01:00:00,BV1oUuK6KETt,20260810
锐评各种逻辑谬误,导数之神阿希,社科·法律·心理,699943,77033,3638,3255,55369,10681,4071,779,2026-08-06 01:28:10,BV1XnMS6nEDx,20260810
老子的世界4,-陨风-,单机游戏,3552558,155968,1235,4860,95114,23961,1134,959,2026-08-07 10:00:00,BV1eKu46xENm,20260810
滑铲全向移动？自动吸附瞄准！原神射击玩法太爽了吧！,无知de王,手机游戏,2729823,149110,13568,2339,18981,3598,51127,268,2026-08-07 04:00:00,BV1kWup6tEgL,20260810
【终末地】梨诺首发攻略！奶量+超高增幅！庄方宜诀喝大汤！技能武器+装备配队+操作思路+基质升级差距+抽取建议！小偶像梨诺全方位强度养成攻略！明日方舟终末地,梦轩dada,手机游戏,188608,7907,1294,225,1693,1258,183,266,2026-08-09 04:00:00,BV1bfuL6nEi1,20260810
爆破4v8挑战：挑战情久战队！林威、煜参战！哪边会赢！,布锅锅,网络游戏,710315,27040,1935,3877,5820,13703,1003,2877,2026-08-08 14:02:20,BV1dBu36EEXU,20260810
「新宿决战」八连黑闪,望穿秋水145,MAD·AMV,1125753,110591,7087,3337,30714,33545,6936,83,2026-08-08 05:00:00,BV1Z2uM6LEWb,20260810
古巴的现状有多崩溃？人们靠喝水续命，女性靠特殊方式换钱,小钟Johnny,出行,1821031,71400,11131,8198,16232,32190,5285,691,2026-08-07 10:00:00,BV1Ugup6TEYH,20260810
半年自制冰雪奇缘2,秋米米子,MMD·3D,270832,39812,700,1236,2995,3448,1000,259,2026-08-08 01:07:34,BV1DNuu6PEgx,20260810
探索全国唯一不接待日本人的城市！,暴走兄弟,搞笑,503977,49409,2678,819,3328,3316,386,304,2026-08-07 09:30:37,BV1C2ux6uERt,20260810
这是”轨道炮“陷阱！,幕川北,单机游戏,323842,27438,589,1197,3583,3240,201,571,2026-08-09 02:00:00,BV1ZRuG6xEGK,20260810
什么破枪，怎么步枪伤害和手枪差不多【亡者世界】,磊哥游戏,单机游戏,434432,44979,1264,836,2977,3811,483,350,2026-08-09 01:00:00,BV1yNu56BEAp,20260810
愈演愈烈！三进宫清理终于遭遇最大的BOSS，当场干吐,马俐管家,家居房产,1417343,52533,2902,4986,14362,3905,4529,1558,2026-08-07 09:30:00,BV1VPuw6DEDX,20260810
《你看看别人》,嘞是唐孃孃,日常,1307877,89429,1009,431,3942,1128,1135,118,2026-08-07 10:00:00,BV1mTuE6XEj1,20260810
当网红景点去掉滤镜，卖家秀vs卖家秀，你都去过哪几个？,中国旅游攻略,日常,841327,29799,982,941,4339,576,1755,215,2026-08-07 02:38:10,BV1bFut6JEau,20260810
多少友谊能长存,马哥巨离谱,搞笑,136406,13572,679,653,1312,5986,467,547,2026-08-09 06:19:22,BV1PruG6KEb9,20260810
冷知识，发明天才的人绝对是无名,三角洲-安澜,网络游戏,935974,41055,619,414,2775,537,153,144,2026-08-08 01:45:00,BV1CZu867EN2,20260810
上车性骚扰，下车就偷钱！证据确凿，拒不认罪？结局让人大呼我靠的神奇悬案！《开庭》第二案,小片片说大片,影视杂谈,1042587,22313,386,1932,5386,3005,368,2739,2026-08-08 04:43:34,BV1WXuT6pETY,20260810
灯工，是淄博琉璃烧制技艺核心分支，被称作火中的雕塑,彭南科,手工,221401,18881,437,677,2101,3289,444,456,2026-08-08 03:02:06,BV1VduM6gEa3,20260810
日本右翼的“核爆”牌 洗不掉当年欠下的血债,央视新闻,日常,165495,15662,661,408,872,641,214,348,2026-08-09 01:24:47,BV1PSuj6jEXE,20260810
玩家看到的一切东西，都会分裂！,小橙子姐姐解说,单机游戏,705177,30477,583,1757,8133,1963,102,551,2026-08-08 09:05:00,BV1qguh6uE6c,20260810
“当全世界都知道你10天后成为超人（17）”,小火猫meme日记,人文历史,159131,13301,631,424,2754,749,68,126,2026-08-09 06:27:55,BV1Q1u16rESJ,20260810
意外穿越怪谈世界，十二星座决定你的专属变身 第二期 （上）ASMR,Aismr_,手工,954698,25266,523,702,4707,2857,559,230,2026-08-07 12:26:42,BV1mhuh6REPj,20260810
是你会选择哪个？38岁程序员分享曾经在大厂时的年薪,英雄哪里出来,计算机技术,1281616,65706,1146,268,7722,5673,759,122,2026-08-07 10:59:20,BV121ut6mERE,20260810
在云南昆明禄劝小平坝吃70块一斤的雪花牛肉，最惊艳的是80一斤熟的黄膘牛肋条，好吃到爆炸#云南美食#昆明美食#黄膘牛肉#雪花牛肉,达哥在上海,美食记录,1316905,73934,2245,1736,9645,2043,4105,526,2026-08-07 08:54:06,BV1Txub6HEyB,20260810
史 密 斯 舍 友,马哥巨离谱,搞笑,1736549,64036,2469,1475,4934,9849,3047,277,2026-08-07 08:02:55,BV1bJub6sErS,20260810
《青春期土豆幻想物语》,客岭苹果,日常,1760147,176003,2684,1535,24288,13588,6198,267,2026-08-07 07:00:00,BV1viun6rELr,20260810
闪光你已无处可逃！神秘面具男实战思路,拉杰l,手机游戏,1084479,71066,6558,1960,11933,5828,3728,364,2026-08-08 04:40:00,BV1AYuK67Ess,20260810
一个野人的展览,想想工作室,日常,644364,28722,563,574,4643,9466,1509,553,2026-08-08 04:00:00,BV1UNuu6AERy,20260810
雀巢工作室VS小潮team,7鲸尾,搞笑,2051192,131680,1872,5877,41918,39181,3530,540,2026-08-07 04:00:00,BV1L9uJ63EYV,20260810
【三角洲】零号大坝1-11藏宝图/宝藏箱所有位置 保姆级教学 全程贴心领跑,异环代肝,网络游戏,1442282,18504,2211,344,24359,5882,4162,543,2026-08-07 16:37:29,BV1EwuK6BEir,20260810
周 处 除 三 害 现实版,温柔JUNZ,社科·法律·心理,6026439,604466,18298,12891,95773,256836,28700,327,2026-08-05 10:03:08,BV1bpM16eEAk,20260810
当我梦到了一段很锈湖的音乐。,小憩memories,演奏,4462782,301030,4998,2515,72993,13194,4361,327,2026-08-03 11:25:33,BV1eKMX6tERP,20260810
找到了让朋友一秒破绷的视频..！,捏碳碳碳碳,同人·手书,747265,66434,895,903,7534,3263,837,320,2026-08-08 04:05:00,BV1juuM6rE7R,20260810
太抽象了，弟弟举报哥哥，哥哥说自己才是弟弟！？,我是江无情,人文历史,1118854,36204,2370,3008,8417,5155,3313,874,2026-08-08 02:00:00,BV1o1uK6MEkn,20260810
和君哥牛哥一起吃羊，爽几斤合适？,野文不懂吃,美食记录,1405677,36751,2543,1558,6340,5694,3289,494,2026-08-06 10:00:00,BV1ARuE6DEEa,20260810
维特鲁姆小伙打pk，结果尴尬了 / Chromeme2 单品,bkbkzzzz,同人·手书,601389,67928,1619,215,20859,10941,5012,81,2026-08-08 05:03:35,BV1ZNuM65EDh,20260810
1000元一只的黄油蟹，厨师长下班后开个小灶,大祥哥来了,美食测评,1177944,99095,1890,2592,8232,11681,3883,1051,2026-08-07 11:00:00,BV1Txub6JEeq,20260810
“我们是两片裂痕吻合的瓷器碎片”,手工老班长,绘画,1566093,84386,733,231,5544,912,460,52,2026-08-06 06:22:41,BV1gcuE6ZEbJ,20260810
差点以为要被拐了…这么偏僻的海岛上还有这种表演？【vlog24】,兔兔不会秃秃,日常,182705,14872,736,513,3867,2207,149,441,2026-08-09 04:18:53,BV1wGuj6kEga,20260810
调色别再只会拉饱和度啦,那只貂貂,设计·创意,671286,75097,738,185,71921,10067,2706,114,2026-08-04 01:12:11,BV1TgMZ6cEYd,20260810
雨台风来了：白海豚登陆浙江前还将加强，最需警惕的不是风而是暴雨,中气爱,科学科普,710451,34125,6777,1543,2023,1695,4336,202,2026-08-08 15:08:33,BV1hXuV62Eg4,20260810
日本救灾能有多抽象,燕三嘤嘤嘤,人文历史,2374909,140153,6884,18987,22657,36790,4095,1200,2026-08-07 03:50:00,BV1yquH6fETj,20260810
全网首发！藏宝图/宝藏箱全部点位来啦！记得先领口令联动红！,Key725,网络游戏,1921833,52110,6182,782,63941,13277,9287,759,2026-08-07 20:40:00,BV1q4uT6gE71,20260810
「普瑞赛斯｜核心危机」,水霓代子想当欢乐企鹅,同人·手书,97531,13840,414,139,5511,4702,1198,232,2026-08-09 01:00:00,BV1Miu567Epu,20260810
父母老师不教的人情世故，请客吃饭如何点菜？,一分钟家事研究所,家居房产,511204,62154,1399,304,42760,2020,1252,143,2026-08-07 11:00:00,BV1X9u76aETa,20260810
一秒变异！夺舍6头6甲+ASval+AWM，553万撤离！,苏醒游戏解说,网络游戏,2281520,66224,766,1406,4827,1011,416,253,2026-08-07 10:48:55,BV1oxut6hEeK,20260810
红木家具,归乡人山白,手工,1954811,142570,2015,2354,12694,33603,1857,530,2026-08-06 16:08:26,BV1WZun64EMc,20260810
笑得发癫哈哈哈哈哈哈哈哈哈哈,云梦泽的舟,翻唱,477229,47021,764,314,5548,1172,2263,96,2026-08-07 16:35:55,BV1EcuK6uEF4,20260810
在商场里跑一场半马比赛，99元报名费体验太恶心。,橙飞一下,美食记录,733433,21587,2341,1687,1519,1815,1021,386,2026-08-08 09:14:51,BV1veuu65Eeo,20260810
假如你在十万人的宿舍谈恋爱【AI全民制作人】,星辉绿野,同人·手书,1781690,120083,3117,2281,12855,5555,1743,307,2026-08-07 10:00:00,BV1iKub6PELA,20260810
【速凌宇宙】第二十四集：来的时候也没人告诉我巴别塔这么热闹啊！,高司令-速凌电竞,单机游戏,296346,28109,956,6010,8146,5915,518,572,2026-08-09 03:53:15,BV1p5uj6gEuR,20260810
全球人类变成1厘米小人，他们目标是杀死我！,异常收录档案,同人·手书,466843,21941,352,814,5560,714,305,3263,2026-08-08 02:17:18,BV1n6uM6nEvJ,20260810
他骗的不是你一个，是你一整家,中国警察网,日常,302379,27849,687,414,3707,8574,788,297,2026-08-06 08:25:09,BV1J4un6UEgf,20260810
家里的旧光盘，为什么播不出来了？,影视飓风,数码,4284810,174613,7755,16536,38730,45116,6202,772,2026-08-07 09:00:00,BV1ymux6BEFU,20260810
阿姨您找谁？ 找对象！！！,路飞仙贝呀,日常,1161086,59239,996,732,2085,1570,1980,83,2026-08-08 10:10:27,BV1XBuu66EcA,20260810
完蛋，我被维维美包围了...致死量浓度这里是天堂吗？,泥萌都是托,手机游戏,665903,57384,3021,276,8939,1082,12620,251,2026-08-08 16:22:55,BV1rauV6cEG9,20260810
妈妈，你不能单挑大棕熊，坐坦克打枪吧！？！,-欣小萌-,出行,1920806,142255,2227,2950,27395,18085,4138,976,2026-08-08 09:00:00,BV1mDuu6aEDF,20260810
三年之期已到，恭迎世一上归位！,九夜听风,电子竞技,979830,28585,2323,1225,3101,7162,18491,127,2026-08-08 12:43:37,BV1dvu36nEzG,20260810
哈哈哈哈哈哈哈！！！,爱画画的子衿,亲子,2834582,381909,8980,6471,19881,101567,4915,372,2026-08-06 16:36:36,BV1NRun6bEgv,20260810
去这里旅游的人都失踪了，所谓旅游胜地的背后竟然是...,某幻君,校园学习,1307892,90353,2987,13265,38376,26446,3164,3523,2026-08-08 03:30:00,BV1QQuP6xEAd,20260810
最虚构的一集,杰比的生活日记,搞笑,1308848,106668,2286,263,4306,2055,3123,98,2026-08-08 11:20:28,BV1sZu36vEeP,20260810
《老 头 乐》,老番茄,单机游戏,1166537,106338,1315,2877,15344,14213,1735,1088,2026-08-08 11:55:01,BV1h8uG6CEN5,20260810
👊一 拳 超 人👊,揪着拖鞋的猫,鬼畜调教,590827,51192,1759,982,14439,2812,3025,94,2026-08-08 06:21:34,BV19Fu365EqG,20260810
在洛杉矶喝200%糖蜜雪冰城，吃全球最古早麦当劳，有不胖的风险吗,超Carry的柴西,出行,3586042,142572,2719,8490,41049,44408,3464,1745,2026-08-07 09:24:23,BV1rRut6rEGS,20260810
球球了，我平时好像不长这样啊啊！！,柯洁,影视剪辑,903915,142816,7053,814,4637,4167,5851,21,2026-08-09 05:27:33,BV1EVu26pEj3,20260810
近视手术：人类是怎么敢在眼球上开刀的？,大圆镜科普,科学科普,771903,55714,1131,674,7814,1192,569,419,2026-08-08 23:55:00,BV1uYu56JESd,20260810
【TOP演唱会】难听的高音就算捂住耳朵也会从缝隙钻进来,接二连珊妄想症,娱乐杂谈,99981,12158,916,4801,1758,3331,1099,767,2026-08-09 09:30:00,BV1c1uy6XE5V,20260810
《忆苦思甜》,嘞是唐孃孃,搞笑,1186263,75334,1912,828,3070,932,1016,95,2026-08-08 12:03:17,BV1zVuG6sEwt,20260810
那个傲慢的黄汤圆小贩又狠狠宰了我一笔,印度老吃家,美食侦探,1629766,75316,1127,807,5897,2666,2100,180,2026-08-07 13:50:27,BV1aiu86YE1m,20260810
【半佛】小米澎程，让行业睡不着了？,硬核的半佛仙人,搞笑,5718369,137874,9656,3414,15215,4159,2381,549,2026-08-03 04:00:24,BV1iFMX6aE9b,20260810
改画哪有不疯的！（第26期）,哲哲哲同学,绘画,2709267,242129,2553,1552,34498,11530,3573,162,2026-08-07 10:48:31,BV1oxut6hEMH,20260810
怪兽中 出了一个奥特曼的卧底,istupidpig,日常,5790958,313198,3963,2822,57443,16430,23564,147,2026-08-07 08:14:03,BV1gnub6REqy,20260810
在东方明珠玩100人躲猫猫！奖金10万元,飓多多StormCrew,日常,4687614,254810,7940,18506,126312,94920,12288,1243,2026-08-07 09:00:00,BV1ocu46fE1z,20260810
热搜上“仙桃电梯20秒”监控流出，炸出多少毁三观的成年巨婴,小椰子专栏,社科·法律·心理,8365311,144898,10671,9483,55486,12535,12493,362,2026-08-03 08:55:00,BV1G8Gc6REfA,20260810
王从天降,正男锅,电子竞技,4150326,272770,4305,978,31264,8903,11667,93,2026-08-05 12:33:18,BV1vtMy63E4G,20260810
《明日方舟：终末地》梨诺EP - Mirairo Rider,明日方舟终末地,手机游戏,814394,55261,6583,3485,13038,18236,9041,964,2026-08-09 03:00:00,BV16euL6qETC,20260810
星际超级荒诞动画喜剧！《外星小偷里贝》第06话：仁爱星球【UP动画】#SpecialForAAIFF,梦游牛油果官方频道,小剧场,461866,17892,774,445,3183,2639,889,718,2026-08-07 12:12:40,BV1aJuh6AEvY,20260810
【独家】牧神记 第95集 皇帝“驾崩”,哔哩哔哩国创,国产动画,1630063,20369,894,6276,2256,18079,116,1284,2026-08-09 03:00:01,BV1dSuM6VERb,20260810
在贵州按猪遇见羡慕的婚礼,馒头泡泡饭,日常,2701728,234841,3316,5552,17324,14554,2179,322,2026-08-06 09:30:00,BV1Bbun6jEaJ,20260810
四代同框,脱缰凯Kk,小剧场,177129,21638,722,2755,3100,1793,267,227,2026-08-09 09:21:13,BV1Bqum6dET6,20260810
难绷！小偶像戴上雷霆面具，难道是...三角初华？二角梨诺！,zcy902,同人·手书,297106,28557,582,603,5025,3701,2124,197,2026-08-09 03:30:00,BV1MSuu6PEYy,20260810
新篇章 | 《穿越火线：潜伏》CF IP嘉年华发布现场,穿越火线潜伏,单机游戏,510346,16075,242,53,1314,666,220,479,2026-08-09 03:06:36,BV1eCuV6XEga,20260810
假如你是小馒头,农民伯伯吖,软件应用,2874085,73329,2205,1595,4906,1014,1029,236,2026-08-05 22:46:47,BV1XJMm6VEHC,20260810
【独家】《记忆管理局》第4集 燃灯与灰火【8月国创】,哔哩哔哩国创,国产动画,489867,6757,1194,2841,1373,4152,391,1448,2026-08-09 04:00:01,BV1FdMk65EY2,20260810
发烧梗,鲤鱼Ace,单机游戏,3302691,505583,15798,93720,301019,158269,10175,6457,2026-08-07 09:00:00,BV1Unub69EpX,20260810
“那些只打高端局的神级串烧”,小杯清柠茶,音乐综合,2698460,243618,3769,6804,255849,38542,5254,2048,2026-08-06 08:25:13,BV1J4un6mEV1,20260810
"😨""后室里的乌鲁鲁""😰",沙雕Sanscul,影视剪辑,1807572,157608,2743,5491,53462,55973,10905,1022,2026-08-08 00:00:00,BV1YYuN6tEWC,20260810
《鸣潮》3.6版本PV | 蜃云灯影，凡尘剑心,鸣潮,手机游戏,1803590,55869,9158,3294,8784,11570,3739,2530,2026-08-07 11:55:00,BV1Jcub6BEqB,20260810
[我的世界怪物学院] 逗逗小乐魂,所仰_,单机游戏,1409642,146665,2922,3911,55901,7294,7404,179,2026-08-08 08:40:39,BV1quug6JE11,20260810
我和bro的潦草日常belike:,梨冻着是一颗梨,绘画,659794,53684,544,577,6622,2627,892,432,2026-08-08 13:51:53,BV1GAu36VEra,20260810
【巫师】万字吃透科技国运暴富机会，以及我是怎么亏的,巫师财经,财经商业,104200,6629,888,559,3877,3095,1516,1622,2026-08-09 07:35:00,BV1hxug6BEL6,20260810
《异环》1.3版本PV「雾中朔望星回」,异环,单机游戏,1750993,41195,3422,831,5997,3039,1385,648,2026-08-09 03:00:00,BV1egM16kE9D,20260810
青春没有售价！面包车？ 直达拉萨！！,张舒克和黄贝塔旅行版,出行,3304885,319262,5274,10917,46222,73280,9070,1203,2026-08-06 09:00:00,BV1CLuE67Ep9,20260810
高中尊者？本科圣人？小明修仙传25分钟优化纯享版【AI全民制作人】,路人甲导演,鬼畜剧场,3233596,132815,4578,5486,43518,29162,33185,1498,2026-08-06 01:53:44,BV1U8MS65Efm,20260810
天津包子套餐,团团的一家-团团记,美食记录,859770,35684,976,691,2449,565,1691,338,2026-08-08 03:00:00,BV14Wub6QEoj,20260810
这期视频全是干活谨慎观看！,小博博三角洲行动,网络游戏,2323822,76560,777,1122,13535,1693,760,198,2026-08-08 04:33:08,BV1CXuT6pESb,20260810
【TF家族练习生】《突围II破局》EP07：破局（上）,TF家族,明星综合,1409878,63531,6623,1103509,25378,5779,1462,3935,2026-08-08 11:00:00,BV1Kaug6eE8s,20260810
大家期待已久的仙班篇终于来了，花有重开日，人无再少年，每次不经意间按下快门就能够有别样的收获，人生短暂，向前冲向前看，欢迎投稿好的作品会让更多人看到。,摄影恩哥,日常,639964,84856,3278,415,6483,1214,235,131,2026-08-08 09:30:08,BV1Ztuu67EAW,20260810
感谢朋友们的硬币之力，为我买了1600的药！又续了一个月的命，有这么多药吃老幸福！,fan人张,日常,241977,59803,647,1296,4100,55820,282,139,2026-08-08 10:56:08,BV12BuG6MEtM,20260810
热搜上令人窒息的“堕落的早餐”事件：伪人父母，养出精神病小孩,小椰子专栏,社科·法律·心理,944246,31228,3428,2972,5857,1301,2242,347,2026-08-08 09:05:00,BV198Mk6wEiE,20260810
沉浸式体验三角洲“皮门”喷子爆改大狙的一天,地球军亡牌总帅镭,网络游戏,1338724,65108,447,382,29219,1575,1850,143,2026-08-08 05:02:20,BV1DFuu6iEra,20260810
奶猫：完辣，是天崩开局！,圆圆的智子,喵星人,1021069,69614,481,664,28366,60086,441,250,2026-08-08 07:00:00,BV1q9uW6dEdH,20260810
比张杰更好笑的是以前的张杰！【爆笑考古】,一只吐槽圆,娱乐杂谈,1527779,45518,4843,10476,8941,5926,14394,705,2026-08-08 01:57:05,BV1rJuu6XEpN,20260810
“以军把枪口对准了我”，记者现场直击以军在巴勒斯坦军事行动,新华社,日常,669907,80684,1722,1061,4761,2851,904,143,2026-08-08 09:27:18,BV1qtuu67Eiy,20260810
【梗百科】不X你们X什么是啥梗？！,梗百科,搞笑,745617,57266,3052,1013,5446,2736,894,124,2026-08-08 07:54:01,BV1xRuu6fEeA,20260810
《Sweet boy》发一下库存吧，有点忙最近,馓-子,演奏,628692,124872,2804,199,19958,5732,1882,88,2026-08-06 01:59:50,BV1UYMS6GEWa,20260810
拍铃铛四人版~,瓜哥超爱玩QAQ,搞笑,5547367,263860,2467,1439,24653,4220,4605,98,2026-08-05 09:02:39,BV13eMk6bESU,20260810
【re0】一百块还是吃雪媚娘,用户_也許明天,综合,441922,37665,13080,2472,5481,3005,957,54,2026-08-08 13:36:06,BV1Uuu36MEg7,20260810
新能源车型越来越重，底盘还能兜得住吗？,胜利文绉绉,新能源车,371680,9232,480,594,2193,3630,1051,571,2026-08-09 03:00:00,BV1TXuu6wEKU,20260810
时停/欧拉！达摩空条承太郎皮肤，三形态白金之星打穿峡谷！自制联动皮肤特效！,王者人格小A,电子竞技,3298003,137445,5514,1333,18436,8108,18990,170,2026-08-07 10:25:42,BV19Yut6oEp7,20260810
《光与夜之恋》全新活动PV：金港往事,光与夜之恋,手机游戏,984007,31679,1351,1379,4238,3666,2165,232,2026-08-09 01:00:00,BV1Btuu67EA2,20260810
重生之我在上海CJ漫展唱《芙莉莲上坟记》,京剧酷伊伊伊伊,仿妆cos,1160343,176606,5189,2490,18532,9304,32863,133,2026-08-02 16:07:13,BV1zs3d6XE5m,20260810
【同人动画】致以辉煌的人 【奥特曼光之创想季】,彳文xow,同人·手书,867379,137728,2400,476,62512,78121,10534,83,2026-08-08 00:45:00,BV1tCuT6bE8q,20260810
为了睡个好觉，我们做了这个...,老师好我叫何同学,数码,4982297,157523,1486,52434,59263,40839,3948,285,2026-08-07 09:00:00,BV1vGub6FEcu,20260810
生活零零散散，人生平平蛋蛋,壶歌,美食制作,907684,69149,3942,1252,7966,952,7412,107,2026-08-08 07:33:05,BV1Neug6AE1p,20260810
《穿越三国，复活五虎北伐》第一季1-10集大合集！【AI全民制作人】,率土秋晚小剧场,影视剪辑,1589579,68199,1387,3652,26345,8497,4472,2121,2026-08-06 10:23:49,BV1ByuJ6jEfG,20260810
欢迎来到研究生的世界,豆豆豆豆逗是我,搞笑,9406916,408525,5078,3632,131415,83676,19728,360,2026-08-05 04:00:00,BV1R53R6rE7a,20260810
搞笑解说《顶级魅魔罗子君》：剧中人物遇到她，会自动觉醒服务型人格！,low君热剧,影视杂谈,628541,17622,902,1112,3584,2129,1391,690,2026-08-08 02:25:00,BV1dsut6wEBn,20260810
你敢让我进来吗？？「谁是伪人」？？！,大炒面制造者Cen,单机游戏,495165,55625,1295,10506,16820,23737,495,2386,2026-08-09 00:00:00,BV11PuN67E5k,20260810
20分钟《奥德赛》终极功课！原著/内核/影厅选择，一期视频全搞懂！,迷影至下Filmlast,影视杂谈,649965,15023,1737,1478,8912,2753,5440,1327,2026-08-08 08:57:37,BV1cPug69Ene,20260810
《死》死亡是什么？,阿廖沙别害怕_,搞笑,3129006,343592,11333,4524,86083,79546,8834,686,2026-08-06 10:19:12,BV115un6dE9a,20260810
“绝对的弱者，由此而诞生的...”,摸鱼佬临风,鬼畜剧场,798844,110910,806,684,23398,13836,1405,483,2026-08-08 06:55:46,BV1Gpug66ENN,20260810
校园爸临,-显眼宝-,小剧场,721386,47272,732,546,2894,1654,858,227,2026-08-08 08:18:55,BV1xXuu6wEmt,20260810
逐渐被恨意裹挟,尤里_yoori,手工,698787,119978,1083,205,17705,3239,1604,12,2026-08-08 08:58:55,BV1rAug6WEzp,20260810
住宅低频噪音现场溯源-山东4家,朱林-声学,家居房产,2612200,241479,6238,1648,38258,28703,8047,316,2026-08-06 14:10:00,BV19juJ6vEqh,20260810
盒马1000＋产品热量实测，下次逛超市先看这张表！,海潮有点潮,美食测评,511255,39654,236,170,4879,3765,175,216,2026-08-08 09:30:00,BV1CLuu6xE83,20260810
对话诺兰！导演亲手翻开了《奥德赛》的另一面,影视飓风,数码,427041,38618,1254,1135,7497,8165,2117,845,2026-08-09 03:00:00,BV1Apu368EeY,20260810
【异环】1.3前瞻省流！咒大C残虹双大招+灵可合击机制，夏日泳装沙滩排球，都市活力消耗翻倍大减负！1.3 前瞻直播攻略！,梦轩dada,手机游戏,211440,12343,2260,847,1874,1535,1095,674,2026-08-08 12:37:37,BV1qiu36SE3b,20260810
不要“做”挑战？（第二十一期）,小潮院长,搞笑,3250016,286982,9749,25395,84506,142214,5710,1059,2026-08-07 08:08:54,BV18Jub6sECJ,20260810
“ 这 里 是 地 狱 啊... ”,MJ小林大人嗷,GMV,1095392,123538,2641,1889,14871,8659,5244,220,2026-08-08 02:30:00,BV1Pxu46rE3F,20260810
宝藏月点位一图流来啦！但藏宝图在哪呢？神秘蜂医流出？鸟窝货不对板！夜坝没有宝藏！彩蛋门假密码！事已至此来薅局外羊毛吧！,Key725,网络游戏,286682,15016,2489,1477,2764,1242,371,415,2026-08-09 02:00:00,BV1AyuG6PEUU,20260810
听说美国佛罗里达狮子鱼泛滥成灾，帅小伙带女友果断前往讨伐🤤。。,大豪夫妇,日常,2127218,87869,1282,4136,21738,3616,1376,831,2026-08-06 03:35:00,BV1TQMU63EWy,20260810
抓小三，但超燃上海话,册那队长,小剧场,5151527,170185,5076,1451,27510,18485,30220,85,2026-08-05 09:31:36,BV1GLM16uEf6,20260810
(完整版)再见了，我那有着婴儿般蓝色眼睛的爱人【Emoji】,虚假的朋友-虚鹏,日常,4347276,280950,2531,2992,159124,48075,3915,321,2026-08-03 10:07:00,BV1WbMX6kEMG,20260810
锐评绝区零搜打撤 制作组真的夸张 能让这么逆天的东西出来,东方寒兔,手机游戏,112511,8774,1672,398,1022,2103,662,539,2026-08-09 03:47:14,BV1tfuL6nE4J,20260810
当MC服里加入忘情牛肉面(玩家：服主给我来碗忘情牛肉面😭,Mr_牛奶,单机游戏,393875,27343,711,282,4719,658,622,120,2026-08-08 13:00:00,BV19LM16MEHC,20260810
她研究中国人的性与欲：生理性喜欢才是真爱,一条视频,日常,531025,40031,1816,404,25192,3500,5982,380,2026-08-07 03:03:50,BV1ZHut6PE5z,20260810
“乐队只吹奏了一会儿，但民警能吹一辈子……”,央视新闻,日常,805071,120202,1006,269,2285,678,573,28,2026-08-08 06:31:06,BV1fUug6QEfn,20260810
厕  所  大  师,恶人王小花,影视整活,5661539,526712,16246,12728,108511,25217,80771,39,2026-08-04 01:31:26,BV11duF6TEfz,20260810
外国公公身患“疑难杂症”,张踩铃,亲子,363513,21167,656,510,680,817,266,188,2026-08-08 10:00:00,BV1QBu86cETr,20260810
当恐怖美学的“美”压过“恐怖”，会发生什么？-【恶灵附身2】终极鉴赏  (Leya蕾雅),Leya蕾雅,单机游戏,34328,2595,191,291,1336,1048,70,2574,2026-08-09 08:38:41,BV13Ku16uENP,20260810
你买的电动自行车，或许是电动摩托车......交警提醒：电摩属机动车，上路须悬挂牌照，切勿无证驾驶,人民日报,日常,3331305,83605,3148,245,4314,738,1533,38,2026-08-07 04:41:39,BV18Lu46JEEv,20260810
存钱罐“只进不出”，男孩只好抱着它求助消防员！消防员出手破拆，终于解除“封印”,人民日报,日常,2842679,105877,4086,546,2449,773,725,32,2026-08-06 13:55:04,BV1n1uH6sE47,20260810
“惟有东方仙境。”,CHUNG_G,日常,1493211,285063,3905,671,90586,10422,6035,27,2026-08-02 11:16:24,BV1eY396zEz9,20260810
疙疙瘩瘩却特别甜的水果，是苦瓜变老了？！【主播说三农】,央视农业,三农,1581438,106175,3837,3895,4777,2672,2584,143,2026-08-07 10:00:00,BV1mxub6nEgE,20260810
会发光の移动galgame！,ACG外观研究社,数码,58031,8415,41,160,3551,5199,32,340,2026-08-09 06:12:16,BV1dBu16jE7B,20260810
离谱！狗子被催五万网贷,新华社,日常,1866764,172041,2715,1266,13816,2635,4431,119,2026-08-06 09:24:42,BV123un6ZEck,20260810
开局这弯曲的刺就把我笑抽了！,颜小白靓仔,单机游戏,1541295,30098,297,827,3471,691,191,658,2026-08-05 23:05:04,BV1L4Mk6PE4n,20260810
人体摄入大量糖分的下场会怎么样？答案在后面,风油精o,搞笑,597075,26994,783,752,4287,2186,474,257,2026-08-07 09:56:04,BV1Ruub6wEtv,20260810
你V哥上尊老下爱幼，就逮着中间使劲揍！,花无缺缺_,单机游戏,1577924,161681,751,217,27990,1163,966,100,2026-08-06 11:00:23,BV1rzuJ6SE85,20260810
老一辈的编剧下手没轻重！童年家庭惊悚神剧《复婚》，祁同伟再也不敢进步了~,虫哥说电影,影视杂谈,255917,9713,987,4185,3204,1707,901,1882,2026-08-08 09:15:00,BV1xHus6qE2M,20260810
男子被撞后卷入车底，众人瞬间从四面八方跑来抬车，不到两分钟便将男子救出。为每一位热心人点赞！,人民日报,日常,1538350,49610,1638,619,835,563,324,31,2026-08-07 13:16:21,BV1eVuh6TEUG,20260810
医生：我信你个der…【青禾动画】,比比老师,搞笑,324392,25422,321,782,2180,1093,353,627,2026-08-08 10:00:00,BV1a9u46WE1Y,20260810
我chovy！买包薯片，非要给我做成沙拉,印度老吃家,美食侦探,1114207,59273,641,423,3497,807,618,169,2026-08-06 14:36:37,BV1Vcup65EAR,20260810
30岁无儿无女，一个人在家看我的前半生笑住院了   我的前半生详解P1,让让悠哉大王,影视杂谈,182371,7159,523,1236,2006,3105,344,1931,2026-08-08 14:02:48,BV1aku361Esu,20260810
【官方投稿】等离子·雷霆·超新星（プラズマ・サンダー・スーパーノヴァ）feat. 重音テト,Chenomio,VOCALOID·UTAU,328101,77957,3830,5721,46468,19514,5074,143,2026-08-07 11:00:00,BV1Qkun6vEgb,20260810
解答一下粉丝们的疑惑,DD小水本人,美食记录,433036,43372,732,225,1160,3739,168,100,2026-08-08 10:16:25,BV1GpuG6EErc,20260810
近期热点事件：7月神人合集（二）,我是M菌,搞笑,3203754,147611,3510,8211,10909,3175,3300,582,2026-08-04 10:00:00,BV1Vcuw6XEfx,20260810
如果出了非洲之心，我们明天就结婚！,开心的本哲,电子竞技,1398587,237999,7581,13893,19659,46147,4763,52,2026-08-07 10:38:38,BV1oput6YEGo,20260810
中国人能飞！(物理),炎辰大鸽子,搞笑,1423694,71448,1148,2346,10750,5277,929,453,2026-08-07 04:05:00,BV1XsuW61EbR,20260810
三峡大坝蓄水超过20年，里面的鱼能有多大？,行者道荣,科学科普,1657290,38364,1569,1322,4370,526,336,215,2026-08-06 10:00:00,BV15Du76vEfc,20260810
八尺大人 这得挨不少电,拧不动啊真拧不动,单机游戏,410420,21237,777,2666,6834,1565,471,2727,2026-08-08 03:01:28,BV1XouM6BEo4,20260810
《终于找到这个活命的角度》,龙配-,搞笑,1054991,42500,1405,283,4976,1484,3144,98,2026-08-05 10:55:59,BV1MyMy68Esm,20260810
"用时432,000秒只为树立正确恋爱观",破橘呀,网络游戏,529833,99349,6203,899,62760,18532,5950,305,2026-08-06 01:49:03,BV1g8MS6LET9,20260810
八星大佬不为人知的一战,争取最后的自由,汽车生活,175405,15364,594,889,1853,994,629,466,2026-08-09 01:00:00,BV1ywu566Ere,20260810
给诡异的厨师招聘网站投简历后，他们都开始变得瘆人.....| 网页解密游戏 《厨得快》全流程实况,Airly_,单机游戏,231894,11238,614,2368,9276,2589,677,4493,2026-08-08 11:31:13,BV1CcuG6YEDf,20260810
大学的禁区 做一个大学白费 做两个人生白费,子阳老学长,日常,855426,91421,2127,650,22550,2582,1432,168,2026-08-05 06:35:03,BV1mJMC6oEeS,20260810
永远有某个二十岁出头的人住进那个出租屋,七颗猩猩QKXX,日常,1273067,44214,943,325,4388,841,481,152,2026-08-07 09:30:35,BV1yUut61E43,20260810
看完超级英雄电影，我的后遗症犯了...,大疆OSMO,极客DIY,4204458,122671,2157,1729,6310,1458,4470,60,2026-08-03 12:00:00,BV1XhM96cEBD,20260810
不是？吃豆子被看到要被枪毙啊！？,萝卜吃米洛,单机游戏,222146,20873,255,1031,3446,3860,234,1651,2026-08-09 00:00:00,BV1RSuL64ENc,20260810
【硬核拆解】为什么你的直觉总在骗你？,GenJi是真想教会你,计算机技术,327442,17140,414,978,3970,2059,244,736,2026-08-08 10:06:10,BV1qDuJ6GEtd,20260810
花钱体验被打，我们真疯了！！,力元君,搞笑,401947,45894,1584,5317,9934,29092,1150,893,2026-08-08 03:50:00,BV1ZzuP6eEyx,20260810
杨梅,不吃吐司面包片,手工,4551445,159201,3266,9669,13091,1647,1411,69,2026-08-06 05:29:24,BV18yuE6tETS,20260810
哥哥升入高三后离奇去世，这所无人毕业的高中到底藏了什么？,楼上的老张,单机游戏,5527138,198372,2126,7173,185880,26076,5618,3272,2026-08-05 02:05:00,BV1pAMB6PEv3,20260810
灵魂净化！翻唱火爆全网的彝族歌曲《大山》，“副歌一起，原来是它！”,咻咻满,翻唱,1123368,28466,1279,893,10889,10690,1604,219,2026-08-06 09:00:00,BV1zSMS6hEQH,20260810
【明日方舟】夏活“直到大地变成一颗酸橙”TO-EX1~8摆完挂机全关卡攻略！操作轻松+语音详解的愉悦攻略！《明日方舟》|魔法Zc目录,魔法Zc目录,手机游戏,395394,11020,823,343,1685,2990,242,1327,2026-08-08 10:17:00,BV1VnuG6SEzq,20260810
三角洲全自动武器巅峰！红弹SVCH泼水天才少年,战术级子轩,网络游戏,458884,18307,473,394,2247,548,205,444,2026-08-08 02:05:00,BV1nZuN63E2U,20260810
耗时2个月，纯手K9200帧做出一集海绵宝宝3DQ版（下）,奇妙幻想派,综合,870307,45903,380,235,14600,7578,584,343,2026-08-07 09:35:00,BV1Wfun6dE8c,20260810
细线条，光污染，新动画画风真的在集体“审美降级”吗？,42手册,影视杂谈,297261,18286,1476,1151,8472,5343,865,1709,2026-08-08 04:00:00,BV17uuM6rEwJ,20260810
当屈原开粉丝签售会,混饭达人,娱乐杂谈,109652,19163,380,518,1818,1212,377,394,2026-08-09 03:12:27,BV1gvuj6dEV4,20260810
循环歌单丨奶奶用温柔感化代码，Verity的温柔结局被破解【【Towards The Light】,若勿忘我_毅心,音乐综合,3123149,80215,70,149,96868,6891,42,2419,2026-08-08 00:00:00,BV15vu86PEBC,20260810
孩子，今天带你看看富人的天宫生活！！！,机智的呆狗,搞笑,3547571,87824,2367,1416,27338,9054,653,234,2026-08-06 08:58:08,BV18mun6PE5C,20260810
“热度散去，我又回到理塘。”理塘新曲《格聂山的葬礼》,夜吟月寒丶,翻唱,1730985,91546,4354,1289,21157,28992,15699,238,2026-08-05 04:30:00,BV1kRMd6HExX,20260810
我们从网上买来了一些泡面尝了尝…,摸鱼事务所,日常,2171851,78885,4653,14485,19665,30858,5316,2825,2026-08-05 09:43:12,BV1oKM165EkC,20260810
爷们！,小A大帅比,同人·手书,553948,57946,1568,265,15728,984,7825,45,2026-08-08 03:00:00,BV1nnuT6LEJL,20260810
把“纸片人”做成战术射击？这款二游的特色玩法为何使口碑两极分化？,拜托小宿,电子竞技,183534,7476,592,294,2682,2280,134,395,2026-08-08 11:48:13,BV1xRu36qECd,20260810
神秘二游车队,慕头MT,单机游戏,265432,15289,1473,494,3163,761,3950,256,2026-08-08 00:00:00,BV1giut6REq8,20260810
【世界周侃】警惕！日本政府设下的“二次元陷阱”,央视新闻,日常,771751,50627,4795,1829,6713,3714,6888,208,2026-08-07 13:30:01,BV16Puh65EVH,20260810
【直到大地变成一颗酸橙】TO-EX-1至TO-EX-8挂机流，突袭刻章都不愁！| 明日方舟攻略简单好抄(含EX8突袭豪华版等),自在道爷,手机游戏,230146,5770,214,236,1230,3539,75,1600,2026-08-08 10:40:15,BV1j7uG6QEmW,20260810
这分明是老叟戏顽童,GTI火箭兵鲁鲁鸟,网络游戏,744147,32679,707,499,4741,1008,1731,208,2026-08-07 06:40:40,BV1qfux6cEBJ,20260810
大理百元豪车租赁乱象调查：186元租的保时捷是重大事故车，游客拒买高价保险遭敲诈【探照灯计划】,晨视频晨世,日常,238382,7577,680,331,1076,836,1428,578,2026-08-08 11:30:00,BV1xyux6rENC,20260810
当和你一起玩的那个兄弟延迟过高：,MC_东方,单机游戏,7056345,545017,4591,5718,97146,11413,18547,47,2026-08-04 09:24:17,BV1JQuc6fEsA,20260810
桑多涅：哥伦比娅你好烦啊！,椿酱丶,综合,260268,26035,465,367,7655,3055,1338,220,2026-08-08 04:00:00,BV1e1uP6hE9s,20260810
澳洲打工度假351天的记录,韩国旅行者Kkangbo,出行,911977,32007,1743,4559,16489,17952,1752,17222,2026-08-06 11:00:00,BV1Jxun6EEFW,20260810
犯罪高手,莫梓艺大笑,原创音乐,3469144,555059,6604,2511,62879,124784,10047,55,2026-08-05 12:27:51,BV1LbMy66EWf,20260810
【原画】VS【动漫】？！【B萌应援】,神户春实锤了,同人·手书,472980,21845,481,1156,1587,1356,186,40,2026-08-04 08:20:53,BV1Hyuc6eEhs,20260810
外国大肘子连续肘击兔娘猫罐张诗尧？！,猛男舞团IconX,日常,252818,23836,265,110,1501,1638,346,67,2026-08-09 04:03:21,BV1Geuj64EpW,20260810
【第五手书】: 免费饮料你免费了！,礻困,同人·手书,143528,33877,576,263,8291,8835,2197,147,2026-08-08 10:37:11,BV15JuG6nEnu,20260810
穿越重生短剧之战锤40K（第六集）,gamebear一坨矿,亲子,193536,19168,556,396,4908,972,316,112,2026-08-08 09:15:36,BV1qauu6yEJx,20260810
🐧小时候的快乐瞬间🐧【B萌应援】,康纳RK咕嘎,综合,183441,20278,513,116,3034,1937,559,88,2026-08-03 16:53:32,BV1WeMo6REcj,20260810
《凡应》EP02测试全新PV——与巨兽彼此依存，和鸣共生！,凡应游戏,MAD·AMV,3790022,10384,1941,594,2728,1573,3358,171,2026-08-06 03:00:00,BV1HEGN6UEF7,20260810
人口不到千万，游戏席卷全球！瑞典的游戏产业是如何壮大的？,多熙君Vic,单机游戏,427407,25139,1204,877,9722,1635,951,734,2026-08-07 04:24:16,BV1i1u46fEyP,20260810
畸变虫灾（5）：击败外星生物，制作更强的步枪,方块南瓜君,单机游戏,2014451,45067,186,736,23378,1210,212,410,2026-08-06 11:00:00,BV1u2MU6yE9c,20260810
我的同桌苗疆美少女又要对我下蛊？,红色社畜,同人·手书,471227,47286,685,546,17586,744,424,83,2026-08-08 06:49:32,BV1VEug6VEMM,20260810
肇州实现村牛奶河，气味刺鼻，鱼虾绝迹不能灌溉,渔猎齐哥,科学科普,1189646,152184,6101,2568,9257,35304,2811,431,2026-08-05 23:19:13,BV18uMD6mETn,20260810
第三集 |🐧赛伊德：“雷斯也变成女孩了？！”🐧,徐Toso,单机游戏,2654728,176998,3374,14923,87031,11086,6432,256,2026-08-06 12:12:55,BV1T8uJ6oEqK,20260810
【warma】有谁能懂我的艺术吗？！,warma养鸽场,单机游戏,1621289,81418,1131,1451,18647,11701,4333,462,2026-08-07 04:00:00,BV1vPMX6fEFD,20260810
电影BUG楞被粉丝脑洞圆回来了！主创看后表示：对，我就是这么想的!,电影冷知识,影视杂谈,1392444,74188,712,738,6676,768,223,340,2026-08-07 08:00:00,BV1dmub6KEis,20260810
做个超下饭麻辣拌！黏黏糊糊太过瘾了！配上自制炸鸡，好酥脆啊,了in林,美食记录,323507,14166,279,860,4780,2877,1273,748,2026-08-07 11:20:34,BV1Xvut6sEjU,20260810
罚款几十万，狂赚几个亿，擦边经济有多疯狂？【科技狐】,科技狐,数码,390599,18122,2441,1955,4717,2834,1469,540,2026-08-07 11:00:36,BV111ut6mE1E,20260810
【高二数学】选择性必修一零基础讲解！从零开始拯救学渣！,一数,校园学习,1059238,68502,3159,13644,44108,10278,2709,67597,2026-08-04 12:00:00,BV1rDuc68EFZ,20260810
今天是一期超长下饭电子榨菜～,捷豹真的神,综艺,1237161,112429,3094,3265,15998,29910,4537,646,2026-08-06 07:47:58,BV1Qou768EKN,20260810
"当""爱心""被放在秤上称斤卖两",护资备考小团子,社科·法律·心理,632398,76097,1259,307,5111,4952,692,147,2026-08-06 09:53:25,BV1CJun6pEFv,20260810
今天真要给一个泡面“道歉”吗……,海潮有点潮,美食测评,982469,88814,948,692,5134,2867,434,136,2026-08-07 11:23:24,BV1Uzut6QEnq,20260810
白宫也有川剧大师？万税爷表演连环变脸,麻薯波比呀,社科·法律·心理,904704,60542,1242,2415,7072,5716,618,1001,2026-08-08 03:46:09,BV1LuuM6rEnb,20260810
第三集｜陌生人的舌头，给了百年老店一个答案,林述巍JACKLIN,美食制作,1092401,44504,796,274,2051,8470,310,496,2026-08-07 04:30:00,BV1kvu76yECF,20260810
【歌手2026】《花田错》x吴碧霞老师｜不要迷恋镜花水月的无聊,Vinida万妮达,音乐现场,789385,26715,1454,984,7480,12706,3622,258,2026-08-07 14:40:05,BV1QBu86cEph,20260810
【本家投稿】トリックハート(魔术之心) / MIMI feat. 重音テトSV 【Official Video】,MIMI_music,VOCALOID·UTAU,134240,39102,2748,1291,21933,17007,2558,158,2026-08-08 09:02:56,BV1ohuu6LEBP,20260810
当我让弟弟模仿我的日常第六弹,胶布布布布,亲子,2806019,213652,2155,940,20278,4230,6743,128,2026-08-04 02:15:02,BV16Kuc68Eaz,20260810
《别接我，我改！》,中国消防,日常,8994039,277175,7123,1722,62165,29985,20023,146,2026-08-05 02:11:29,BV1v1Mr6wEiP,20260810
"误入美国极右翼农村国庆庆典,我会被人歧视/赶走吗？【探照灯计划】",街头小小小霸王,出行,477995,23619,3354,3251,5679,4959,901,716,2026-08-08 09:05:00,BV1JCuM6EEne,20260810
你说监狱里碰到的无名全是好人？,爱鼠TV-呆呆兽,网络游戏,458560,20456,557,382,3074,520,99,457,2026-08-08 09:00:00,BV1WbuP6GEv6,20260810
柯洁VS党毅飞（不可能的逆转）,阿引围棋,桌游棋牌,6294664,239289,8607,2492,25800,6106,6280,471,2026-08-04 06:24:26,BV1kxuw6iEb2,20260810
三角洲行动 全游戏最低后坐力！超压减速+极限稳定！黑科技邪修倍镜腾龙改法教学！【S】,Always聪聪,网络游戏,720981,32569,1896,464,23122,1855,2025,415,2026-08-08 02:00:00,BV12NuT6sEi7,20260810
单向阻车器：只扎逆行车辆！,万物科普世界,科学科普,1679603,9111,428,107,623,594,122,54,2026-08-07 03:00:00,BV1KZup6NExx,20260810
塑料袋6大邪修用法,万物研究所-6,三农,2398652,102854,673,315,92693,3240,3164,64,2026-08-06 02:46:48,BV1g1MU6LEm3,20260810
《三国语言版三国杀》,会飞的企鹅_-,桌游棋牌,2566098,164783,1402,650,48092,5924,4902,125,2026-08-04 12:55:28,BV1ipuA64EpU,20260810
【蓝牙耳机推荐2026】8月大合集！耳机推荐/耳夹式耳机/入耳式蓝牙耳机/百元蓝牙耳机，含降噪音质测试！全价位手机厂/HiFi厂对比！看完再买不踩坑,电光球球,日常,1975957,62594,604,1589,12794,4948,6099,1788,2026-08-05 11:18:41,BV1TyMy68EH9,20260810
有个姐姐也不错！,小草莓林杉杉,日常,194054,14354,159,126,4539,1222,46,30,2026-08-09 04:19:40,BV1hmu36GEvk,20260810
们无限流有自己的规则怪谈。,甜妹领军人物,日常,400288,45967,3256,598,6020,761,2433,180,2026-08-07 12:00:00,BV18Lu46JE2Z,20260810
“当全世界都知道你10天后成为超人（16）”,小火猫meme日记,人文历史,786193,35980,1213,696,12512,2141,216,138,2026-08-08 05:55:14,BV1PBug68Eu2,20260810
周围全是核废水！请在这荒岛生存下去！,与山0v0,单机游戏,762134,73326,1203,2672,18948,24438,808,1294,2026-08-08 01:00:00,BV1UfuP6DE1U,20260810
两分钟后，她就被联合国列入黑名单了,LobotD轩轩轩儿,原创音乐,938886,63652,3076,741,41897,6266,7170,122,2026-08-06 11:27:15,BV1oQuJ6rE3h,20260810
苗族coser的蜈蚣到底是怎么养的，我可以养吗？,林带鱼w,日常,552554,48093,1326,201,9456,5163,460,122,2026-08-07 10:38:46,BV1osut6wEcr,20260810
《乱》Celestial Decay｜侯景之乱,我就叫孙皓冉,短片,351293,15892,1704,1961,8811,9724,2724,863,2026-08-07 10:38:02,BV1jsut6AEFr,20260810
小时候干活的那些迷惑行为,猫meme我的刀盾,日常,1573184,133321,11449,2585,27810,2502,12974,86,2026-08-07 05:22:04,BV1kau46BEnD,20260810
现在的小孩vs以前的小孩,西维西师傅,搞笑,2113665,130953,2050,355,5698,1010,1107,47,2026-08-08 06:11:31,BV1Loug67EU8,20260810
【梨诺】首发攻略 电+自然核心辅助 角色定位/技能解析/配队推荐/养成推荐/潜能/抽取建议,YZ-月咒,手机游戏,249074,6915,2704,535,1335,1503,567,470,2026-08-09 04:05:00,BV1H5uj6gErY,20260810
80后老登勇闯加勒比海无人岛，谁知夜里的海底都是巨型犀牛虾！,OK哥环球探海记,出行,6846730,154735,2226,10970,94856,34070,5174,1402,2026-08-05 03:00:00,BV1xkuA6CE7h,20260810
果葡糖浆不好？对，但白砂糖也一样！,中国食品报融媒体,科学科普,1043082,40131,3311,1535,7517,1640,749,535,2026-08-08 11:05:00,BV1JAuM61EP5,20260810
美人鱼逃脱模拟器！,陈三岁恐怖游戏,单机游戏,1364442,71866,870,700,10886,544,415,182,2026-08-07 03:42:22,BV1qCu46cEjc,20260810
歌剧老师锐评《歌手2026》歌王之战（上）,铁豆钢蛋,乐评盘点,384110,20770,3451,17865,4318,15874,568,4314,2026-08-08 14:21:50,BV1kHu36FEv7,20260810
策划你要不给比特换个眼镜吧#三角洲行动,陈皮三角洲,网络游戏,489826,20533,254,23,1172,1508,625,13,2026-08-08 13:55:41,BV1Ycu36kE6U,20260810
人生可以重来？当我手搓了一个“人生模拟器”…我竟然能过上五种人生？,纳骨小鸟,日常,466265,36920,247,586,3252,2488,669,376,2026-08-08 03:00:00,BV1bpub6pEfp,20260810
你们都喊我来玩鸣潮iwanna，键盘和我都崩溃了,老耗游戏,单机游戏,898403,79170,2184,847,5588,9344,3864,257,2026-08-07 12:35:50,BV1Wiuh6HEPy,20260810
5个天才高中生做的高中生活游戏,拧不动啊真拧不动,单机游戏,3409446,139910,3029,4130,35433,5942,14870,1149,2026-08-05 12:19:35,BV19eMy6TEmz,20260810
这首歌简直太适合法语吧??,AliceRoche法国爱黎,翻唱,965113,141826,835,181,21981,5253,2395,110,2026-08-06 09:23:25,BV1T3un6fEAr,20260810
【歌手2026】《再见》Vinida万妮达｜不回头的走下去,Vinida万妮达,音乐现场,791010,31002,1671,926,9549,21441,5169,305,2026-08-07 15:04:27,BV1Ngu86nEN9,20260810
《猫和老鼠》中的屁屁竟被打了这么多次...,大福咕咕,动漫杂谈,849893,33126,447,1343,10225,3969,410,437,2026-08-07 08:59:59,BV1UbuH6NEwV,20260810
【散人】你拼我猜！抽象艺术《破烂艺术家》,逍遥散人,单机游戏,293606,32151,221,1783,2949,2152,735,2444,2026-08-08 12:43:58,BV1r4u36dEKn,20260810
生活中最阴的概念神实力排行（2）,东方日出哇,特摄,6999618,327081,4166,6316,67172,9181,9354,333,2026-08-05 04:56:00,BV1LcMr6AESQ,20260810
末日高架桥，我们被困了100天！P7,马里奥红叔,单机游戏,604083,87761,1532,10439,23184,48807,684,1320,2026-08-08 03:00:00,BV1nYuP6zEsn,20260810
《小明一家》,是许木木啊,日常,497480,52702,2039,2117,9887,6893,861,983,2026-08-08 09:30:00,BV1gHuM6YEi1,20260810
绥化明水友爱村，黑土地为什么绝收？好事为啥落地之后就绝收了？哪个环节出了问题？黑土去哪了？希望尽快查明真相，确保明年丰收，村民很着急,渔猎齐哥,科学科普,340990,56678,2491,808,2617,11192,894,717,2026-08-08 01:54:54,BV1Cjuu6REFv,20260810
终于破纪录了,街健呆木头,健身,1908492,93365,819,162,1557,1255,398,18,2026-08-06 10:45:00,BV1n6u76GEw6,20260810
00后新老师被值周生为难,脱缰凯Kk,小剧场,1915547,141085,2004,2571,11483,3533,1066,257,2026-08-07 09:00:00,BV1AgMy69EQM,20260810
4.4货币战争现状.exe,阿遥那家伙,手机游戏,1462262,134809,2998,1105,25831,18082,8827,331,2026-08-06 12:00:00,BV1qUuJ6CErR,20260810
最低15W！极限性价比！SCAR尾盖的正确改法,Xavier_07,网络游戏,221974,11579,701,238,11468,630,1859,245,2026-08-08 01:15:00,BV1mkuN6HEPp,20260810
多重算计！字字杀机！《凡人修仙传》186逐帧解析,利维坦mY,动漫杂谈,511662,34577,3543,2332,2819,10497,554,876,2026-08-08 10:53:52,BV1TYuG6rED6,20260810
当我看完痴迷..3,超级无敌蘑菇羊,日常,1553612,61539,844,533,22678,1992,765,278,2026-08-07 05:27:54,BV14pu46yEMG,20260810
5元瓷碗vs皇家瓷器! 景德镇陶瓷差距有多大?,杰克小兔,出行,696314,29840,1621,1960,4018,2961,597,906,2026-08-08 09:04:11,BV1Mhug6NEfv,20260810
在网上把广东人唱红温后，终于被粤语区的报复了！,吹拉弹唱慕星银,翻唱,1296383,43725,3222,3640,8588,8543,4721,282,2026-08-07 11:30:00,BV1iDub6PEhn,20260810
主播剪这个视频时都在笑,一群重型坦克,手机游戏,888517,101305,6171,25078,12141,5203,19849,61,2026-08-07 16:14:01,BV1xCuN6QEfz,20260810
一口气看完穿越东汉末年·第一季（创业篇）,凉州经略使,影视杂谈,195040,11666,1734,1784,5832,4663,559,36001,2026-08-08 12:01:06,BV182uu6NEnm,20260810
【直到大地变成一颗酸橙】TO-EX-1至TO-EX-8突袭一摆到底合集版 摆完挂机 简单好抄,萧然Q,手机游戏,274853,12770,620,214,2810,9528,243,1365,2026-08-08 15:39:22,BV16Vu56AEoK,20260810
恐龙快打真人版来了！耗时 4311314 秒致敬童年街机恐龙快打真人版一剪到底,AIGC十四,影视剪辑,319769,10773,600,2877,5372,5477,1356,2493,2026-08-08 01:15:00,BV1ejuh6NE4G,20260810
忍一时腐肉难寻，退一步满山尸臭，谦让的秃鹫和兀鹫,代鸿Project,动物综合,552758,31117,5042,2905,5430,1474,1612,503,2026-08-07 10:00:00,BV1MZu46DEU9,20260810
叮咚！请梦想家们查收「妄想天使的绮梦度假村拍摄花絮」!,妄想天使唯一指定官号,综合,1008551,196888,5198,385,29499,17540,7253,28,2026-08-08 10:00:00,BV1sbub6EE2P,20260810
终末之谷再开！超能力撕名牌！大型火影主播综艺《飞舞吧忍者第二季》ep04—轮回终章,鬼叔黍,综艺,548909,51280,2070,16584,20526,30815,1603,3344,2026-08-08 04:00:00,BV1rwuh61EWo,20260810
当我把《她说》改成英文版，撩外国女生,史大卫,搞笑,303881,8417,816,574,1622,761,193,291,2026-08-08 11:48:56,BV11ou36KEpV,20260810
3种发圈正确戴法！轻松解锁夏日氛围感造型,chilly香菜,美妆护肤,2431944,180880,3334,728,63824,4536,8750,122,2026-08-06 10:41:07,BV1CBuJ6nE33,20260810
攻守易行也！霸凌上鬼了,守拙君,单机游戏,1024182,55032,370,158,12863,567,1081,69,2026-08-08 05:17:12,BV1oKuM6CE67,20260810
做什么都是一个人的话，会不会太自由了,凛糟糕,日常,2833598,179029,8871,697,33869,11592,5455,73,2026-08-06 11:00:20,BV1vRuJ6zEro,20260810
《异环》1.3版本前瞻特别节目回顾,异环,单机游戏,887716,34298,14360,15019,5766,8919,2857,3793,2026-08-08 12:30:00,BV1NUMy6oEgd,20260810
这次的伙伴是ICE（液氮）奥特曼！,十六van游戏,电子竞技,786065,45726,501,495,15030,3515,4098,460,2026-08-08 04:40:00,BV1JCuM6EE5q,20260810
“盛夏，蝉鸣，小小的Miku~”,小陈的脚凑凑的,日常,1241043,162053,3562,650,44700,16946,7532,83,2026-08-06 22:54:00,BV1KAux6zEsK,20260810
AI小镇发布啦！【B站AI创造公开赛】,是花子呀_,计算机技术,132665,12646,812,83,9748,4808,1013,172,2026-08-08 12:30:00,BV1uBut6WE2Z,20260810
网络热门长虫视频(121)刷新认知！云南一男子徒手抓西南眼镜蛇被咬伤后出现严重神经毒症状？,世界记忆大师龙雅,科学科普,633325,36664,1349,2327,3463,2058,398,479,2026-08-08 10:30:00,BV1C2ux6uEms,20260810
【战双帕弥什】动画短片 | 于频率中相汇,战双帕弥什,手机游戏,179931,19436,657,280,4011,6918,1209,89,2026-08-09 03:00:00,BV16iMr6MEwn,20260810
运到你了嘛,兮酱三角洲行动,电子竞技,711596,32176,2654,10006,14126,5436,5342,83,2026-08-08 05:46:47,BV1cmug6WEwo,20260810
聪明猫在一起久了也会有一些共同点……,亮亮也是酿酿,喵星人,3837987,419337,10503,3818,40629,50340,11787,420,2026-08-07 05:17:02,BV1Guu46sEkA,20260810
十岁那年我弟爬进废弃飞船，舱门再打开时，他消失了,困牛拿铁,国产原创相关,1099877,54486,429,290,6793,739,907,301,2026-08-07 02:05:17,BV1xEus6zEEv,20260810
青春没有售价，骑着一台十年前的125直达拉萨！历时12天，4000余公里 我终于做到了！,张骑迹,运动综合,239125,14083,723,949,1407,4534,936,799,2026-08-08 01:15:16,BV1MHuK6REax,20260810
保安从业手册！超好玩儿的奇幻喜剧，上映20年创意依然脑洞大开,长片短解,影视杂谈,7921787,108854,417,645,56185,3302,550,1283,2026-08-05 11:00:00,BV1GYMk6FEPY,20260810
买20卢比的成吉思鸡，差点鳞片不保,印度老吃家,美食侦探,344389,28267,575,404,1626,640,460,198,2026-08-08 14:00:00,BV15JuG6nEBz,20260810
当你受伤时你的朋友：,一串大福,搞笑,450946,38471,641,1711,5891,1486,295,128,2026-08-08 10:10:28,BV19Buu66EgA,20260810
如何高情商和女生对话,其实我是超级小孩,单机游戏,564696,80372,1214,536,15259,813,2952,51,2026-08-08 05:56:16,BV1PBug68EhR,20260810
我们只有不断发声才能让更多人看到,干饭快乐小伙,搞笑,442750,30601,205,21,678,677,76,102,2026-08-08 09:53:07,BV19quu63EyC,20260810
高分黑色喜剧，顶级杀手有一个演员梦？！全网最详细解说，一口气看完美剧《杀手巴瑞》第1季,蔡老板家的长工,影视杂谈,354857,9528,200,793,6826,2028,138,4578,2026-08-08 10:00:00,BV1V8uN6hEQK,20260810
《最讨厌复联の一集》,伤心欲茄222,搞笑,7714559,537057,10792,1860,33884,7784,8915,114,2026-08-04 04:00:00,BV1KduF6ME4b,20260810
武 松 打 虎 ！,喵与茶,动物二创,4616942,202837,5769,1426,48933,14183,41254,67,2026-08-03 01:34:13,BV14B3f6rEfQ,20260810
