标题,UP主,分区,播放量,点赞数,评论数,弹幕数,收藏数,投币数,分享数,时长秒,发布时间,BV号,数据日期,发布小时,发布天数,点赞率,投币率,收藏率,评论率,弹幕率,分享率,三连率,币赞比,弹幕密度,日均播放,播放分层,是否爆款
当我的粉丝死后变成猫来找我，于是我写了一首曲子…,小憩memories,演奏,2686404,108554,783,3090,40482,6187,280,308,2026-07-23 03:40:32,BV1VHgD64Eqq,2026-07-26,68.32444444444444,2.8468518518518517,0.04040866526404815,0.002303078762539067,0.015069215203670036,0.00029146770180508963,0.001150236524364913,0.00010422855236963613,0.05778095923025725,0.05699467546106086,10.032467532467532,943640.2523905549,腰部普通,0
离开家乡是我刚毕业的人生第一课,七颗猩猩QKXX,日常,1270553,55230,1742,532,4106,2114,718,218,2026-07-23 08:40:00,BV123gS65Eey,2026-07-26,63.333333333333336,2.638888888888889,0.043469261022562614,0.001663842437112029,0.003231663692895928,0.001371056539947566,0.000418715315299716,0.0005651082638819475,0.04836476715257057,0.03827629911280101,2.4403669724770642,481472.7157894737,腰部普通,0
相恋18年，作为程序员的我们，终于………………【B站AI创造公开赛】,英雄哪里出来,计算机技术,838898,35352,1511,4474,6336,13910,3209,797,2026-07-22 04:00:00,BV1eEgz6fEJQ,2026-07-26,92.0,3.8333333333333335,0.04214099926331926,0.016581276865602255,0.00755276565208166,0.0018011724905769235,0.005333187109755894,0.0038252564674132014,0.06627504178100317,0.3934713736139398,5.613550815558344,218842.95652173914,尾部低播放,0
一次摸遍Galaxy Z Fold8 Ultra｜Galaxy Z Fold8,热男HotGuys,数码,368334,13711,875,521,4043,3589,341,353,2026-07-22 13:22:30,BV14MKa6UEc8,2026-07-26,82.625,3.4427083333333335,0.03722436701472034,0.009743873766744314,0.010976450721356161,0.0023755613112012466,0.0014144770778695423,0.0009257901795652858,0.05794469150282081,0.26176063015097367,1.4759206798866855,106989.60363086233,尾部低播放,0
当学校里有名痞子师时,天舒-天舒班,小剧场,1035260,45362,317,633,10181,764,186,246,2026-07-24 08:18:37,BV1kegY6sEwC,2026-07-26,39.68972222222222,1.653738425925926,0.04381701215153681,0.0007379788652126036,0.00983424453760408,0.00030620327260784733,0.0006114406042926414,0.00017966501168788517,0.054389235554353495,0.016842290904281118,2.573170731707317,626011.9398388892,腰部普通,0
五星上将的警惕性,麦克阿瑟MacArthur,搞笑,7298401,463425,6733,1811,31232,5520,5407,35,2026-07-22 02:27:40,BV1EXgz6iE7N,2026-07-26,93.53888888888889,3.897453703703704,0.06349678511772647,0.0007563300509248532,0.004279293505522648,0.0009225308392893183,0.00024813654388132413,0.0007408472074910656,0.06853240867417397,0.011911312510114905,51.74285714285714,1872607.4906456019,头部爆款,1
循环歌单|【LUV SIC】|“【优雅の小曲】”,蛋某人音乐,乐评盘点,1778723,50734,618,93,18827,666,276,2967,2026-07-23 00:00:00,BV1aHgz6oES3,2026-07-26,72.0,3.0,0.02852270983171635,0.0003744259224173747,0.01058455982184972,0.0003474402703512576,5.2284700878101876e-05,0.0001551674993801733,0.039481695575983446,0.013127291362794181,0.03134479271991911,592907.6666666666,腰部普通,0
镜头歪了！我的世界变得像从天而降的梦境,TTARTISAN铭匠,数码,4473853,161777,1165,212,18371,1168,1280,21,2026-07-20 09:30:00,BV1P9KF6ZEpv,2026-07-26,134.5,5.604166666666667,0.03616055333065257,0.0002610725028292168,0.0041063038950989224,0.00026040193989386776,4.738644743133045e-05,0.00028610685241558,0.040527929728580714,0.007219814930428924,10.095238095238095,798308.3420074349,腰部普通,0
全 网 最 幸 运 的 动 画 教 程   3.5,滑铲师SQsir,同人·手书,2982562,292701,1733,1563,97367,31379,5969,416,2026-07-19 12:52:52,BV1BfKr6vEQr,2026-07-26,155.11888888888888,6.463287037037037,0.09813744022756275,0.01052082069039973,0.032645423632434126,0.0005810440822353399,0.0005240461053282379,0.002001299553873482,0.1413036845503966,0.10720496342684173,3.7572115384615383,461462.0986053708,腰部普通,0
🐔回 归 鸡 本 功⚡,浪迹天涯的小光,人力VOCALOID,3019808,140958,4137,875,22509,21430,16083,67,2026-07-22 03:37:00,BV1Utgz6XEsP,2026-07-26,92.38333333333334,3.849305555555556,0.0466778020324471,0.0070964776568576545,0.007453785141306997,0.0013699546461231973,0.00028975352075363733,0.005325835284892284,0.061228064830611745,0.1520311014628471,13.059701492537313,784507.2199170124,腰部普通,0
全是杀人细节！尺度拉满，开局就曝凶手！万字细嗦《悬案》第二案（P2）,不善言辞的秃秃,影视杂谈,484489,13817,283,1274,3385,7398,299,1695,2026-07-24 10:01:21,BV185gY6MEGi,2026-07-26,37.9775,1.5823958333333332,0.028518707339072715,0.015269696525617712,0.0069867427330651466,0.0005841205889091393,0.002629574665265878,0.0006171450745011755,0.050775146597755574,0.535427372077875,0.751622418879056,306174.3400697782,腰部普通,0
妙脆角猫最危险的一天,饼型地雷,预告·资讯,2359502,231688,5415,1180,57947,9449,66289,44,2026-07-21 09:39:57,BV1bLKb67Evr,2026-07-26,110.33416666666666,4.597256944444444,0.09819360187022516,0.004004658610164348,0.024558995923716107,0.0022949758042163136,0.0005001055307433518,0.02809448773512377,0.12675725640410562,0.040783294775732885,26.818181818181817,513241.27159160434,腰部普通,0
嘎子哥抽象电影诠释何为硬汉の顶点！心脏被打爆都不死？！笑拉哈哈哈哈,文西与阿漆,影视杂谈,833631,77115,1962,5057,6739,16746,1455,744,2026-07-24 09:05:00,BV11kgC6fENd,2026-07-26,38.916666666666664,1.6215277777777777,0.0925049572292777,0.020088024557628016,0.00808391242648126,0.002353559308614963,0.006066233141521849,0.0017453765514958057,0.12067689421338698,0.2171561952927446,6.797043010752688,514102.2012847966,腰部普通,0
《绷物大战绷尸》,陈君un,日常,3175830,175195,6779,6944,53770,11630,13968,68,2026-07-22 06:46:13,BV1BGgr6rEwT,2026-07-26,89.22972222222222,3.7179050925925927,0.055165106444614476,0.0036620348066489705,0.016931007012340082,0.002134560099249645,0.00218651502127003,0.004398220307762065,0.07575814826360353,0.06638317303576015,102.11764705882354,854198.7815470056,腰部普通,0
不是菲比你怎么蹲在家门口吃面啊？我靠你慢点吃啊!,woyigebc,日常,2831287,179291,3617,299,35054,5019,13219,10,2026-07-20 02:31:00,BV187Kk6pE3W,2026-07-26,141.48333333333332,5.895138888888888,0.06332491195700048,0.0017726920654811751,0.012380941953253061,0.0012775108987538176,0.0001056056839168901,0.00466890145718184,0.07747854597573471,0.027993597001522666,29.9,480274.8592295913,腰部普通,0
淘到三模热敏键盘,林笑嫣然,日常,1881028,43743,1423,433,1658,780,687,200,2026-07-23 00:48:25,BV1Dkgm6LEus,2026-07-26,71.19305555555556,2.966377314814815,0.023254837248568336,0.0004146668736456874,0.0008814329185955765,0.0007565012323048886,0.00023019327729305466,0.0003652258233263939,0.0245509370408096,0.017831424456484467,2.165,634116.2301254413,腰部普通,0
《外 卖 逆 天 评 价》2,铃乃Chan,日常,1573758,92922,788,102,8063,614,971,41,2026-07-24 09:20:00,BV1oggt6vESr,2026-07-26,38.666666666666664,1.611111111111111,0.05904465616695832,0.0003901489301404663,0.005123405250362508,0.000500712307737276,6.481301445330222e-05,0.0006169944807270241,0.0645582103474613,0.00660769247325714,2.4878048780487805,976815.3103448277,腰部普通,0
宇树 超凡健将As2-W,Unitree宇树科技,野生技能协会,1892695,80772,8173,2687,7158,3565,10053,64,2026-07-24 05:57:41,BV1h3gh6aEb4,2026-07-26,42.03861111111111,1.7516087962962963,0.04267565561276381,0.0018835575726675454,0.003781908865400923,0.004318181217787335,0.001419668779174669,0.005311473850778916,0.048341122050832276,0.04413658198385579,41.984375,1080546.6403240408,腰部普通,0
⚡经 典 广 告 摇 一 摇⚡,潮汕好男人,人力VOCALOID,842707,100625,2918,1350,25466,8981,11351,82,2026-07-24 09:30:00,BV1tfgY6MEf9,2026-07-26,38.5,1.6041666666666667,0.11940686383286243,0.01065732217722174,0.03021928143470981,0.0034626507196451437,0.0016019802849626264,0.01346968756637835,0.160283467444794,0.08925217391304348,16.463414634146343,525323.8441558442,腰部普通,0
何为张力？,Li-Yu2,搞笑,782614,109264,1977,877,60741,6248,3606,60,2026-07-23 12:54:36,BV1ihg46AEzH,2026-07-26,59.09,2.4620833333333336,0.13961416483732722,0.007983501445156872,0.07761297395650985,0.002526149544986417,0.0011206035159095032,0.004607635437137593,0.22521064023899393,0.057182603602284374,14.616666666666667,317866.5764088678,腰部普通,0
⚡这 就 叫 传 承⚡,红色激情,鬼畜调教,1636415,82438,912,235,8179,1233,963,85,2026-07-22 11:00:00,BV1S8gz6HEu3,2026-07-26,85.0,3.5416666666666665,0.05037719649355451,0.0007534763492145941,0.004998120892316436,0.0005573158398083616,0.0001436066034593914,0.0005884815282186976,0.05612879373508554,0.014956694728159343,2.764705882352941,462046.58823529416,腰部普通,0
沉浸式感受清朝御厨制作摔不碎的豆腐,史海听风,AI影像,3863502,123234,2623,1807,11680,2933,862,118,2026-07-19 13:25:55,BV1EpKr6cEAx,2026-07-26,154.56805555555556,6.440335648148149,0.03189696808750196,0.000759155812524492,0.0030231639585018982,0.0006789177280094587,0.0004677103829634358,0.00022311364145793117,0.03567928785852835,0.02380024993102553,15.313559322033898,599891.4049007539,腰部普通,0
太娘们了！丹麦女王的潇洒一生,MissMae的美学笔记,人文历史,231519,36334,461,448,6561,1566,653,217,2026-07-21 10:16:24,BV1hRKh6tECw,2026-07-26,109.72666666666667,4.571944444444445,0.1569374435791447,0.0067640236870408045,0.028338926826739923,0.0019911972667470057,0.0019350463676847257,0.0028205028528976023,0.19204039409292542,0.04310012660318159,2.064516129032258,50639.06677197885,尾部低播放,0
我不同意这门婚事！,鲨鲨会原谅你的,MAD·AMV,463397,51113,1655,563,13871,2388,4265,104,2026-07-24 11:08:37,BV1stgv6TES9,2026-07-26,36.85638888888889,1.5356828703703702,0.11030067091500377,0.005153248726254162,0.02993329693545707,0.003571451692609145,0.0012149409685431713,0.009203771280349247,0.145387216576715,0.04672001252127639,5.413461538461538,301753.0565332409,腰部普通,0
动力小菲比,薇尔莉特的saber君,GMV,441043,28057,842,37,6245,1743,6221,16,2026-07-24 11:00:00,BV17ygY6UEFh,2026-07-26,37.0,1.5416666666666667,0.06361511235865891,0.003951995610405335,0.01415961708949014,0.0019091109030185266,8.389204680722741e-05,0.014105200626696263,0.08172672505855438,0.06212353423388103,2.3125,286081.9459459459,腰部普通,0
沉浸式感受清朝御厨制作以假乱真的骨头【AI全民制作人】,史海听风,AI影像,1467762,49111,1436,1349,5843,1073,410,157,2026-07-23 10:42:07,BV1SGgQ6HEFk,2026-07-26,61.29805555555556,2.554085648148148,0.03345978435195897,0.0007310449514294552,0.003980890634857695,0.000978360251866447,0.0009190863368856803,0.0002793368407139577,0.03817171993824612,0.02184846572051068,8.59235668789809,574672.1927920497,腰部普通,0
当MC加入“LED彩垫”,文文DADA,搞笑,1421888,125633,1698,400,12750,941,1165,31,2026-07-24 04:19:43,BV1WHgh6REZh,2026-07-26,43.67138888888889,1.8196412037037037,0.08835646689472026,0.0006617961470945672,0.008966950983481117,0.0011941868839177206,0.0002813161092856821,0.0008193331682945492,0.09798521402529595,0.007490070284081412,12.903225806451612,781411.1909017472,腰部普通,0
你好可以去你家给你做饭吗？第六十五顿饭-第五十八家-福冈奶奶姐妹花,陈善福儿,搞笑,772511,70041,1489,3016,10014,14827,1388,2430,2026-07-24 09:23:12,BV1augY6rEtV,2026-07-26,38.61333333333334,1.608888888888889,0.0906666701186132,0.019193254206088976,0.012962922210816416,0.0019274806442885603,0.003904151526644928,0.0017967381694241247,0.12282284653551859,0.21169029568395653,1.2411522633744856,480151.8646408839,腰部普通,0
快艾特你的好朋友，一起来拍吧！,_向承睿,日常,361891,63048,658,1445,8156,1149,1023,14,2026-07-24 09:49:57,BV1Sega6vECX,2026-07-26,38.1675,1.5903124999999998,0.1742182038238033,0.003174989154192837,0.022537172795123392,0.0018182270352122601,0.003992914993741209,0.0028268180197904896,0.19993036577311954,0.018224210125618576,103.21428571428571,227559.677736294,尾部低播放,0
《嘿嘿，嘿嘿，嘿嘿》,三角洲-安澜,网络游戏,1762738,72140,895,1108,10565,1486,361,176,2026-07-24 01:30:00,BV1iDgx68E15,2026-07-26,46.5,1.9375,0.040924970131692856,0.0008430067315732684,0.005993516903816676,0.0005077328564993777,0.0006285676033534195,0.00020479504044276575,0.0477614937670828,0.020598835597449405,6.295454545454546,909800.2580645161,腰部普通,0
aespa《KISS N TELL》MV,SMTOWN,MV,802096,49999,4843,47032,14366,16919,9598,190,2026-07-23 15:00:00,BV1i7gD6FEWg,2026-07-26,57.0,2.375,0.06233543117033372,0.021093485069118907,0.017910574295346194,0.00603793062177096,0.058636372703516786,0.011966148690431071,0.10133949053479882,0.3383867677353547,247.53684210526316,337724.63157894736,腰部普通,0
【TF家族练习生】《突围II破局》EP04：加更,TF家族,明星综合,1894676,57711,5189,1154109,22580,5923,1118,2022,2026-07-22 11:00:00,BV1bvgC6eEJR,2026-07-26,85.0,3.5416666666666665,0.030459561423694607,0.0031261281612265106,0.011917604909757658,0.0027387268324505086,0.6091326432593225,0.0005900745035035014,0.04550329449467878,0.10263208053923863,570.7759643916914,534967.3411764706,腰部普通,0
如何制作流畅的奶龙动画？思路分享,泽央zeyang,科工机械,519987,29823,532,121,12078,1688,2667,274,2026-07-24 04:11:16,BV11Egh6oEzb,2026-07-26,43.812222222222225,1.8255092592592594,0.05735335691084585,0.0032462350020288967,0.02322750376451719,0.001023102500639439,0.00023269812514543632,0.005128974378205609,0.08382709567739194,0.056600610267243404,0.4416058394160584,284844.8986837767,腰部普通,0
让我来看看怎么个事？-FGO十周年庆！【bilibilionly同人扶持计划】,叫我棉被,手机游戏,379928,19679,604,76,3789,2933,631,107,2026-07-23 03:30:00,BV1atgr6hECW,2026-07-26,68.5,2.8541666666666665,0.051796656208544775,0.0077198837674506745,0.009972942241687899,0.0015897749047187888,0.0002000379019182582,0.001660841001452907,0.06948948221768335,0.14904212612429493,0.7102803738317757,133113.4598540146,尾部低播放,0
【陶笛】The other side of paradise.抱歉哪位小盆友点的，找不到截图了。。。哈哈哈哈哈,音乐之声生不息,演奏,2268773,392416,3605,1013,42732,36247,4251,141,2026-07-21 05:01:40,BV1naK46ZEpJ,2026-07-26,114.97222222222223,4.7905092592592595,0.17296397656354337,0.01597647715306908,0.018834850379478248,0.0015889646077417176,0.00044649685094101524,0.0018737000131789298,0.2077753040960907,0.09236881268857539,7.184397163120567,473597.45639043243,腰部普通,0
天上无归客，人间有相思,朱铁雄,小剧场,1448786,83089,883,990,22564,14356,921,691,2026-07-23 09:00:00,BV1CHgQ6LELU,2026-07-26,63.0,2.625,0.05735077506270767,0.009908985868168246,0.015574418858271684,0.0006094757955971413,0.0006833307334554586,0.0006357046520328054,0.0828341797891476,0.17277858681654612,1.4327062228654124,551918.4761904762,腰部普通,0
四川康定女游客徒手甩开分食马尸的秃鹫！她们的善意究竟是救赎还是破坏？,李老普解说,动物综合,2278513,138392,15717,6362,10642,1493,8155,150,2026-07-20 08:28:06,BV16MKU69E36,2026-07-26,135.53166666666667,5.6471527777777775,0.06073785841906542,0.0006552519121023228,0.004670589985661701,0.006897919827536643,0.0027921719121198783,0.003579088642461114,0.06606370031682944,0.010788195849471067,42.413333333333334,403479.96409203263,腰部普通,0
世上没有后悔药（后悔药-动画重制版）,水灵灵的三角洲行动,网络游戏,2241279,40437,523,1122,41345,1573,166,761,2026-07-24 08:42:55,BV1Zfga6EEcx,2026-07-26,39.28472222222222,1.6368634259259258,0.018041930522706008,0.0007018314096549337,0.018447056345952468,0.0002333489047994471,0.0005006070194741484,7.406485314858168e-05,0.03719081827831341,0.03890001731087865,1.4743758212877793,1369252.2934417536,头部爆款,1
预制视频！,小傲想睡觉,美食制作,964607,65530,1558,3494,18526,20816,740,637,2026-07-24 04:00:00,BV12Zgk6fEfJ,2026-07-26,44.0,1.8333333333333333,0.06793440230062606,0.021579772902332244,0.01920574907708528,0.001615165554469333,0.0036222005438484276,0.000767151803791596,0.10871992428004358,0.3176560354036319,5.4850863422291996,526149.2727272727,腰部普通,0
今天的网课是：驼背退！退！退！（虽迟但到~）,中国军号,日常,434707,70330,349,58,79938,4421,3391,44,2026-07-24 03:30:00,BV1xcgX6UEAU,2026-07-26,44.5,1.8541666666666667,0.1617871347827387,0.01017006857492518,0.18388937836289732,0.0008028396138088414,0.0001334232022948791,0.007800656534171293,0.3558465817205612,0.06286079909000426,1.3181818181818181,234448.7191011236,尾部低播放,0
让老手艺活下来 传下去,皮影博士,三农,474562,106636,587,128,4761,9029,1530,39,2026-07-24 10:03:05,BV1kXga6pEPS,2026-07-26,37.94861111111111,1.5811921296296296,0.22470404288586107,0.01902596499509021,0.010032408831722725,0.0012369300533966057,0.00026972239665207074,0.0032240255224817833,0.253762416712674,0.08467121797516786,3.282051282051282,300129.2449584599,腰部普通,0
我和bro潦草的高中生活belike:,梨冻着是一颗梨,绘画,3689388,254076,1899,1943,37201,6492,6040,79,2026-07-21 03:30:08,BV1XmK462E28,2026-07-26,116.49777777777778,4.854074074074075,0.06886670634804472,0.0017596414364658853,0.010083244158651788,0.0005147195144560562,0.0005266456116841059,0.0016371278922141016,0.08070959194316239,0.025551409814386247,24.59493670886076,760060.0946131542,腰部普通,0
【绝区零】蕾米埃尔丹综合测评：圣光级虚狩！武器对比+技能解读+驱动盘选择+影画提升！数值正是为王的理由！,卡特亚,手机游戏,1132612,92109,6034,5936,18363,24887,6216,1523,2026-07-24 04:00:00,BV1fGga6SE9F,2026-07-26,44.0,1.8333333333333333,0.08132440765239994,0.021973102880774704,0.01621296613491646,0.005327508449495502,0.005240982790222954,0.005488198959573093,0.1195104766680911,0.2701907522609083,3.8975705843729482,617788.3636363636,腰部普通,0
【4K典藏】千万别眨眼！2026世界杯30大进球,一个九天鸭,足球,676905,18102,1502,7624,13413,5903,1741,546,2026-07-24 04:42:11,BV1WWgh6WEAy,2026-07-26,43.29694444444444,1.8040393518518518,0.02674230505019168,0.008720573788050022,0.01981518824650431,0.0022189228916908578,0.011263028046771704,0.0025720005022861407,0.055278067084746016,0.32609656391558944,13.963369963369964,375216.316265582,腰部普通,0
这个工具是谁发明的？,漫小星空,特摄,3271383,24283,1177,399,1167,1281,528,17,2026-07-22 03:59:51,BV1eNgk6KEKE,2026-07-26,92.0025,3.8334375,0.007422854493038571,0.00039157750712771937,0.000356729860123379,0.0003597866712641106,0.00012196676451519128,0.00016139962823062906,0.008171161860289669,0.05275295474200058,23.470588235294116,853381.0711665443,腰部普通,0
给你们圆梦了o(一ω一)o,淩晨不睡覺,绘画,747632,89668,644,147,29944,1914,939,17,2026-07-24 02:38:05,BV1eWga6VECX,2026-07-26,45.36527777777778,1.8902199074074073,0.11993601129967685,0.0025600830355040982,0.04005179018554583,0.0008613863505039913,0.00019662079739765019,0.0012559655017441735,0.16254788452072677,0.021345407503234153,8.647058823529411,395526.46603190154,腰部普通,0
下班清点人数才发现少了人！ 工人被“封顶”出不来 工友把他搞忘了，没带手机无法求救 民警喊话定位才找到他！,红星视频,热点,1896127,67679,962,106,1757,512,517,38,2026-07-24 06:44:08,BV11Nge6PE9c,2026-07-26,41.26444444444444,1.7193518518518518,0.035693284257858254,0.00027002410703502456,0.0009266256954307385,0.0005073499823587766,5.5903428409594925e-05,0.00027266106120528845,0.036889934060324016,0.0075651235981619115,2.789473684210526,1102814.9927298184,腰部普通,0
这是张震岳最被低估的一张专辑丨HOPICO十分专辑,HOPICO,乐评盘点,502890,27305,744,769,8558,5697,1567,1422,2026-07-24 09:30:00,BV1UngY6PEb4,2026-07-26,38.5,1.6041666666666667,0.05429616814810396,0.011328521147765913,0.017017638052059098,0.0014794487860168228,0.0015291614468372805,0.003115989580226292,0.08264232734792896,0.20864310565830435,0.5407876230661041,313489.87012987013,腰部普通,0
【60秒重制版】爸爸单人全装猛攻！,牧濑红莉CCC,单机游戏,380486,14867,348,916,3284,907,524,1023,2026-07-24 10:00:00,BV1g9gY6rER9,2026-07-26,38.0,1.5833333333333333,0.03907371099068034,0.00238379335901978,0.008631066583264561,0.0009146197231961229,0.0024074473173783003,0.0013771860199849667,0.050088570932964684,0.06100760072644111,0.895405669599218,240306.94736842107,尾部低播放,0
美国20000个，中国300个，中国机场为什么那么少？,太阳星sunstar,人文历史,901838,36539,4411,2680,5921,2666,326,533,2026-07-24 10:15:00,BV1SNgS6EExv,2026-07-26,37.75,1.5729166666666667,0.04051614591534178,0.002956185035449826,0.0065654807182664735,0.004891122352351531,0.0029717088878490373,0.00036148399158163663,0.05003781166905808,0.07296313528011167,5.028142589118199,573353.9602649006,腰部普通,0
巴克神有条龙在飞！,小博博三角洲行动,网络游戏,3348487,81422,835,949,14893,1752,829,156,2026-07-23 04:27:31,BV1tmgS6SE1F,2026-07-26,67.54138888888889,2.814224537037037,0.02431605677429836,0.0005232213832695185,0.004447680400132955,0.00024936635561075796,0.0002834115826043225,0.0002475745015584651,0.029286958557700835,0.0215175259757805,6.083333333333333,1189843.5806850945,头部爆款,1
奥特老曼,Raymondsese,MV,1289887,17924,504,415,5527,1191,1873,148,2026-07-24 05:42:32,BV14Lgh6fEmm,2026-07-26,42.291111111111114,1.7621296296296298,0.013895790871603482,0.0009233366953849446,0.004284871465484961,0.0003907319013215886,0.0003217336092231335,0.0014520651809034435,0.01910399903247339,0.06644722160232092,2.804054054054054,732004.6030161314,腰部普通,0
侦探先生！能不能不要再胡闹了！！！,来瓶杨乐多,日常,1747517,117835,1338,338,11339,1337,921,92,2026-07-22 13:39:24,BV1Fjg16xEDh,2026-07-26,82.34333333333333,3.430972222222222,0.06742995919353002,0.0007650855470933902,0.006488635017570644,0.0007656577875923381,0.0001934172886444023,0.0005270334995310489,0.07468367975819405,0.01134637416726779,3.6739130434782608,509335.8053677691,腰部普通,0
挖机师傅今天捅到马蜂窝了，多亏了“挡蜂玻璃”，欢子出马，马蜂猖狂不了多久,乡野欢子,三农,2432547,133164,2203,885,7558,2501,764,332,2026-07-22 06:04:34,BV1M5gk6FEtY,2026-07-26,89.92388888888888,3.7468287037037036,0.05474262162252158,0.0010281404634730593,0.003107031436597114,0.0009056351223635144,0.0003638161975904268,0.00031407409599896736,0.05887779352259175,0.018781352317443153,2.6656626506024095,649228.2386956871,腰部普通,0
当方块会蔓延并吞噬世界！？,小橙子姐姐解说,单机游戏,3302551,66565,332,902,32394,3892,164,569,2026-07-24 09:05:00,BV1KNge6PEsv,2026-07-26,38.916666666666664,1.6215277777777777,0.02015563120751201,0.0011784829363725192,0.00980878115129789,0.00010052834914585724,0.00027312220159507,4.9658582108194544e-05,0.03114289529518242,0.058469165477352966,1.585237258347979,2036690.9807280516,头部爆款,1
小说男主TOP20(含选手特殊CG）,琉ヘ星,手机游戏,337202,22280,3606,7679,8542,2105,1210,1337,2026-07-24 09:00:00,BV1LHga6yEKm,2026-07-26,39.0,1.625,0.0660731549634937,0.006242548976577837,0.025331996844621323,0.010693886750375145,0.02277270004329749,0.003588353568484173,0.09764770078469286,0.09447935368043088,5.7434554973821985,207508.92307692306,尾部低播放,0
泪目！这一次奇迹的名字，叫做众志成城！,和猫住,喵星人,458521,27184,300,382,12556,7244,127,396,2026-07-24 12:17:21,BV1ZAgv6WEBd,2026-07-26,35.71083333333333,1.487951388888889,0.05928627042163827,0.01579862209146364,0.02738369671181909,0.0006542775576254959,0.0008331134233764648,0.00027697749939479323,0.102468589224921,0.2664802825191289,0.9646464646464646,308155.9004037057,腰部普通,0
大家猜猜我是谁,田一名sir,原创音乐,3046330,240833,29991,13271,23252,5756,90317,12,2026-07-24 04:09:36,BV11ngh6xEuH,2026-07-26,43.84,1.8266666666666669,0.0790567666667761,0.0018894866938250288,0.007632790932039536,0.00984496098584198,0.0043563894916177825,0.02964780572032577,0.08857904429264066,0.023900379100870728,1105.9166666666667,1667698.9051094889,头部爆款,1
我感觉我被骗了，但是他好像不是故意的,医哥黄鹤群,日常,1178840,78676,1575,268,7559,1374,7802,57,2026-07-22 09:01:53,BV1t6gC6cEco,2026-07-26,86.96861111111112,3.62369212962963,0.06674018526687252,0.001165552577109701,0.00641223575718503,0.0013360591768178888,0.0002273421329442503,0.0066183706016083605,0.07431797360116725,0.017464029691392546,4.701754385964913,325314.6122323827,腰部普通,0
今天花2万包5000斤的鱼塘，塘主的举动让人暖心,李维刚的日常,美食侦探,3196083,290305,5092,4705,11366,56088,4494,508,2026-07-22 10:26:11,BV1YbgC6qE76,2026-07-26,85.56361111111111,3.565150462962963,0.09083149592798435,0.017548981049616046,0.0035562280453918125,0.0015932001765911587,0.001472114460106324,0.0014060961495680807,0.1119367050229922,0.19320369955736208,9.261811023622048,896479.1341075029,腰部普通,0
玩剑魔打蒙多能忍住不笑的，你是这个👍,三桥qzg,网络游戏,1579739,125839,7203,4927,5205,39816,4416,442,2026-07-23 13:45:30,BV1mTg46UE7Q,2026-07-26,58.24166666666667,2.426736111111111,0.07965809541955982,0.025204163472573635,0.003294848073004465,0.004559613961546812,0.003118869636060134,0.002795398480381886,0.10815710696513792,0.3164042943761473,11.147058823529411,650972.7171269137,腰部普通,0
当劳斯销售到五菱上班…,劳斯磊,汽车生活,3869211,275965,11690,4820,23346,11198,29923,242,2026-07-21 10:44:11,BV1bwKa6XEgZ,2026-07-26,109.26361111111112,4.552650462962963,0.07132332664204666,0.0028941300952571468,0.0060337882839679715,0.0030212878026036833,0.0012457320109965572,0.00773361804254149,0.08025124502127177,0.04057760947946298,19.917355371900825,849880.9718595954,腰部普通,0
大片！在土卫六建设基地的能源畅想！,中国石油,日常,216922,20509,3175,2416,2441,928,5512,149,2026-07-24 16:01:53,BV1Yjgq6pEKs,2026-07-26,31.968611111111112,1.332025462962963,0.09454550483583961,0.004278035422870894,0.011252892744857598,0.014636597486654189,0.011137643945750085,0.02541005522722453,0.1100764330035681,0.04524842751962553,16.21476510067114,162851.24123489184,尾部低播放,0
mc垫视机画质提升到超清720p 来还原捷德奥特曼你敢信？,我的世界味精,单机游戏,897861,78968,1926,687,19704,13554,3416,101,2026-07-24 23:31:19,BV144gq61EzB,2026-07-26,24.478055555555557,1.0199189814814815,0.08795125303359874,0.015095877869737075,0.021945490448967046,0.002145098183349093,0.000765151844216421,0.0038045978163657847,0.12499262135230287,0.17163914497011448,6.801980198019802,880325.8065614325,腰部普通,0
带老北京人沉浸式体验乐园,Sunny__L__,搞笑,1754556,132528,2073,583,20618,2568,8008,103,2026-07-23 07:50:16,BV1DUgQ6oEtB,2026-07-26,64.16222222222223,2.673425925925926,0.07553363927968101,0.0014636181461292772,0.011751121081344795,0.0011814954894571617,0.00033227779563604697,0.004564117645717777,0.08874837850715508,0.019377037305324158,5.660194174757281,656294.9745436913,腰部普通,0
那个傲慢的酥饼小贩不想卖我酥饼,印度老吃家,美食侦探,544649,33234,593,505,2483,564,607,176,2026-07-24 14:00:00,BV1qAgv6WEgU,2026-07-26,34.0,1.4166666666666667,0.06101911506309568,0.0010355293041940774,0.00455889940126577,0.001088774605296255,0.0009272026571241294,0.0011144792334145477,0.06661354376855552,0.0169705723054703,2.8693181818181817,384458.1176470588,腰部普通,0
双六星干员手动组队 VS 全息11-6怪群，强化版入职测试！【明日方舟】,-碱式碳酸咸鱼-,手机游戏,1015190,53149,1329,1944,5183,5647,1132,687,2026-07-24 12:38:45,BV1gHgv6GE5G,2026-07-26,35.354166666666664,1.4730902777777777,0.05235374658930841,0.0055625055408347205,0.00510544824121593,0.001309114549985717,0.0019149124794373468,0.0011150622051044631,0.06302170037135905,0.10624847127885755,2.8296943231441047,689156.6764879199,腰部普通,0
结局早已破败不堪,知止三角洲行动,电子竞技,2127774,151790,3879,554,29243,3452,24642,123,2026-07-21 20:06:11,BV1uUKe6FEuh,2026-07-26,99.89694444444444,4.162372685185185,0.07133746347121452,0.001622352749869112,0.01374347087613628,0.0018230319573413342,0.00026036599751665357,0.011581117167518732,0.08670328709721992,0.0227419461097569,4.504065040650406,511192.5723453892,腰部普通,0
白粉、杠杆与镰刀：韩国黄金时代的47天,空山猎人,财经商业,767172,35452,2400,2621,14805,12697,3092,1765,2026-07-23 11:23:43,BV1EXgD6KE1n,2026-07-26,60.60472222222222,2.5251967592592592,0.046211279869442574,0.016550395478458546,0.019298149567502462,0.0031283727769000954,0.0034164437701063124,0.004030386927572956,0.08205982491540359,0.3581462258828839,1.484985835694051,303806.8210672986,腰部普通,0
假如…同桌是萌妹,Eurus-破车北伐,日常,3430908,282925,3563,2139,38509,4813,6220,49,2026-07-23 04:16:48,BV13CgS6WE5c,2026-07-26,67.72,2.8216666666666668,0.08246359272822239,0.0014028356341819718,0.01122414241361179,0.0010385005951777198,0.0006234501187440759,0.0018129311540851577,0.09509057077601614,0.017011575505876116,43.6530612244898,1215915.4164205552,头部爆款,1
老己，借下你的干员,糖幽685,特摄,1050462,79672,1650,1122,20977,7244,4753,302,2026-07-23 14:05:16,BV1tKg46JEbB,2026-07-26,57.91222222222222,2.413009259259259,0.07584472355972896,0.0068960133731634276,0.01996930874224865,0.0015707374469519125,0.0010681014639273006,0.00452467580931057,0.10271004567514104,0.09092278341198916,3.7152317880794703,435332.7679821953,腰部普通,0
吃饱了～嗨嗨嗨！,仙鹤-鹤仙电竞,电子竞技,941692,44043,409,1340,3710,516,151,184,2026-07-24 10:06:02,BV18Yga6TEsR,2026-07-26,37.89944444444444,1.5791435185185183,0.04677006919459866,0.0005479498604639308,0.003939717020002294,0.0004343245987010615,0.0014229705678714484,0.00016034966846909605,0.05125773607506488,0.011715823172808391,7.282608695652174,596330.8521086501,腰部普通,0
胜负已分,91坤崽,日常,1793630,84162,381,287,18853,1146,564,104,2026-07-24 04:00:00,BV1fugt6KEa8,2026-07-26,44.0,1.8333333333333333,0.04692272096251735,0.0006389277610209463,0.01051108645595803,0.00021241839175303713,0.00016001070454887574,0.00031444612322496833,0.05807273517949633,0.013616596563769873,2.7596153846153846,978343.6363636364,腰部普通,0
12个电饭锅的正确打开方式～,胡仔一人食,美食制作,851249,50309,385,330,21293,1585,2324,392,2026-07-24 02:00:00,BV1EGgD6YEwx,2026-07-26,46.0,1.9166666666666667,0.059100216270444955,0.001861969881902945,0.02501383261536871,0.0004522765959196428,0.0003876656536454081,0.002730105997187662,0.08597601876771661,0.031505297262915184,0.8418367346938775,444129.9130434783,腰部普通,0
全网首发！1-3全员三星五费！,王意朵,手机游戏,668294,47029,1841,1417,5802,631,12513,132,2026-07-24 13:00:44,BV1Urge6BEuZ,2026-07-26,34.98777777777778,1.4578240740740742,0.0703717226250722,0.0009441952194692755,0.00868180770738627,0.002754775592778029,0.0021203242884119864,0.018723795215878043,0.07999772555192775,0.01341725318420549,10.734848484848484,458418.8256216456,腰部普通,0
山东644分考生误报厦大马来西亚分校，厦大本部回应：已录取无法退档，本人称只能复读,封面新闻,出行,4044923,115272,4788,595,2914,661,2047,28,2026-07-23 11:52:33,BV1pHg46uEKX,2026-07-26,60.12416666666667,2.505173611111111,0.028497946685264466,0.0001634147300208187,0.0007204092636621266,0.0011837060927983054,0.00014709797936821048,0.0005060664937255913,0.02938177067894741,0.005734263307654938,21.25,1614627.817433367,头部爆款,1
我杀死了100个细胞！,名游社,单机游戏,1945822,43433,298,516,17147,1545,238,664,2026-07-24 11:00:00,BV1dcgh6uE3U,2026-07-26,37.0,1.5416666666666667,0.022321157844859395,0.0007940089072895671,0.008812214066857092,0.00015314864360666084,0.0002651835573860302,0.0001223133462361922,0.031927380819006056,0.035572030483733565,0.7771084337349398,1262154.8108108107,头部爆款,1
冉莹颖，女强人不大像，倒是像NPD。。。,一个长期晕倒患者,日常,1719571,21376,3686,5458,10365,7074,3312,2086,2026-07-20 10:35:54,BV11jKm6bEPJ,2026-07-26,133.40166666666667,5.558402777777778,0.012431007501289566,0.004113816760110516,0.006027666202791278,0.0021435578990341196,0.003174047480447158,0.0019260617909932186,0.02257249046419136,0.33093188622754494,2.616490891658677,309364.23083169875,腰部普通,0
我绷住了…吗？,凉凉凉Official,亲子,1517721,152114,3760,271,22968,2071,12229,39,2026-07-24 04:05:02,BV1xngh6xEJq,2026-07-26,43.916111111111114,1.829837962962963,0.10022527197027649,0.0013645459211541514,0.015133216184002199,0.0024773986786767793,0.00017855719200037424,0.008057475649345301,0.11672303407543283,0.013614788908318761,6.948717948717949,829429.179369758,腰部普通,0
别让网络的歪风，挑拨你家人间的关系,苏先生的答案,影视剪辑,3171368,197438,11330,5883,84813,57099,18482,289,2026-07-20 05:37:04,BV1BbK16kEJC,2026-07-26,138.38222222222223,5.765925925925926,0.06225641426665086,0.018004533059550326,0.026743348611703216,0.003572590755787408,0.0018550354295055005,0.005827768962794605,0.1070042959379044,0.28919964748427357,20.356401384083046,550018.8591983556,腰部普通,0
我的世界：但所有区块都需要付费？！,大橙橙橙子,单机游戏,571204,41916,974,2422,10454,9208,231,1171,2026-07-25 00:00:00,BV1Zoga6SEtN,2026-07-26,24.0,1.0,0.07338183906275166,0.016120335291769667,0.018301692565178114,0.0017051701318618218,0.004240166385389458,0.00040440893271055526,0.10780386691969944,0.21967745013837198,2.068317677198975,571204.0,腰部普通,0
皇家科尔玛套餐，分量多得能撑爆鳞片,印度老吃家,美食侦探,983534,61384,935,554,5953,978,1026,145,2026-07-23 15:42:34,BV1ZNgx6cE7G,2026-07-26,56.29055555555556,2.345439814814815,0.06241167056756553,0.0009943733516075703,0.006052663151451806,0.000950653459870223,0.000563274884243961,0.0010431769516864695,0.0694587070706249,0.01593249055128372,3.820689655172414,419338.83521016943,腰部普通,0
一秒变异！夺舍6头6甲+MK47+AWM，567万撤离！,苏醒游戏解说,网络游戏,929549,35270,476,902,2554,526,172,241,2026-07-24 12:09:06,BV1FFgv64EXL,2026-07-26,35.848333333333336,1.4936805555555557,0.03794313156164979,0.0005658658123455568,0.0027475689823774755,0.0005120762864571959,0.0009703630470260309,0.00018503596905596154,0.04125656635637282,0.01491352424156507,3.7427385892116183,622321.1492863452,腰部普通,0
这才是《鬼新娘》原版MV，开心南瓜开心南瓜！,音乐老友,MV,4805577,216752,7955,8221,177976,15113,16304,171,2026-07-21 18:52:49,BV1e8Ka6eEXD,2026-07-26,101.11972222222222,4.21332175925926,0.04510426115323925,0.0031448877002699157,0.03703530294072908,0.0016553683355817626,0.001710720689731951,0.0033927247446040296,0.08528445179423824,0.06972484682955636,48.07602339181287,1140567.2945435965,腰部普通,0
迪迦与诺亚（8）,百火哥斯拉,特摄,1281303,96577,5406,10132,18508,22108,2622,141,2026-07-23 10:36:44,BV1UugQ6WEUW,2026-07-26,61.38777777777778,2.557824074074074,0.07537405281966873,0.017254310650954535,0.014444670776545439,0.004219142544737662,0.007907575335420271,0.002046354375194626,0.1070730342471687,0.22891578740279778,71.8581560283688,500934.7644301254,腰部普通,0
我问你一个问题哦！,樱花满地集w,综合,765183,82443,801,734,13929,1088,1903,103,2026-07-24 03:50:00,BV19ng86iEXZ,2026-07-26,44.166666666666664,1.8402777777777777,0.10774285367029848,0.0014218820857232846,0.018203488577242306,0.0010468084105370872,0.000959247657096407,0.0024869867730987227,0.12736822433326406,0.013196996712880415,7.12621359223301,415797.55471698113,腰部普通,0
萌力出击～,唔知搞咩-,喵星人,959152,94794,1107,205,8786,1164,3357,18,2026-07-24 04:58:52,BV1vcgh6uEyt,2026-07-26,43.01888888888889,1.7924537037037036,0.098831050761506,0.0012135719885899212,0.009160174821091965,0.0011541444943033012,0.00021373046190801875,0.00349996663719619,0.10920479757118788,0.012279258180897526,11.38888888888889,535105.5918588734,腰部普通,0
我最爱吃饺子了！,邢三狗子,搞笑,1528055,75285,998,548,12559,1067,509,196,2026-07-23 12:29:38,BV1ieg46cERr,2026-07-26,59.50611111111111,2.4794212962962963,0.04926851454954174,0.0006982732951366279,0.008218944998707508,0.0006531178524333221,0.00035862583480306663,0.00033310319327511115,0.05818573284338587,0.01417280998870957,2.795918367346939,616295.0210529264,腰部普通,0
富贵，即是负累,千千今天怎么吃,美食记录,840410,53071,992,2684,4461,14113,1725,203,2026-07-22 09:30:00,BV1z2KY6rELe,2026-07-26,86.5,3.6041666666666665,0.06314893920824359,0.016792993895836557,0.005308123415951738,0.0011803762449280708,0.0031936792755916754,0.002052569579133994,0.08525005652003188,0.26592677733602155,13.22167487684729,233177.34104046243,尾部低播放,0
小心伪牛！,游戏解说艾登,单机游戏,4771966,45431,336,1274,51947,1619,247,251,2026-07-23 09:49:34,BV1aKgQ64EGT,2026-07-26,62.17388888888889,2.5905787037037036,0.009520394738772238,0.0003392731633041811,0.01088586968138499,7.041123092662437e-05,0.00026697591726345077,5.176063702046494e-05,0.02074553758346141,0.03563645968611741,5.075697211155378,1842046.3324189326,头部爆款,1
我是如何两次与菲尔兹奖擦肩而过的,李永乐老师官方,科学科普,880161,29065,1496,632,2707,1257,915,135,2026-07-24 10:06:49,BV1Siga6PEvL,2026-07-26,37.88638888888889,1.578599537037037,0.03302236749867354,0.001428147804776626,0.0030755736734529252,0.0016996890341653401,0.0007180504475885662,0.0010395825309233197,0.03752608897690309,0.04324789265439532,4.681481481481481,557558.1262693286,腰部普通,0
只是随心一绷罢了,花离海_世一芬,汪星人,6365670,145814,1117,1207,60079,6383,4203,197,2026-07-22 02:10:00,BV1VqKe6qEzq,2026-07-26,93.83333333333333,3.909722222222222,0.022906308369739555,0.0010027224157080088,0.009437969608854999,0.00017547249543253105,0.00018961083436621755,0.0006602604282031586,0.033347000394302564,0.04377494616429149,6.126903553299492,1628164.2628774424,头部爆款,1
在吃寿司～,小UuzZ,日常,1875851,276199,4482,418,54478,9501,5287,21,2026-07-22 04:33:18,BV1LFgk6zEkZ,2026-07-26,91.445,3.810208333333333,0.1472393063201715,0.005064901210170744,0.029041752250045447,0.002389315569306944,0.00022283219722675203,0.0028184541309517652,0.18134595978038767,0.03439911078606367,19.904761904761905,492322.42331456067,腰部普通,0
千万博主谈b站真相（完整版）,逗比的雀巢,搞笑,6191572,487167,9104,8876,78605,97616,17381,298,2026-07-20 10:05:00,BV1oiKm6yEYU,2026-07-26,133.91666666666666,5.579861111111111,0.07868227971830094,0.015765947646252033,0.012695483473340858,0.001470385872925325,0.0014335616221534692,0.0028072030818667697,0.10714371083789383,0.20037482013354763,29.78523489932886,1109628.3360298695,腰部普通,0
买了女朋友想了很久的香水看她什么反应,摄影言祖,日常,263748,19373,1866,590,4127,1395,908,221,2026-07-24 13:27:06,BV1Gvge6CEwF,2026-07-26,34.54833333333333,1.4395138888888888,0.07345268968864219,0.005289139633286318,0.015647512019048487,0.0070749351653851406,0.002236983787554787,0.0034426801340673675,0.094389341340977,0.07200743302534456,2.669683257918552,183220.18428288872,尾部低播放,0
“小西天封不了真大圣，假桃园却出了真兄弟”【Towards the Light-降调】【义薄云天の小曲】,早睡起大王,音乐综合,548324,70717,1008,313,9738,1726,542,241,2026-07-24 03:00:08,BV1V1gh6uEnb,2026-07-26,44.99777777777778,1.8749074074074075,0.12896936847557283,0.0031477739438726007,0.0177595728073183,0.001838329163049584,0.0005708303849548807,0.0009884666729889626,0.14987671522676374,0.024407143968211323,1.2987551867219918,292453.9088350042,腰部普通,0
当少林足球遇上功夫女足。弥补一下星爷没参演的遗憾（翻拍的都是宣传画面）,灵霖七,日常,1074487,23258,1344,705,2543,7205,967,183,2026-07-23 09:15:24,BV1YCgQ6cEdi,2026-07-26,62.74333333333333,2.6143055555555557,0.021645678356276066,0.0067055255205507374,0.0023667108117641257,0.0012508294655961404,0.0006561270634265468,0.0008999643550829373,0.030717914688590926,0.30978588012726804,3.8524590163934427,411002.83695478935,腰部普通,0
【货币战争攻略】在崩铁里真能玩到圣杯战争？！全网最详细的命运圣杯羁绊玩法教学！,甘泽成谣雨成诗,手机游戏,669478,34178,2732,600,8044,1574,1559,396,2026-07-24 04:00:00,BV1V1gh6uENZ,2026-07-26,44.0,1.8333333333333333,0.051051714918189994,0.0023510854725622052,0.01201533134770672,0.004080791303074933,0.0008962206375713616,0.0023286799566229212,0.06541813173845892,0.04605301656036047,1.5151515151515151,365169.8181818182,腰部普通,0
爆炸压力巅峰赛老六搞起了扶贫,老六没有福利号,网络游戏,1567949,55573,618,567,5430,1000,132,839,2026-07-24 11:00:00,BV1Zoga6SEvj,2026-07-26,37.0,1.5416666666666667,0.0354431170911809,0.0006377758460256041,0.0034631228439190305,0.0003941454728438234,0.00036161890469651754,8.418641167537975e-05,0.039544015781125534,0.01799434977417091,0.6758045292014303,1017048.0,腰部普通,0
寝室睡个觉真难,脱缰凯Kk,小剧场,2008969,156699,3063,5177,19489,6464,2517,319,2026-07-21 09:28:37,BV11HKb6GEiC,2026-07-26,110.52305555555556,4.605127314814815,0.0779997102991634,0.00321757080373067,0.009700995883958388,0.00152466265034453,0.002576943695995309,0.0012528814531234677,0.09091827698685247,0.04125106095125049,16.228840125391848,436246.1366783703,腰部普通,0
救命！暑假店里彻底疯狂，人多到走不动 饮料桌游全爆单,某天的游戏小屋,日常,1065682,35723,1166,1748,3204,14803,788,938,2026-07-24 11:00:00,BV14EgY6vE96,2026-07-26,37.0,1.5416666666666667,0.03352125681019291,0.013890635292704578,0.003006525398758729,0.00109413502339347,0.0016402641688608797,0.0007394325887084515,0.05041841750165622,0.4143828905746998,1.8635394456289978,691253.1891891891,腰部普通,0
三角洲类人群星闪耀时刻151.0,阿孟myl三角洲行动,短片,3214039,38047,139,163,18176,947,305,125,2026-07-21 10:40:15,BV1uPKa6pEg5,2026-07-26,109.32916666666667,4.555381944444444,0.011837753057756922,0.000294644837850443,0.005655189622776824,4.3247763950593006e-05,5.071500376940043e-05,9.489617269734437e-05,0.01778758751838419,0.024890267300969854,1.304,705547.6443462023,腰部普通,0
我的挪威妻子怀二胎了！又是儿子！来看看挪威三个星期假期都干嘛吧！,挪威老王,出行,691437,39983,908,329,1409,944,377,158,2026-07-24 11:28:47,BV1qkgv6oEdt,2026-07-26,36.52027777777778,1.5216782407407408,0.05782594798947699,0.0013652726134123572,0.0020377850765868765,0.0013132071323923944,0.00047582064598799314,0.0005452412873479435,0.06122900567947622,0.02361003426456244,2.0822784810126582,454391.0673674443,腰部普通,0
如果DIO是大乔后妈,有人品没节操,综合,763812,81916,4808,4300,17463,1877,21617,87,2026-07-24 03:55:53,BV1n8gh6JEnA,2026-07-26,44.06861111111111,1.8361921296296295,0.10724628573523327,0.002457410985949422,0.022862955805878934,0.006294742685372841,0.005629657559713647,0.028301466853099977,0.13256665252706162,0.02291371649006299,49.42528735632184,415976.0777071108,腰部普通,0
当我不再循规蹈矩：,白色向内whiteinto,手工,370173,42199,437,134,6118,3181,564,99,2026-07-24 10:00:00,BV1Bfga6EEjn,2026-07-26,38.0,1.5833333333333333,0.11399804956061085,0.008593279358570183,0.016527407455433,0.0011805291039595001,0.00036199290601961784,0.0015236119327989887,0.13911873637461403,0.07538093319746914,1.3535353535353536,233793.47368421053,尾部低播放,0
星：爻老板，真的每个月都会给我吗？,奶芙咕咕咕,综合,430474,29419,526,520,11260,1708,1289,252,2026-07-24 01:04:34,BV1jigb6qEmS,2026-07-26,46.92388888888889,1.955162037037037,0.06834094509772948,0.003967719304766374,0.026157212746879023,0.001221908872545148,0.0012079707485237203,0.0029943736439366837,0.09846587714937488,0.05805771780142085,2.0634920634920637,220173.05565750683,尾部低播放,0
［多想听你说月色真美meme］,BLYDW_,运动综合,264262,59674,719,132,17983,1105,979,37,2026-07-22 18:07:57,BV1Qdg262ECt,2026-07-26,77.8675,3.244479166666667,0.22581377572257835,0.004181456282023144,0.06804988988201104,0.002720784675814154,0.0004995042798434887,0.003704656742172541,0.29804512188661253,0.018517277206153433,3.5675675675675675,81449.74475872476,尾部低播放,0
我们想赌一把…能不能闯进学生群体的视野普法！！,浙江共青团,日常,787809,109647,5258,736,10057,1379,5176,22,2026-07-24 00:00:00,BV1i9gt6KESi,2026-07-26,48.0,2.0,0.13917967426114705,0.0017504242779658521,0.012765784600074383,0.006674206565296918,0.000934236597957119,0.00657012042258974,0.15369588313918728,0.012576723485366677,33.45454545454545,393904.5,腰部普通,0
假如现代非洲草原出现一只食肉牛龙，它能统治这里吗？,漫游时空2026,科学科普,2680942,30018,264,747,22754,1245,145,604,2026-07-23 10:30:00,BV1sdgS65E3m,2026-07-26,61.5,2.5625,0.011196810673263353,0.0004643890095347083,0.008487315279480124,9.847285021458876e-05,0.000278633405720825,5.408546697392185e-05,0.020148514962278184,0.041475114931041376,1.2367549668874172,1046221.268292683,腰部普通,0
王者版桃花源记,乐崽-中辅,GMV,488933,37494,870,289,9733,2696,4967,138,2026-07-24 05:43:14,BV1t7gh6tEtZ,2026-07-26,42.279444444444444,1.7616435185185184,0.07668535361695775,0.005514047937038408,0.019906612971511434,0.0017793849054982993,0.0005910830318264466,0.010158856121390865,0.10210601452550759,0.07190483810743052,2.0942028985507246,277543.66582132113,腰部普通,0
苏芬最终决战！详解维堡-卡累利阿攻势，恩怨的终局,夜空好美,人文历史,92335,7863,765,756,2138,1275,118,2877,2026-07-24 08:45:07,BV1ofga6EEdK,2026-07-26,39.24805555555555,1.635335648148148,0.08515730762982618,0.013808415010559376,0.023154816700059564,0.008285049006335626,0.008187577841555207,0.0012779552715654952,0.12212053934044512,0.16215185043876382,0.26277372262773724,56462.41498163391,尾部低播放,0
雀巢：鲸尾…你终于现出原形了？！！【二次元爆改】,流萤Zz,仿妆cos,481197,37224,724,1207,5735,2469,2529,566,2026-07-24 06:12:11,BV1GXgY6GEz3,2026-07-26,41.79694444444444,1.7415393518518518,0.0773570907549299,0.005130954681762355,0.01191819566622402,0.0015045812837569644,0.0025083281899097457,0.005255643738427297,0.09440624110291627,0.06632817537072856,2.1325088339222615,276305.5566262818,腰部普通,0
【万字吐槽】十秒十连错！翻译彻底摆烂！病句连篇！海绵宝宝《刷木桶》这集翻译到底在干啥？“后脚趾”“给他25美元“”给我4美元“...不像人话！,杂物间蓝色的晚上,日常,590626,24850,974,1900,9706,7143,856,1729,2026-07-23 10:00:00,BV1pAgX67Eeg,2026-07-26,62.0,2.5833333333333335,0.04207400283766715,0.012093947777442916,0.01643341132967394,0.0016490977369773765,0.0032169257702844103,0.00144930971545445,0.070601361944784,0.2874446680080483,1.098901098901099,228629.4193548387,尾部低播放,0
“老变婆”与“七更起”,好痛恶魔,日常,1381403,191033,5939,3792,58854,31127,13606,300,2026-07-22 11:36:44,BV1rugC6HEDY,2026-07-26,84.38777777777777,3.516157407407407,0.13828911621011392,0.022532888664640226,0.042604511500264584,0.004299252281919179,0.0027450353010671034,0.00984940672634995,0.20342651637501874,0.16294043437521266,12.64,392872.91208574176,腰部普通,0
感谢每一份付出，只要信念仍在，我们终会再次出发,铠甲勇士,特摄,3659072,287533,3553,7170,41073,41947,5840,199,2026-07-20 10:32:33,BV1N7Km6fEGL,2026-07-26,133.4575,5.560729166666667,0.0785808532873909,0.011463835639200321,0.011224977261994298,0.0009710112290766621,0.001959513231770241,0.0015960330925436832,0.10126966618858552,0.14588586353566374,36.030150753768844,658020.1787085775,腰部普通,0
一起学英文,脱缰凯Kk,小剧场,1598939,126064,1418,3280,12358,3696,1015,259,2026-07-23 09:45:42,BV1BegQ6MEKG,2026-07-26,62.23833333333334,2.593263888888889,0.07884228228844252,0.0023115328352113496,0.007728875210373879,0.0008868380845047872,0.0020513603083044444,0.0006347959490637229,0.08888269033402775,0.029318441426576976,12.664092664092664,616573.9656696033,腰部普通,0
爱学习的阿伟【AI全民制作人】,快乐阿托,鬼畜剧场,2214059,174846,1874,1427,23283,7013,11249,148,2026-07-20 09:53:04,BV1dBKm6VEvA,2026-07-26,134.11555555555555,5.588148148148147,0.07897079526787679,0.0031674855999772366,0.010515979926460858,0.0008464092420301356,0.0006445176031894363,0.005080713747917287,0.09265426079431488,0.0401095821465747,9.641891891891891,396206.210233298,腰部普通,0
电车难题好难啊,凶鸭栗,同人·手书,4852702,145516,2834,226,8031,2166,1322,18,2026-07-22 09:58:54,BV1nGgC6nEF3,2026-07-26,86.01833333333333,3.5840972222222223,0.029986593036209517,0.0004463492709834645,0.0016549542914442304,0.0005840045401510333,4.6571992263279306e-05,0.00027242554766396124,0.032087896598637214,0.014884961103933588,12.555555555555555,1353953.7850458235,头部爆款,1
【轰】该死的美女，从我关注的猴子身上下去！！【bw2026】,米尼麦泥轰,同人·手书,1125201,52719,593,729,19552,3368,159,303,2026-07-24 10:17:12,BV1Fdga6HEdX,2026-07-26,37.71333333333333,1.5713888888888887,0.04685296227074096,0.002993242985031119,0.017376450962983504,0.0005270169507492439,0.0006478842446816169,0.00014130808628858311,0.06722265621875559,0.06388588554411123,2.405940594059406,716055.0821990455,腰部普通,0
请不要耗时60天乱剪动物世界,无心科普动物,野生动物,349563,11344,131,695,5171,2705,824,1474,2026-07-23 10:05:00,BV1sFgX6JE8L,2026-07-26,61.916666666666664,2.579861111111111,0.032451947145435873,0.007738233165409383,0.014792755526185551,0.0003747536209495856,0.0019881966912974197,0.002357228882919531,0.05498293583703081,0.23845204513399154,0.47150610583446406,135496.82907133244,尾部低播放,0
武器音效⁉️,Team_Spirit,日常,3134762,250854,2059,687,34073,5091,6922,40,2026-07-23 11:03:10,BV1KegD6EETk,2026-07-26,60.94722222222222,2.5394675925925925,0.08002330001448275,0.0016240467378384707,0.010869405715649226,0.0006568281738773151,0.00021915539361520907,0.0022081421173282055,0.09251675246797046,0.020294673395680356,17.175,1234417.0128982272,头部爆款,1
一口气看完兄弟这么可爱1-5集！！！！！！,超大份折纸,单机游戏,1827404,54962,209,424,71758,2964,237,622,2026-07-24 10:02:04,BV1Sqga6YEAk,2026-07-26,37.965555555555554,1.581898148148148,0.030076545744673864,0.0016219730284053224,0.03926772623897069,0.00011436989302858043,0.00023202313226850768,0.00012969217534819887,0.07096624501204989,0.05392816855281831,0.6816720257234726,1155197.0031314935,腰部普通,0
为了你跳过整个挪德卡莱，不过现在看来是值得的,六百六十七十八,手机游戏,381032,25484,2251,4198,2057,6764,693,563,2026-07-23 10:13:39,BV1GAgQ6bEVj,2026-07-26,61.7725,2.5738541666666666,0.06688152176195175,0.017751789875915934,0.005398496714186735,0.005907640303176636,0.011017447353503117,0.0018187448823195952,0.09003180835205442,0.2654214409040967,7.4564831261101245,148039.46740054231,尾部低播放,0
"口口声声姐妹情,口供全是姐妹名!",川烈,日常,5901770,143747,3667,5880,56629,8406,6252,710,2026-07-21 09:58:43,BV1gcKa6sEqX,2026-07-26,110.0213888888889,4.584224537037037,0.02435659132768644,0.001424318467171713,0.009595257016115504,0.0006213390220222069,0.0009963112761086927,0.001059343213984957,0.03537616681097366,0.05847774214418388,8.28169014084507,1287408.579644867,头部爆款,1
整整九年，从“这人疯了”到“他还在磨”，质疑声去哪了,李不白磨针,手工,2595234,170870,2992,602,9283,2591,612,25,2026-07-20 03:20:07,BV1vEK26MEVH,2026-07-26,140.66472222222222,5.861030092592593,0.0658399204079478,0.000998368547884314,0.003576941424164449,0.0011528825531724692,0.00023196366878670672,0.00023581688587618688,0.07041523037999656,0.015163574647392755,24.08,442794.8601185245,腰部普通,0
《八仙！》结局隐藏的五层故事！“过海”的远不止八仙！！,小Ming不是明,动漫杂谈,259614,9224,542,530,3881,1698,1257,715,2026-07-24 09:34:38,BV1Mzga6AESp,2026-07-26,38.422777777777775,1.600949074074074,0.03552967097306001,0.006540479327000855,0.014949116765659787,0.0020877148381828405,0.002041492369440785,0.004841803600730315,0.05701926706572065,0.18408499566348654,0.7412587412587412,162162.55982417837,尾部低播放,0
超级变变变,累渠_,日常,1052962,92318,1007,431,4798,1807,2144,68,2026-07-24 14:23:30,BV1P3ge6FEHk,2026-07-26,33.608333333333334,1.4003472222222222,0.0876745789496677,0.0017161113126589564,0.004556669661393288,0.0009563498017972159,0.0004093215139767627,0.0020361608491094646,0.09394735992371994,0.01957364760935029,6.338235294117647,751929.2239028019,腰部普通,0
“猎人往往以猎物的形式出现”,晓飛不会飞,综合,1612402,39846,434,206,33802,2804,231,258,2026-07-21 10:50:07,BV14TKa6JESM,2026-07-26,109.16472222222222,4.548530092592593,0.02471219956313624,0.0017390204179850931,0.020963754696409456,0.0002691636452944117,0.00012775970260518158,0.00014326452088250945,0.04741497467753079,0.07037092807308136,0.7984496124031008,354488.5858017827,腰部普通,0
老鼠夹：今天战绩可查,周周啊,搞笑,1891623,47982,418,346,26651,1012,1076,84,2026-07-24 05:09:57,BV1eNgh6iEPu,2026-07-26,42.83416666666667,1.7847569444444444,0.025365519450757365,0.0005349903231246395,0.014088959586556095,0.00022097426389930763,0.00018291171126593407,0.0005688237032431938,0.0399894693604381,0.02109124254928932,4.119047619047619,1059877.0918853718,腰部普通,0
特厨探店|本地人推荐!几代人传承的小饭店—毛毛饭店,特厨隋坡,美食侦探,1271112,105863,2988,1455,8366,7284,6885,252,2026-07-23 03:30:00,BV1uLgy6TEfA,2026-07-26,68.5,2.8541666666666665,0.08328377043092977,0.005730415573135963,0.006581638754098774,0.0023506976568547855,0.0011446670317013764,0.005416517191246719,0.0955958247581645,0.06880590952457422,5.773809523809524,445353.1094890511,腰部普通,0
小猫难溶于水,七叶的喵,喵星人,1410813,111425,2036,816,16580,2267,14502,170,2026-07-20 11:26:51,BV13zKp6qE2M,2026-07-26,132.5525,5.523020833333334,0.07897928357620748,0.0016068749012094444,0.011752089043693247,0.001443139523097675,0.0005783899070961212,0.010279179451847977,0.09233824752111017,0.020345523894996633,4.8,255442.27381603513,腰部普通,0
活在永生的世界到底是好事还是坏事呢？,刘一朵A,搞笑,4403196,87251,2606,724,13801,756,321,92,2026-07-21 09:00:00,BV1krK26pEpE,2026-07-26,111.0,4.625,0.019815379556122416,0.0001716934699250272,0.0031343142571895505,0.0005918428341595514,0.00016442602146259216,7.290159238880122e-05,0.023121387283236993,0.00866465713860013,7.869565217391305,952042.3783783783,腰部普通,0
当我学会了掌控雷电……,老番茄,单机游戏,1257313,97758,1133,1798,13009,6803,1707,2564,2026-07-23 09:00:00,BV1uBgC6YE7g,2026-07-26,63.0,2.625,0.07775152249280808,0.0054107449775831476,0.010346667854384707,0.0009011280405117898,0.0014300337306621344,0.0013576571625362977,0.09350893532477593,0.06959021256572352,0.7012480499219969,478976.38095238095,腰部普通,0
断更7个月，回归即登顶B站第一：鲤鱼Ace凭什么？,野上树的徐森达,日常,366939,16311,1326,2080,4194,637,240,435,2026-07-23 09:36:57,BV1ZqgQ6NEFQ,2026-07-26,62.384166666666665,2.599340277777778,0.04445153009083254,0.0017359833650824796,0.011429692673714159,0.0036136796579267945,0.005668517110473403,0.000654059666593085,0.05761720612962917,0.03905339954631844,4.781609195402299,141166.20403147166,尾部低播放,0
志愿军炒面很好吃？复刻并徒步38公里实测,大瀚美食考古,美食制作,420798,20843,1571,1404,3256,6679,270,253,2026-07-24 11:04:11,BV1Tsgv6MEPC,2026-07-26,36.930277777777775,1.5387615740740739,0.0495320795250928,0.015872223727299083,0.007737679361593924,0.003733382763226061,0.0033365177591148246,0.0006416380305990047,0.07314198261398581,0.3204433143021638,5.549407114624506,273465.3679230382,腰部普通,0
美国看世界杯总决赛，解锁人生新体验！,蓝战非OvO,出行,1227317,102008,3816,10714,10745,12612,5988,825,2026-07-23 04:00:00,BV1dAKb6sEo6,2026-07-26,68.0,2.8333333333333335,0.0831146313462618,0.010276073744598992,0.008754869361379335,0.003109221171058496,0.008729611013291595,0.004878935108044621,0.10214557445224014,0.12363736177554702,12.986666666666666,433170.7058823529,腰部普通,0
《这一秒过火》：取短剧之短，舍长剧之长！,low君热剧,影视杂谈,1051630,31516,3221,9094,5467,5873,5724,847,2026-07-23 02:20:00,BV1Wsgk6pELQ,2026-07-26,69.66666666666667,2.902777777777778,0.029968715232543765,0.005584663807612944,0.005198596464536006,0.003062864315396099,0.008647528123009044,0.005442978994513279,0.040751975504692714,0.18634979058256124,10.736717827626919,362284.0191387559,腰部普通,0
「疯狂」星神差点诞生！反主的谜语人文案隐藏地狱IF线！,AfterL1fe_,手机游戏,276744,16318,890,920,6060,2630,448,875,2026-07-24 10:55:46,BV1xxgv6BEks,2026-07-26,37.07055555555556,1.5446064814814815,0.058964241320498365,0.00950336773335646,0.021897493712600816,0.0032159685485502847,0.0033243719827710807,0.001618824617697222,0.09036510276645564,0.16117171221963475,1.0514285714285714,179167.96499168253,尾部低播放,0
《名侦探柯南》AI真人版,a1Fy,影视剪辑,499606,19278,805,1253,12642,2493,2011,156,2026-07-22 15:52:39,BV1P4gy6fEjZ,2026-07-26,80.1225,3.3384375,0.03858640608799734,0.004989932066468377,0.025303939504329413,0.0016112696805082405,0.0025079762853128266,0.0040251718354063,0.06888027765879513,0.1293183940242764,8.032051282051283,149652.64438828046,尾部低播放,0
无名小卒还是名扬天下,肥鸡今天不坐牢,单机游戏,200312,21649,889,2097,2328,1990,210,1257,2026-07-24 09:54:51,BV1Tkga6cEh4,2026-07-26,38.08583333333333,1.5869097222222222,0.10807640081472902,0.009934502176604496,0.011621869882982546,0.004438076600503215,0.010468668876552577,0.001048364551299972,0.12963277287431607,0.09192110490091922,1.668257756563246,126227.72246898453,尾部低播放,0
从两亿六千万格高度下坠，但是视距可视👀,Go1denApple,单机游戏,881205,54768,698,314,9885,609,778,82,2026-07-23 01:10:35,BV1EPgU6cEe7,2026-07-26,70.8236111111111,2.950983796296296,0.062151258787682774,0.0006910991199550615,0.011217594089910974,0.0007920971851044876,0.0003563302523249414,0.0008828819627668931,0.0740599519975488,0.01111963190184049,3.8292682926829267,298613.97446708375,腰部普通,0
霸王龙展展厅一隅，网友撞见整个童年……,央视新闻,日常,3632315,191731,3802,1127,11162,2469,6101,32,2026-07-22 09:12:32,BV1r9gC6HE5C,2026-07-26,86.7911111111111,3.616296296296296,0.05278479427032072,0.0006797317963888043,0.0030729713694985154,0.0010467153867437158,0.0003102704473593287,0.0016796450748351947,0.05653749743620804,0.01287741679749232,35.21875,1004429.5882834904,腰部普通,0
你们把小傻龙弄哭了？,小陈的脚凑凑的,日常,858431,88788,753,275,12318,3828,1485,55,2026-07-24 23:00:00,BV1MPgi6kEbt,2026-07-26,25.0,1.0416666666666667,0.1034305611050859,0.004459298417694608,0.014349435190481239,0.0008771817420386729,0.0003203518978228885,0.001729900248243598,0.12223929471326175,0.043113934315448035,5.0,824093.7599999999,腰部普通,0
鸟灾后的巴克婶,布布周-三角洲行动,网络游戏,1397136,44266,492,851,22107,2569,250,139,2026-07-24 15:39:41,BV1oTgq6bEhm,2026-07-26,32.33861111111111,1.3474421296296297,0.03168338658512843,0.0018387615808339345,0.015823083794276292,0.000352148967602295,0.0006091031939625062,0.0001789374835377515,0.04934523196023866,0.05803551258302083,6.122302158273381,1036880.1518652453,腰部普通,0
沉浸式护理神秘青丘（爱臭美）神兽幼崽,神兽护理院,搞笑,570815,45106,364,817,5969,1582,527,152,2026-07-24 09:16:17,BV1YugY6rEdj,2026-07-26,38.728611111111114,1.6136921296296298,0.07902034809877105,0.002771475872217794,0.01045697818032112,0.0006376847139616163,0.0014312868442490124,0.0009232413303784939,0.09224880215130997,0.03507293929854122,5.375,353732.28233505227,腰部普通,0
[互动视频】狗熊岭的末路！由你来找明真相（森林篇）,等到雪花开,综合,424940,15062,1032,3694,15688,5656,1395,1350,2026-07-22 02:58:24,BV18ug66REzE,2026-07-26,93.02666666666667,3.8761111111111113,0.035445004000564787,0.013310114369087401,0.036918153151033084,0.002428578152209724,0.00869299195180496,0.003282816397609074,0.08567327152068527,0.3755145399017395,2.7362962962962962,109630.5002149921,尾部低播放,0
2026年的外设还是太抽象了,六分超超,数码,407231,34661,364,722,3707,3373,422,572,2026-07-24 11:12:02,BV1yyga6ZEDF,2026-07-26,36.79944444444445,1.5333101851851854,0.08511385429891143,0.008282768256837028,0.009102941573701413,0.000893841578858191,0.0017729495053176207,0.0010362668853795512,0.10249956412944987,0.0973139840166181,1.2622377622377623,265589.4442850888,腰部普通,0
在山东，遇到啥我们都爱说享福去了，除了考上高中,个大活人,日常,197735,19440,710,217,2478,1617,804,116,2026-07-24 10:24:43,BV1C2ga64EuS,2026-07-26,37.588055555555556,1.5661689814814814,0.09831339924646623,0.008177611449667485,0.01253192403975017,0.003590664272890485,0.001097428376362303,0.0040660479935266895,0.11902293473588388,0.08317901234567901,1.8706896551724137,126253.93705151607,尾部低播放,0
审犯人的时候走火了,阿星and阿奇,搞笑,4070494,62781,348,460,22210,1880,302,184,2026-07-23 10:15:00,BV11ZgQ6DEy4,2026-07-26,61.75,2.5729166666666665,0.015423435091662094,0.00046186040318447834,0.005456340188684715,8.549330867457366e-05,0.00011300839652386172,7.419246902218747e-05,0.021341635683531285,0.029945365636100094,2.5,1582054.3481781378,头部爆款,1
我，美人鱼，打钱,某幻君,单机游戏,1186768,51716,1316,3709,8965,11963,929,1617,2026-07-23 04:24:28,BV1DCgS6pE2b,2026-07-26,67.59222222222222,2.8163425925925925,0.04357717767920941,0.010080318983996871,0.00755413020910574,0.0011088940719668882,0.0031252949186361613,0.0007827983228398474,0.061211626872312026,0.23132106118029236,2.2937538651824365,421386.23444512027,腰部普通,0
舔奶酪 吃胶水 喝魔药——论美国餐桌上 最精彩的失败发明,食事史馆,人文历史,574611,26019,466,613,6982,1516,288,550,2026-07-24 02:00:00,BV1rbgQ66EGB,2026-07-26,46.0,1.9166666666666667,0.04528106840975895,0.002638306610907205,0.012150828995616165,0.0008109834305295234,0.0010668086757823988,0.0005012086437607355,0.06007020401628232,0.0582651139551866,1.1145454545454545,299797.04347826086,腰部普通,0
暑期档最大的笑话出现了，从导演到演员都很好笑，强势吐槽《这一秒过火》【铁柱】,铁铁铁柱_,影视杂谈,3725142,80967,7589,19124,11400,11463,16673,762,2026-07-21 17:05:08,BV1uCKa6REav,2026-07-26,102.91444444444444,4.288101851851851,0.021735278816216938,0.003077198130970578,0.0030602860239958636,0.0020372377750968954,0.005133764028324289,0.004475802533165179,0.02787276297118338,0.1415761977101782,25.097112860892388,868715.8394783154,腰部普通,0
【咕嘎饭馆】客官，您的酸菜鱼好啦！,陈千语Sama,综合,1123933,72526,942,357,13929,6068,1811,72,2026-07-24 23:00:00,BV1f8gB6aEwk,2026-07-26,25.0,1.0416666666666667,0.0645287574971106,0.005398898332907745,0.012393087488311135,0.0008381282514171219,0.00031763459209757167,0.0016113060120131716,0.08232074331832948,0.08366654716929102,4.958333333333333,1078975.68,腰部普通,0
原来我是假千金，太好了，以后不用装了！！！,小美追漫记,国产原创相关,1106100,36173,3598,12590,23913,6588,4914,3075,2026-07-21 09:33:30,BV12JKb6yEfg,2026-07-26,110.44166666666666,4.601736111111111,0.032703191393183256,0.005956061838893409,0.02161920260374288,0.003252870445710153,0.01138233432781846,0.004442636289666396,0.06027845583581955,0.1821247892074199,4.094308943089431,240365.8039689127,尾部低播放,0
【巫师】一字断魂刀，绞杀国家队，中国第一游资徐翔的资本博弈,巫师财经,财经商业,498119,21655,1822,1844,11423,10764,5979,1845,2026-07-24 10:00:00,BV1Htgh6DErU,2026-07-26,38.0,1.5833333333333333,0.04347354748564098,0.021609294164647404,0.022932271204270466,0.003657760494982123,0.003701926648049964,0.012003155872391938,0.08801511285455885,0.49706765181251444,0.9994579945799458,314601.47368421056,腰部普通,0
“成长如抽丝剥茧般疼痛”,午月息,网络游戏,304235,60408,1721,201,17621,19867,3698,148,2026-07-23 03:36:42,BV1GHgD64Euy,2026-07-26,68.38833333333334,2.849513888888889,0.19855703650138873,0.06530149391095699,0.05791904284516903,0.005656811346492021,0.0006606734925304452,0.012155077489440728,0.32177757325751477,0.3288802807575156,1.3581081081081081,106767.33360953379,尾部低播放,0
颜如晶泳池暴走5公里瘦1.15公斤，骨科专家强调：水中运动也有注意事项，有些人不适合！,大象新闻,社会,2637077,47382,1062,97,2804,515,2418,35,2026-07-23 14:19:17,BV1yvgx66EnN,2026-07-26,57.67861111111111,2.403275462962963,0.017967620968215945,0.00019529198426894627,0.0010632984929905345,0.0004027186161041183,3.6783150435121916e-05,0.0009169243067229361,0.019226211445475427,0.01086910641171753,2.7714285714285714,1097284.5354767558,腰部普通,0
特朗普收入曝光，一年狂揽$22亿，竟然是靠…,小Lin说,财经商业,900324,44477,2688,5681,11070,11961,4272,1254,2026-07-23 10:44:42,BV1N6gD65EMz,2026-07-26,61.255,2.5522916666666666,0.04940110449127203,0.013285217321764164,0.012295573593506338,0.002985591853599371,0.006309950639991825,0.004744958481613286,0.07498189540654253,0.2689255120624143,4.53030303030303,352751.22030854627,腰部普通,0
俄罗斯与白俄罗斯的集体记忆,食贫道,日常,2219963,58543,1520,658,19487,6298,1445,536,2026-07-20 13:48:26,BV1XRKH6iEhe,2026-07-26,130.1927777777778,5.424699074074074,0.026371160240058054,0.0028369842200072705,0.008778074229165081,0.0006846960962862894,0.00029640133641867006,0.000650911749430058,0.037986218689230404,0.10757904446304425,1.2276119402985075,409232.4697990586,腰部普通,0
5分19秒546荣登历史TOP1！揭秘当代底盘电控骚操作,保镖的车库,新能源车,1897340,34774,671,1067,15855,18317,1367,763,2026-07-20 10:00:00,BV1a6K16NEh8,2026-07-26,134.0,5.583333333333333,0.018327764132944017,0.00965404197455385,0.00835643585229848,0.00035365300894937124,0.0005623662601326067,0.0007204823595138457,0.03633824195979635,0.5267441191694945,1.3984272608125818,339822.0895522388,腰部普通,0
三伏天谁能拒绝一碗香香甜甜的出沙红豆啊,舌尖上的老六,美食制作,2758282,55615,726,189,12073,946,1331,39,2026-07-23 09:00:00,BV1vHgC6VECC,2026-07-26,63.0,2.625,0.020162913001643776,0.0003429671077866585,0.004376999886161023,0.00026320731527813325,6.852091265505122e-05,0.00048254674467657766,0.02488287999559146,0.017009799514519464,4.846153846153846,1050774.0952380951,腰部普通,0
开拓者让遐蝶被威胁了就眨眨眼，结果遐蝶疯狂眨眼，给火花花吓傻了哈哈哈,falisu23333,手机游戏,1643025,69875,4145,652,12944,582,2912,93,2026-07-24 05:22:45,BV1ofg866E7c,2026-07-26,42.62083333333333,1.7758680555555555,0.04252826341656396,0.00035422467704386725,0.007878151580164635,0.00252278571537256,0.00039682901964364513,0.0017723406521507586,0.050760639673772465,0.008329159212880143,7.010752688172043,925195.4247727051,腰部普通,0
该来的总会来的！,宫向阳教练,健身,1819964,93849,1560,606,6237,1653,493,1214,2026-07-21 11:00:00,BV1ixK86bEUF,2026-07-26,109.0,4.541666666666667,0.05156640461020108,0.0009082597238187129,0.003426990863555543,0.0008571598119523243,0.00033297361925840294,0.0002708844790336512,0.05590165519757534,0.017613400249336702,0.49917627677100496,400726.0183486238,腰部普通,0
当你不小心进入了黑乌龟...,小博博三角洲行动,网络游戏,6318343,122164,1321,1196,34388,3050,1721,145,2026-07-22 03:00:00,BV18kKp6eECF,2026-07-26,93.0,3.875,0.019334816106058188,0.00048272149834220775,0.005442566191800603,0.0002090738030524775,0.00018929013508763295,0.00027238154053998016,0.025260103796200997,0.024966438558003994,8.248275862068965,1630540.1290322582,头部爆款,1
「谁是智力王」最终决战!!!这一场比赛将决定最后的智力王！！！,夏天y,单机游戏,434456,36841,1720,5279,12373,22745,471,2741,2026-07-25 00:00:00,BV1FFgv64EzS,2026-07-26,24.0,1.0,0.08479800025779366,0.052352827443975916,0.028479293645386414,0.003958973981254718,0.012150827701769569,0.0010841143867273096,0.165630121347156,0.6173828071985017,1.9259394381612551,434456.0,腰部普通,0
当伊拉克爸妈遇上宁夏爸妈，大型跨国“认亲”现场！ 虽然语言不通，但笑得比谁都开心！,老王在中国,美食侦探,2160694,72663,3313,4199,9030,18518,993,783,2026-07-20 09:20:00,BV1CcKU6tEDi,2026-07-26,134.66666666666666,5.611111111111111,0.03362947275273593,0.008570394512133601,0.0041792127899647055,0.0015333036515119678,0.001943357088046711,0.00045957456261738126,0.04637908005483423,0.2548477216740294,5.362707535121328,385074.1782178218,腰部普通,0
四人版增进友谊小游戏~,瓜哥超爱玩QAQ,搞笑,2344180,65459,502,610,5699,898,499,169,2026-07-22 08:36:53,BV14CgC6FE3o,2026-07-26,87.38527777777777,3.6410532407407405,0.027924050200923138,0.0003830763849192468,0.0024311273025108995,0.00021414737776109344,0.00026021892516786256,0.00021286761255534983,0.030738253888353283,0.013718510823568952,3.6094674556213016,643819.2042264938,腰部普通,0
吃不吃大挑战2,董老弟-,搞笑,2303192,44498,548,773,7652,1351,750,325,2026-07-23 07:54:16,BV1QUgQ6oEH2,2026-07-26,64.09555555555555,2.670648148148148,0.019320143522554786,0.000586577237156086,0.0033223456837293635,0.00023793066318396382,0.0003356211727029271,0.00032563503172987747,0.023229066443440236,0.030360915097307744,2.3784615384615386,862409.3748916549,腰部普通,0
年度大活！！峰哥cos沙僧，良子cos猪八戒！！！,卡秃噜皮君,搞笑,2881833,188262,4869,1185,21719,4880,37924,48,2026-07-23 07:54:48,BV1kKgX6LEwC,2026-07-26,64.08666666666667,2.670277777777778,0.06532717197700214,0.0016933666871050473,0.0075365227617283865,0.0016895496720316548,0.00041119662381546745,0.013159679967576192,0.07455706142583557,0.025921322412382743,24.6875,1079225.9232289607,腰部普通,0
我最爱吃火锅了！,邢三狗子,搞笑,1414270,63091,669,437,8100,944,465,199,2026-07-23 12:27:43,BV1jeg46cENW,2026-07-26,59.53805555555556,2.480752314814815,0.04461029364972742,0.0006674821639432358,0.005727336364343442,0.0004730355589809584,0.0003089933322491462,0.0003287915320271235,0.0510051121780141,0.014962514463235644,2.1959798994974875,570097.2207318381,腰部普通,0
我最爱吃猪脚饭了！,邢三狗子,搞笑,1495910,70617,467,406,12579,938,544,166,2026-07-23 12:25:37,BV1Wjg46kEWM,2026-07-26,59.573055555555555,2.4822106481481483,0.047206716981636594,0.0006270430707729743,0.008408928344619662,0.0003121845565575469,0.00027140670227486947,0.0003636582414717463,0.056242688397029235,0.013282920543211974,2.4457831325301207,602652.3176491982,腰部普通,0
老外：永远别和那群卑鄙的中国玩家打巷战!,贤良淑德列克星敦太太,网络游戏,320524,19751,239,424,2668,608,116,298,2026-07-24 09:19:59,BV1eugY6rEgm,2026-07-26,38.66694444444445,1.6111226851851852,0.06162097066054336,0.0018968938363429883,0.00832386966342614,0.0007456539915887734,0.0013228338595549787,0.0003619073766707017,0.07184173416031249,0.030783251480937673,1.4228187919463087,198944.50183547533,尾部低播放,0
中创新航电池“爆雷”！一条视频告诉你答案,超哥超车,汽车生活,521018,30177,4844,2817,3200,7376,3466,807,2026-07-24 12:00:00,BV1E8gb6rEHP,2026-07-26,36.0,1.5,0.05791930413152713,0.014156900529348313,0.006141822355465646,0.009297183590586122,0.0054067229922958515,0.006652361338763728,0.07821802701634109,0.24442456175232793,3.490706319702602,347345.3333333333,腰部普通,0
这路线是人能跑出来的？？,LoveHaiku,单机游戏,321405,51746,1295,2602,8579,6785,1106,899,2026-07-24 09:00:00,BV1hPgb6bEjJ,2026-07-26,39.0,1.625,0.1609993621754484,0.021110436987601313,0.026692179648729795,0.004029184362408799,0.008095704796129494,0.0034411412392464334,0.20880197881177953,0.13112124608665404,2.8943270300333706,197787.6923076923,尾部低播放,0
日媒播出731部队专题片，明确承认人体实验等罪行，媒体社评：“731”这样的纪录片，日本应该更多地播放，731部队犯下罪行不容任何狡辩和否认,大象新闻,社会,902199,136625,1405,589,4909,1932,793,31,2026-07-24 09:16:42,BV1eugY6rENT,2026-07-26,38.721666666666664,1.6134027777777777,0.15143554803319445,0.002141434428546252,0.005441149901518401,0.0015573060932233354,0.000652849315949142,0.0008789635102676904,0.1590181323632591,0.014140896614821591,19.0,559190.1863728318,腰部普通,0
执行高原巡逻任务间隙，官兵就地支起简易炊具，煮起火锅驱散高原寒气,人民日报,日常,1484299,85519,2460,620,1687,1197,221,38,2026-07-23 06:38:49,BV1QfgU6pEX3,2026-07-26,65.35305555555556,2.7230439814814815,0.05761574992639623,0.0008064412897940375,0.0011365634552068012,0.0016573480141130594,0.0004177055970528849,0.00014889183378820575,0.05955875467139707,0.013996889580093312,16.31578947368421,545088.1477105125,腰部普通,0
"【Part 3】""微波炉到货了!"",""你买了个核弹回来?""—— 一大堆歌姬的奇妙历险8【术力口两句话小剧场】",绝美癫公死蟑螂,VOCALOID·UTAU,678946,132331,2950,3695,43732,9937,10774,230,2026-07-23 08:24:29,BV1xcgX6UEwo,2026-07-26,63.591944444444444,2.6496643518518517,0.19490651686584795,0.014635920971623664,0.06441160269005193,0.004344969997613949,0.005442259030909675,0.01586871415399752,0.27395404052752353,0.07509200414113096,16.065217391304348,256238.49282098102,腰部普通,0
此视频收益将用于本人steam购入丝之歌,量亮阿,单机游戏,89455,19878,395,119,904,9678,223,159,2026-07-23 01:01:04,BV1DCgm6yEga,2026-07-26,70.98222222222222,2.9575925925925923,0.22221228550667935,0.10818847465205969,0.010105639707115309,0.004415627969370075,0.0013302777933038958,0.0024928735118215865,0.34050639986585435,0.48686990642921824,0.7484276729559748,30245.883163233364,尾部低播放,0
【改画】把Saber画成了云的质感？,凡老贼,绘画,510837,55486,361,317,13897,1960,677,378,2026-07-24 03:30:00,BV1zmgt6gEh8,2026-07-26,44.5,1.8541666666666667,0.10861781742512779,0.003836840322842707,0.027204372431910765,0.0007066833451766414,0.0006205501950720093,0.0013252759686553637,0.13965903017988127,0.03532422593086544,0.8386243386243386,275507.59550561797,腰部普通,0
在北极独自徒步30公里，我找到了传说中的“肥鱼湖”！,蜀犬吠日SCFR,出行,413987,24567,1167,4190,5721,23061,1372,2122,2026-07-24 08:30:00,BV1p6gU6iEh7,2026-07-26,39.5,1.6458333333333333,0.05934244312019459,0.05570464773048429,0.013819274518281976,0.0028189290968073876,0.010121090758888564,0.003314113728208857,0.12886636536896087,0.9386982537550372,1.9745523091423185,251536.40506329114,腰部普通,0
街头摆摊两分钟一份炒鸡！每日自动刷新重复顾客，被困摆摊结界永无止境的买东西！,网友暮雨,日常,1013343,22213,830,2114,6643,1815,409,540,2026-07-24 06:00:39,BV1PWgh6sEGT,2026-07-26,41.98916666666667,1.7495486111111112,0.021920514574038603,0.0017911013348885817,0.0065555295689613486,0.000819071133860894,0.0020861643096167833,0.00040361457078205503,0.030267145477888533,0.08170890919731688,3.914814814814815,579202.5403377855,腰部普通,0
强健的身躯源自鸡肉带来的力量，这鸡有力气,印度老吃家,美食侦探,3322302,285830,2897,2426,54186,7567,6806,157,2026-07-20 14:04:32,BV1yVKp6WExZ,2026-07-26,129.92444444444445,5.413518518518519,0.08603371999294465,0.0022776376139195054,0.01630977557127558,0.0008719857496398581,0.000730216578745701,0.002048579569226398,0.10462113317813973,0.026473778119861457,15.452229299363058,613704.7446379092,腰部普通,0
saber逃离牢九门,大俣Omata,日常,895753,77014,3196,473,10154,1425,9839,75,2026-07-24 04:00:00,BV1sJgb6EE2p,2026-07-26,44.0,1.8333333333333333,0.08597682620097281,0.0015908403321004787,0.011335714197998779,0.0035679478606267575,0.0005280473523393167,0.010984054756166041,0.09890338073107208,0.018503129301166023,6.306666666666667,488592.54545454547,腰部普通,0
重磅！一系法杂交水稻研究取得里程碑突破！！杂交水稻有望不用年年制种！【主播说三农】,央视农业,三农,445866,68637,2343,1734,5060,4716,2249,445,2026-07-24 14:59:32,BV1opge6DESh,2026-07-26,33.007777777777775,1.375324074074074,0.1539408701268991,0.010577168925192771,0.01134870117927808,0.005254942067796154,0.0038890608389067567,0.005044116393714704,0.17586674023136997,0.06870929673499716,3.896629213483146,324189.7734540681,腰部普通,0
刚买的电视有点不对劲……,鹤吱菌,搞笑,781362,27657,526,462,5511,4758,532,220,2026-07-24 04:15:43,BV1WWgh6WEPV,2026-07-26,43.738055555555555,1.8224189814814815,0.03539588564583381,0.006089367028342817,0.007053068872046504,0.0006731834924145275,0.0005912752347823416,0.0006808623915675448,0.04853832154622313,0.17203601258270962,2.1,428749.9241062639,腰部普通,0
请务必保持补种树苗… |【怪树】[MC诡异见闻录],SvenTheOrangeBoy,单机游戏,1089913,54020,3708,5645,29115,6389,586,825,2026-07-24 11:29:14,BV1nBgv68EFF,2026-07-26,36.51277777777778,1.5213657407407408,0.04956358902040805,0.005861935769185247,0.026713141324124036,0.003402106406658146,0.005179312477234421,0.0005376575928537416,0.08213866611371734,0.11827101073676416,6.842424242424243,716404.3272522556,腰部普通,0
入伏了，解暑实力排行,东方日出哇,特摄,8868109,355342,7715,17485,73529,12678,12593,255,2026-07-20 10:05:03,BV1uuKm6PEKu,2026-07-26,133.91583333333332,5.579826388888889,0.04006964731714507,0.0014296170694338556,0.008291395606436502,0.0008699712644488245,0.0019716717509899798,0.0014200321624373358,0.04979065999301542,0.03567830428150908,68.56862745098039,1589316.294438671,头部爆款,1
史上最逆天躲猫猫,炎辰大鸽子,搞笑,1368396,39682,543,711,6674,7701,555,343,2026-07-24 04:05:00,BV13xgt6xEp5,2026-07-26,43.916666666666664,1.829861111111111,0.028998915518607185,0.00562775687739514,0.004877243137220513,0.00039681495707382953,0.0005195864355055116,0.00040558434839037824,0.03950391553322284,0.1940678393226148,2.072886297376093,747814.1328273246,腰部普通,0
【TF家族练习生】《成长档案NO.0704-满分答卷》官俊臣生日纪录片,TF家族,明星综合,1105386,43925,3568,176529,13915,6948,1654,3481,2026-07-24 11:00:00,BV1Aegv6PEwX,2026-07-26,37.0,1.5416666666666667,0.03973725015514942,0.006285587116174802,0.012588362798153768,0.0032278317257501,0.15969896488647406,0.0014963098863202537,0.058611200069477995,0.15817871371656234,50.712151680551564,717007.1351351351,腰部普通,0
千万不要随便上朋友的车,方山厨子Rex,搞笑,477625,54185,547,679,3145,1914,1746,298,2026-07-24 10:31:24,BV1rSga6sEfZ,2026-07-26,37.47666666666667,1.5615277777777778,0.1134467416906569,0.004007327924627061,0.006584663700601937,0.0011452499345721014,0.0014216173776498298,0.003655587542528134,0.1240387333158859,0.035323428993263815,2.278523489932886,305870.3193097928,腰部普通,0
闪光，你抓不住！,小b阳子,手机游戏,692943,40447,850,335,9027,1740,736,147,2026-07-25 00:00:00,BV1MggB6jEsU,2026-07-26,24.0,1.0,0.05836988035090909,0.0025110290456790817,0.013027045514566134,0.0012266521200156434,0.000483445247300283,0.0010621364239194278,0.0739079549111543,0.04301925977204737,2.2789115646258504,692943.0,腰部普通,0
【联盟TV】你能答对吗？ Pt.01,随风飘的旅人,电子竞技,138283,7946,163,438,1366,1192,913,503,2026-07-24 11:42:39,BV1nBgv68Euj,2026-07-26,36.28916666666667,1.512048611111111,0.05746187166896871,0.008620003905035326,0.009878293065669678,0.0011787421447321796,0.0031674175422864706,0.006602402319880246,0.07596016863967371,0.15001258494840172,0.8707753479125249,91454.07031483225,尾部低播放,0
本体被困高塔，我开小号偷偷拯救世界【宝具之王】,圆桌动漫,同人·手书,1376205,90493,2529,15597,95378,31299,2437,10463,2026-07-22 09:30:00,BV1DJKh6HEFz,2026-07-26,86.5,3.6041666666666665,0.06575546521048826,0.022742977972031782,0.06930508172837622,0.0018376622668861108,0.011333340599692633,0.0017708117613291624,0.15780352491089628,0.34587205640215263,1.4906814489152251,381837.22543352604,腰部普通,0
毕业卖书时：,戚小鱼_,日常,1454946,101182,566,265,4291,617,646,83,2026-07-23 13:48:44,BV12gg462EDQ,2026-07-26,58.187777777777775,2.424490740740741,0.069543474465719,0.00042407072152506005,0.002949250350184818,0.00038901787420289136,0.0001821373439289156,0.00044400273274746967,0.07291679553742889,0.0060979225553952285,3.1927710843373496,600103.756038878,腰部普通,0
干吃播也是不容易……,唐尼是个der,美食测评,1045612,67120,481,952,5321,1116,361,155,2026-07-24 09:06:04,BV1uLgY6iEZC,2026-07-26,38.89888888888889,1.6207870370370372,0.06419207124631317,0.0010673175135709997,0.005088885743468896,0.00046001767385990213,0.0009104715707164799,0.0003452523498200097,0.07034827450335306,0.016626936829559,6.141935483870967,645126.08757748,腰部普通,0
近日成都街头，本以为男子在爱心水站薅羊毛，结果却是补满水箱、送冰凉贴。,小莉帮忙,社会,5097216,198149,3477,446,4641,3464,423,27,2026-07-24 09:23:35,BV1h5gY6MEvm,2026-07-26,38.606944444444444,1.6086226851851853,0.03887396570990909,0.0006795866606398473,0.0009104970242579479,0.0006821370724725026,8.749874441263624e-05,8.29864773240922e-05,0.04046404939480689,0.017481794003502416,16.51851851851852,3168683.400366946,超级爆款,1
指鸡为牛、移花接木：营销号看图说话有多离谱？,中国食品报融媒体,科学科普,5230169,247554,3664,1987,52488,8590,4385,294,2026-07-23 11:05:00,BV1pTgX6yEgU,2026-07-26,60.916666666666664,2.538194444444444,0.04733193133912116,0.0016423943471042715,0.010035622175879977,0.0007005509764598429,0.00037991124187382856,0.0008384050305066624,0.059009947862105415,0.03469949990709098,6.758503401360544,2060586.4186046515,头部爆款,1
美国我求求你，学点地理吧,歪果仁研究协会,日常,1023246,71250,1029,870,5391,613,209,154,2026-07-24 10:00:00,BV1RHga6CEdp,2026-07-26,38.0,1.5833333333333333,0.06963134964612615,0.000599073927481759,0.005268527802698471,0.001005623281205106,0.0008502354272579614,0.00020425195896197005,0.07549895137630638,0.008603508771929825,5.64935064935065,646260.6315789474,腰部普通,0
在日本贫民窟脏摊和日本人打成一片！穷人美食到底啥味儿？,平平出击,美食侦探,2201044,46381,1992,2626,10017,15264,2263,784,2026-07-23 03:04:16,BV1qLgD6hEAx,2026-07-26,68.92888888888889,2.872037037037037,0.021072272975915067,0.0069348908972287696,0.00455102215130638,0.0009050250699213645,0.0011930701975971403,0.0010281484604578554,0.032558186024450216,0.3291002781311313,3.3494897959183674,766370.3398026952,腰部普通,0
《体育界来了一位天才》《人类群星闪耀时》,人类早期纪录片,日常,571161,16410,259,400,4590,725,1449,203,2026-07-24 10:10:00,BV1sWgY6wE2J,2026-07-26,37.833333333333336,1.576388888888889,0.028730953268868147,0.0012693443705014873,0.00803626298014045,0.00045346233373777273,0.0007003279285525447,0.002536937921181593,0.038036560619510086,0.044180377818403414,1.9704433497536946,362322.39647577086,腰部普通,0
上课时的难绷瞬间！,一串大福,搞笑,4287313,261806,3162,3137,79200,8800,2740,155,2026-07-23 07:19:24,BV1M9gQ6sEQh,2026-07-26,64.67666666666666,2.694861111111111,0.061065287279002026,0.002052567657178284,0.018473108914604554,0.0007375248786361061,0.0007316937205191224,0.0006390949296214202,0.08159096385078486,0.03361267503418562,20.238709677419354,1590921.6925217751,头部爆款,1
给幽默也门小哥上上强度,路西法Lusiferr,搞笑,1769847,50720,1646,1390,3820,775,1204,204,2026-07-23 12:00:00,BV1GJgD6ZEkM,2026-07-26,60.0,2.5,0.02865784443514044,0.00043789095893599845,0.002158378662110341,0.0009300238947208431,0.0007853786231239197,0.0006802847929792801,0.03125411405618678,0.015279968454258675,6.813725490196078,707938.8,腰部普通,0
陪莉莉一起吃饭吧～,小奶酪酪子,美食记录,2124739,190172,2054,979,12898,4542,3914,123,2026-07-23 10:41:04,BV1mGgQ6HE7F,2026-07-26,61.315555555555555,2.5548148148148146,0.08950369904256476,0.002137674321410771,0.006070392645873211,0.0009667069696560378,0.00046076247482631984,0.0018421086072218753,0.09771176600984874,0.02388364217655596,7.959349593495935,831660.6697593506,腰部普通,0
申论素材加一,小幽猫meme,日常,711883,68624,721,83,2432,755,166,36,2026-07-25 00:00:00,BV1Ajgi6eEMv,2026-07-26,24.0,1.0,0.09639786313200344,0.0010605675370812338,0.0034162917220947825,0.0010128068797822115,0.00011659219281820187,0.00023318438563640375,0.10087472239117945,0.011001981813942643,2.3055555555555554,711883.0,腰部普通,0
心灵在2012年的一次播报，时隔14年落在了自己的身上，时间绕了一圈，完成了温暖的闭环。,良田田田,时尚潮流,1830593,220622,1380,444,7165,37223,904,127,2026-07-24 09:00:00,BV183gh6aEwg,2026-07-26,39.0,1.625,0.12051941638583781,0.020333848102773253,0.00391403222890069,0.000753854078978779,0.0002425443558453463,0.0004938290488382726,0.14476729671751176,0.16871844149722148,3.4960629921259843,1126518.7692307692,腰部普通,0
有人时薪2000，有人干活太累死了，洛杉矶华人生存报告【探照灯计划】,20岁了还没去过星巴克,出行,893317,34700,4347,8109,10172,9893,2929,1812,2026-07-24 10:00:00,BV1j6gY6nE9L,2026-07-26,38.0,1.5833333333333333,0.03884399378943869,0.011074456212072535,0.011386775355221047,0.004866133746475216,0.009077404773445485,0.0032787912913333117,0.06130522535673227,0.2851008645533141,4.475165562913907,564200.2105263158,腰部普通,0
差点被烟管单杀了,-大大大大古,日常,6155086,621656,15732,29818,158498,37922,71920,189,2026-07-20 09:25:04,BV11oK16pEEz,2026-07-26,134.5822222222222,5.607592592592592,0.10099875127658654,0.006161083695662416,0.02575073687028906,0.002555935042987214,0.004844448964644848,0.011684645835980195,0.13291057184253802,0.061001582868982204,157.76719576719577,1097634.3053399823,腰部普通,0
上海热到上热搜？！周末还能出门吃饭吗…,糖小幽Umi,美食记录,776216,46734,1134,1091,4365,562,129,112,2026-07-24 11:00:00,BV12kga6FEjm,2026-07-26,37.0,1.5416666666666667,0.06020746802436435,0.0007240252713162315,0.005623434714048667,0.0014609335545775917,0.0014055366032135386,0.0001661908540921599,0.06655492800972924,0.012025506055548424,9.741071428571429,503491.4594594594,腰部普通,0
我婚礼上要放这个,Vinheteiro,搞笑,6302245,628943,10577,7943,124861,72000,62426,90,2026-07-22 09:16:29,BV1n9gC6HEzP,2026-07-26,86.72527777777778,3.6135532407407407,0.09979665976171984,0.011424500316950546,0.01981214630659392,0.001678290831283138,0.0012603445280213639,0.009905359122027151,0.1310333063852643,0.11447778256535171,88.25555555555556,1744057.6020703947,头部爆款,1
POV：当你突然独自拜访江浙沪男朋友的老爸1.0,多肉超超,短片,5076677,336684,8307,618,25862,2786,3262,87,2026-07-24 10:56:01,BV1Kxgv6zERU,2026-07-26,37.06638888888889,1.5444328703703702,0.06631975995321349,0.0005487841751602475,0.005094277221103489,0.0016363065840115493,0.00012173317309728391,0.0006425462955393853,0.07196282134947722,0.008274821494338905,7.103448275862069,3287081.683765616,超级爆款,1
当你穿进老钱班30,侯绿萝,小剧场,4114065,241868,1438,4604,16809,7500,3777,228,2026-07-23 03:32:31,BV1ThgD6nEor,2026-07-26,68.45805555555556,2.8524189814814815,0.05879051497727916,0.0018230144637967557,0.004085740016261289,0.0003495326398586313,0.0011190878121760351,0.0009180700839680462,0.06469926945733721,0.031008649345924223,20.19298245614035,1442307.3982852437,头部爆款,1
假如暴雨末世来临而你被困在家里！！【第一季完结】,不是帅哥w,单机游戏,3083655,95357,456,2107,117879,13292,2135,2936,2026-07-24 07:07:34,BV1TAge6vESS,2026-07-26,40.87388888888889,1.7030787037037038,0.03092336853506634,0.004310469232128756,0.03822703901701066,0.0001478764647796203,0.0006832800686198683,0.0006923602024221257,0.07346087678420575,0.1393919691265455,0.7176430517711172,1810635.6407921382,头部爆款,1
999元的宿舍六件套是什么样的～,懒同学的宿舍,家居房产,1050105,57555,593,404,6353,11623,390,186,2026-07-24 10:06:47,BV1cDga6REHD,2026-07-26,37.886944444444445,1.5786226851851852,0.054808804833802335,0.011068416967827026,0.006049871203355855,0.0005647054342184829,0.0003847234324186629,0.0003713914322853429,0.07192709300498522,0.20194596472938928,2.172043010752688,665203.2875587457,腰部普通,0
老同学婚礼让我穿最贵的来？,三个大比兜啊,日常,6008513,355571,7140,2183,35773,8808,7368,40,2026-07-23 03:00:00,BV1cbgk6SEJS,2026-07-26,69.0,2.875,0.05917786979906676,0.001465920103692877,0.005953719331222218,0.0011883139805139806,0.000363317845863028,0.001226260141236276,0.06659750923398185,0.02477142399127038,54.575,2089917.5652173914,头部爆款,1
我回答了菲尔兹奖得主的问题。,二次元的中科院物理所,科学科普,1228636,74006,4628,689,14833,2521,12204,90,2026-07-24 16:04:52,BV19tge67EQ4,2026-07-26,31.91888888888889,1.3299537037037037,0.06023427605897923,0.0020518689017739998,0.012072737572397357,0.0037667787693018923,0.0005607844796994391,0.009932966313863504,0.07435888253315058,0.03406480555630625,7.655555555555556,923818.6235945278,腰部普通,0
哥们你怎么自己吃自己啊,我应该叫什么名字好哇,日常,1464970,75806,3165,1235,4201,529,3011,142,2026-07-23 05:40:54,BV1YqgS64EfQ,2026-07-26,66.31833333333333,2.7632638888888885,0.05174576953794276,0.00036109954470057407,0.002867635514720438,0.00216045379768869,0.0008430206761913213,0.0020553321911028896,0.05497450459736377,0.006978339445426483,8.69718309859155,530159.282249755,腰部普通,0
“会议室里，永远找不到冠军！”,韵之燃剪,影视剪辑,488375,28660,324,2754,22792,10178,618,2425,2026-07-24 10:00:00,BV1qdg86kEQw,2026-07-26,38.0,1.5833333333333333,0.05868441259278218,0.02084054261581776,0.04666905554133606,0.0006634246224724853,0.005639109291016125,0.0012654210391604811,0.12619401074993603,0.355129099790649,1.1356701030927836,308447.36842105264,腰部普通,0
评论区摄影大赛锐评与治愈系篇终于来了，博主这期比较狠，玻璃心慎重。,摄影恩哥,日常,3991614,203876,4592,1246,18438,2674,1074,120,2026-07-22 09:30:00,BV1pzgz6LERj,2026-07-26,86.5,3.6041666666666665,0.05107608100382452,0.000669904454689256,0.004619184119506545,0.001150411838419246,0.0003121544317661978,0.00026906409287070343,0.05636516957802032,0.013115815495693461,10.383333333333333,1107499.8381502891,腰部普通,0
评论区摄影大赛之最具有市井温度vs视觉张力的作品出现，欢迎投稿好的作品会让更多人看到。,摄影恩哥,日常,1664404,62803,3962,930,3353,564,235,135,2026-07-24 09:30:02,BV1yngh6xECY,2026-07-26,38.49944444444444,1.6041435185185184,0.0377330263565817,0.00033886003638539683,0.002014534932624531,0.0023804316740406776,0.0005587585706354947,0.00014119168182724867,0.04008642132559162,0.0089804627167492,6.888888888888889,1037565.5175399357,腰部普通,0
彩虹弹PKM 两发普攻后自动暴击,难言言x,网络游戏,1426795,76095,846,715,11964,674,999,187,2026-07-23 04:00:17,BV1tSgS6EEfp,2026-07-26,67.99527777777777,2.8331365740740737,0.05333281936087525,0.00047238741374899687,0.00838522702981157,0.0005929373175543788,0.0005011231466328379,0.0007001706622184687,0.06219043380443581,0.008857349365924173,3.823529411764706,503609.6787767125,腰部普通,0
袜学导论：从脚踝到大腿，袜子如何成就二次元的顶级暗示！【泛式/次元论战】,泛式,动漫杂谈,1926447,188024,11433,13710,73798,125386,34740,1026,2026-07-24 03:38:15,BV1Tdgh6aESA,2026-07-26,44.3625,1.8484375,0.09760143933365413,0.0650866595343656,0.03830782783019725,0.0059347596897293305,0.007116728360551834,0.01803319790266745,0.20099592669821698,0.6668616772326937,13.362573099415204,1042202.941673711,腰部普通,0
接着奏乐接着舞！Papi酱《生气了》KPOP版,吉事堡,音乐综合,1032652,45246,1712,857,8092,11445,12464,163,2026-07-24 12:00:00,BV1dwgY6jEQT,2026-07-26,36.0,1.5,0.043815341470311395,0.011083114156560003,0.00783613453515802,0.0016578673163853844,0.0008299020386345061,0.01206989382676836,0.06273459016202941,0.25295053706404985,5.257668711656442,688434.6666666666,腰部普通,0
在现实中！真枪可以踢足球吗？UP主亲身测试！,老李船长,出行,2409296,56687,912,1977,11691,3084,553,674,2026-07-24 09:05:00,BV1d2gY6jEUG,2026-07-26,38.916666666666664,1.6215277777777777,0.023528449804424197,0.0012800419707665641,0.004852454824977919,0.00037853381236676605,0.0008205716524661145,0.00022952762964783074,0.02966094660016868,0.05440400797360947,2.9332344213649852,1485818.5182012848,头部爆款,1
不必等来日，青春即刻赴西藏,流星奔,日常,254864,20510,488,320,1642,1963,265,491,2026-07-23 11:43:08,BV1HygD6rEVb,2026-07-26,60.28111111111111,2.511712962962963,0.08047429217151109,0.007702147027434239,0.006442651767217026,0.0019147466884299076,0.0012555715989704312,0.0010397702303973884,0.09461909096616235,0.09570941004388103,0.6517311608961304,101470.19335336295,尾部低播放,0
大狗嚼  这一口会很疯狂！,颖杏遗传being,搞笑,12141518,812469,10970,1477,297218,58242,50492,39,2026-07-20 10:02:37,BV1guKm6PELo,2026-07-26,133.95638888888888,5.581516203703703,0.06691659148386553,0.0047969290166188444,0.024479476124814048,0.0009035114060696529,0.00012164870982359866,0.004158623328648033,0.09619299662529841,0.0716851966044243,37.87179487179487,2175308.206028911,头部爆款,1
津门八仙,瑄羽猫,影视剪辑,686010,33900,1068,364,5773,730,1183,115,2026-07-24 09:30:00,BV1uRgh6AEde,2026-07-26,38.5,1.6041666666666667,0.049416189268378014,0.0010641244296730368,0.008415329222606084,0.0015568286176586346,0.0005306045101383361,0.0017244646579495926,0.05889564292065713,0.021533923303834808,3.1652173913043478,427642.59740259737,腰部普通,0
当我的琴行老板调了一架很梦核的琴,小憩memories,演奏,1179718,116380,1159,862,58890,8706,2252,151,2026-07-24 10:36:47,BV1Cmga6dExN,2026-07-26,37.386944444444445,1.557789351851852,0.09865069448800476,0.007379729732020703,0.0499187093864805,0.000982438175903055,0.0007306830954516249,0.0019089307783724586,0.15594913360650597,0.07480666781233888,5.708609271523179,757302.6472401982,腰部普通,0
陈翔六点半：有人在这里被爱过，有人在这里学会了爱,陈翔六点半,小剧场,7078947,313485,13251,4465,76463,89902,11824,345,2026-07-24 10:41:12,BV1yagv6eE25,2026-07-26,37.31333333333333,1.5547222222222221,0.04428412869880224,0.012699911441631078,0.010801465246172912,0.0018718885732581414,0.0006307435272505925,0.0016703049196441222,0.06778550538660623,0.2867824616807822,12.942028985507246,4553190.852242273,超级爆款,1
【MAFG】MC动画：于是，我们的故事开始了......,Minecraft动画电影同好会,单机游戏,1123292,183372,3752,2034,47530,22648,1930,141,2026-07-24 03:00:00,BV1fNN46HE9w,2026-07-26,45.0,1.875,0.16324517578688355,0.020162166204335114,0.04231312962257365,0.003340182250029378,0.0018107491195521735,0.0017181641104895254,0.22572047161379233,0.12350849638985233,14.425531914893616,599089.0666666667,腰部普通,0
树恨你,鲤鱼Ace,单机游戏,9292975,1047275,151701,535846,338680,663466,74628,1754,2026-07-20 07:36:08,BV1h4KU66ENd,2026-07-26,136.39777777777778,5.68324074074074,0.1126953424495385,0.071394359717959,0.03644473379084739,0.016324266448580784,0.05766140552406522,0.00803058224088626,0.22053443595834488,0.6335165071256356,305.4994298745724,1635154.2058358723,头部爆款,1
“全世界最倒霉的人”,红豆稀饭中,鬼畜调教,1473553,79175,1638,1222,28098,26981,3993,390,2026-07-23 08:00:00,BV1p2gr6JE1Y,2026-07-26,64.0,2.6666666666666665,0.05373067680633136,0.01831016597299181,0.019068197750606867,0.001111598972008472,0.0008292881219745744,0.002709776981214792,0.09110904052993005,0.3407767603410167,3.1333333333333333,552582.375,腰部普通,0
《下一个是谁》第七季（2）,自来卷三木,日常,2834111,311826,17620,105034,121167,394824,12857,4932,2026-07-24 04:00:00,BV1KRg462E53,2026-07-26,44.0,1.8333333333333333,0.11002603638319035,0.13931141017412516,0.04275308906390752,0.006217117113620461,0.037060651470602245,0.004536519564688892,0.292090535621223,1.266167670431587,21.296431467964315,1545878.7272727273,头部爆款,1
整活！当做饭很难吃的女友突然买了一兜子菜…男友直接崩溃了！,是王小白呀,日常,1922514,60843,433,1924,5536,2562,1397,303,2026-07-24 12:42:21,BV1bpgv66ELR,2026-07-26,35.29416666666667,1.470590277777778,0.0316476238924658,0.0013326300874792068,0.002879562905653743,0.00022522592813368328,0.0010007729462568284,0.0007266527057800359,0.03585981688559875,0.042108377298949756,6.34983498349835,1307307.704294855,头部爆款,1
“顶级智斗，胜负已分”【天堂的彼端-变速】【智斗の小曲】,早睡起大王,音乐综合,2538437,223516,4028,5378,36876,5130,18460,152,2026-07-24 04:00:00,BV1psgh6XEGV,2026-07-26,44.0,1.8333333333333333,0.08805260875097551,0.002020928626552481,0.014527049519054442,0.0015868032178856517,0.0021186265406626203,0.007272191509972476,0.10460058689658243,0.022951377082624957,35.38157894736842,1384602.0,头部爆款,1
见蛇不打三分罪？让我们来看看舟山眼镜蛇怎么说,ZGL蛇语者,野生动物,2961293,172762,3204,4290,22590,8376,8441,467,2026-07-23 10:20:50,BV1aPgQ6ZEmn,2026-07-26,61.65277777777778,2.568865740740741,0.05834005618491652,0.002828494174673023,0.007628424475389636,0.0010819598060711993,0.0014486915006384036,0.0028504440458948167,0.06879697483497918,0.04848288396753916,9.18629550321199,1152762.852894796,腰部普通,0
螃蟹挑战赛,大虫留白,日常,2072536,101000,2587,1178,9283,1321,2654,138,2026-07-23 11:19:42,BV1oXgD6NEqJ,2026-07-26,60.67166666666667,2.5279861111111113,0.048732567250942806,0.0006373833795890638,0.00447905368109408,0.001248229222556327,0.0005683857843723824,0.0012805567671683386,0.05384900431162595,0.013079207920792079,8.53623188405797,819836.7826827458,腰部普通,0
“月嫂”你听过，那周末的“全职奶舅”听过吗？,真的是明奇,亲子,1565892,116597,396,462,10123,1096,646,176,2026-07-24 09:25:39,BV1FvgY6RENN,2026-07-26,38.5725,1.6071875,0.07446043533015048,0.0006999205564623869,0.006464685942580969,0.0002528910039772858,0.00029503950464016676,0.0004125444155791076,0.08162504182919383,0.009399898796710035,2.625,974305.7359517792,腰部普通,0
晚上在店里加班处理金枪鱼，顺便切点边角料偷偷做个晚餐吃,张森的下班料理,美食记录,2346411,171148,3555,9253,14993,8195,6267,1137,2026-07-24 09:10:00,BV1eWgr6PE9x,2026-07-26,38.833333333333336,1.6180555555555556,0.07294033313004414,0.0034925680113160056,0.006389758656944584,0.001515079838954045,0.003943469409238194,0.0026708875810759498,0.08282265979830473,0.04788253441465866,8.138082673702726,1450142.4206008583,头部爆款,1
成吉思鸡200卢比买一送一，我只要送的那份,印度老吃家,美食侦探,5412920,318514,3881,2240,60614,10903,10758,371,2026-07-22 14:02:13,BV1v4g16mE5a,2026-07-26,81.96305555555556,3.4151273148148147,0.05884328606371422,0.0020142547830006726,0.011198022509107838,0.0007169882429446583,0.0004138247009008077,0.001987467023344147,0.07205556335582274,0.03423083443741876,6.037735849056604,1584983.3698787056,头部爆款,1
连续21天十点睡六点起，我真的会变健康吗？,亿点点不一样,科学科普,5991916,208619,10804,9246,73074,62506,46876,726,2026-07-23 09:00:00,BV1DAgS6SEqa,2026-07-26,63.0,2.625,0.0348167430918591,0.010431721673000756,0.012195431311119848,0.001803096038061949,0.0015430790418290243,0.007823207134412431,0.0574438960759797,0.2996179638479717,12.735537190082646,2282634.6666666665,超级爆款,1
直哉挑衅佐助  十尾空降涩谷,牙牙的包裹,同人·手书,1793794,129696,6136,2179,31924,31459,6828,266,2026-07-24 12:10:44,BV16Fgv6xEpz,2026-07-26,35.82111111111111,1.492546296296296,0.07230261668842687,0.017537688274127352,0.017796915364863525,0.0034206826424884908,0.0012147437219658444,0.003806457151713073,0.10763722032741775,0.2425595238095238,8.191729323308271,1201834.7467353207,头部爆款,1
大坏狐狸的故事抽象中配 大结局,Coulson不讲李,动物二创,2527276,107589,608,448,27693,4242,2652,224,2026-07-24 04:13:54,BV1WWgh6WE9D,2026-07-26,43.76833333333333,1.8236805555555555,0.042571131922275206,0.0016784870350527604,0.01095764768074401,0.0002405752280320788,0.00017726595749732122,0.0010493511591136069,0.05520726663807198,0.03942782254691465,2.0,1385810.6850462663,头部爆款,1
挑战全天打卡一线城市差评垫底门店，到底能离谱到什么程度？,记录生活的蛋黄派,美食测评,2850306,90917,655,5071,24344,14509,1234,503,2026-07-24 09:30:00,BV12VgQ6DEZX,2026-07-26,38.5,1.6041666666666667,0.03189727699411923,0.005090330652217692,0.008540837369742055,0.00022979988815235978,0.0017791072256803304,0.0004329359724885679,0.04552844501607897,0.15958511609489975,10.081510934393638,1776814.1298701297,头部爆款,1
这才是真正的民用机床,罐子pot,单机游戏,2800766,165664,1631,1028,31694,4109,4894,144,2026-07-24 10:00:00,BV1AKga6RENc,2026-07-26,38.0,1.5833333333333333,0.05914953266356418,0.0014670986437281801,0.011316189928041115,0.0005823406882260068,0.00036704244481688226,0.0017473791098578033,0.07193282123533348,0.024803216148348465,7.138888888888889,1768904.8421052631,头部爆款,1
《绝区零》蕾米埃尔角色展示 | 恰如往昔,绝区零,手机游戏,2737424,168941,14453,12169,42527,90894,24731,1260,2026-07-24 04:00:00,BV11Aga6oENR,2026-07-26,44.0,1.8333333333333333,0.06171532068104905,0.033204209504994475,0.01553540847161419,0.005279781283425586,0.004445420219885556,0.009034406069355716,0.11045493865765771,0.5380221497445854,9.657936507936508,1493140.3636363638,头部爆款,1
制作人偶、直播哭丧、舔食骨灰、自残吸血｜丧亲创伤循环，到底能把人逼成什么样？,捕月说,人文历史,977534,49761,2397,1913,10612,1607,2591,1284,2026-07-24 10:10:00,BV1RJKA6mEit,2026-07-26,37.833333333333336,1.576388888888889,0.050904623266300714,0.0016439325895569873,0.010855888388536869,0.0024520886230044174,0.001956965179727764,0.0026505471932434066,0.06340444424439456,0.032294367074616664,1.4898753894080996,620109.6740088105,腰部普通,0
中国人能飞🚀🚀🚀,鸡鸡·夫斯基,鬼畜调教,1941878,129607,3734,2516,19981,6273,23534,87,2026-07-24 11:54:12,BV1iKgv6HEgJ,2026-07-26,36.096666666666664,1.5040277777777777,0.06674312186450436,0.0032303780155086984,0.010289523852682815,0.0019228808400939708,0.0012956529709899386,0.012119195953607796,0.08026302373269588,0.04840016357141204,28.919540229885058,1291118.441222643,头部爆款,1
脑洞向：白雪公主故事新编,单易之,社科·法律·心理,543222,73479,1715,882,16131,5225,16504,199,2026-07-24 11:57:17,BV1Lugv6nEXZ,2026-07-26,36.04527777777778,1.501886574074074,0.13526514021891603,0.009618535331779641,0.02969504180611242,0.003157088630431021,0.001623645581364525,0.03038168557238109,0.17457871735680808,0.07110875216048122,4.432160804020101,361693.09279224434,腰部普通,0
【MC组件】表弟偷玩我的手机拿我攒了半年的钻石买的组件,Clay粘土云,单机游戏,2256925,199139,6450,602,31420,4553,31310,36,2026-07-24 13:30:10,BV1rRge6fE1V,2026-07-26,34.49722222222222,1.4373842592592592,0.08823465556010944,0.002017346610986187,0.013921596862988357,0.002857870775502066,0.00026673460571352613,0.013872857981545687,0.10417359903408399,0.02286342705346517,16.72222222222222,1570161.204605846,头部爆款,1
《最绝望の主持人》,伤心欲茄222,搞笑,4521309,306623,4774,1252,18583,4627,2628,109,2026-07-24 04:00:00,BV1mYg86tEXv,2026-07-26,44.0,1.8333333333333333,0.06781730689054873,0.0010233761948143778,0.004110092895663623,0.0010558889029703565,0.0002769109565393562,0.0005812475988701502,0.07295077598102673,0.015090192190409722,11.486238532110091,2466168.5454545454,超级爆款,1
用最好的动画为你讲解--什么是先进封装,Redknot-乔红,野生技能协会,905056,35012,1582,1497,21428,15464,3813,753,2026-07-24 10:41:57,BV1Amga6oE2p,2026-07-26,37.30083333333334,1.554201388888889,0.038684899055970015,0.017086235547855603,0.02367588303928155,0.001747958137397023,0.001654041296892126,0.004212998974649083,0.07944701764310717,0.4416771392665372,1.9880478087649402,582328.6521748843,腰部普通,0
儿子陪老爸找工作！没想到我会陪55岁的老爸去招聘会...,三宋在这,出行,1947571,73226,2151,2537,10096,32206,2047,1211,2026-07-24 03:30:00,BV1g8KN6SE7d,2026-07-26,44.5,1.8541666666666667,0.037598629266917614,0.016536495973702627,0.005183893167437798,0.0011044526746393328,0.0013026482731566655,0.0010510528242616058,0.05931901840805804,0.4398164586349111,2.0949628406275806,1050375.370786517,腰部普通,0
地球online四大机制怪,手搓工坊M,搞笑,1673431,95458,2136,1825,9191,1073,999,192,2026-07-24 08:30:00,BV1Lzgh6VEZV,2026-07-26,39.5,1.6458333333333333,0.05704328412704199,0.0006411976352774629,0.005492308915037429,0.0012764195237210257,0.001090573797186738,0.0005969771087066033,0.06317679067735688,0.01124054558025519,9.505208333333334,1016768.2025316457,腰部普通,0
西班牙赢麻，FIFA赚麻，特朗普乐麻，世界杯谁是输家？,小王Albert,足球,1194072,65537,3749,5008,9305,13285,1224,1267,2026-07-24 14:35:50,BV1wVge6ZE35,2026-07-26,33.40277777777778,1.3917824074074074,0.05488530004890827,0.011125794759444991,0.007792662419016608,0.00313967666941357,0.004194051949966166,0.0010250638152473218,0.07380375722736987,0.20270991958740864,3.952644041041831,857944.4557172557,腰部普通,0
在西宁这碗麻辣烫端出来前，我简直在乱吃。,盗月社食遇记,美食侦探,1419584,45265,2121,5714,12196,19086,8488,2138,2026-07-24 09:55:00,BV187gY6KEJN,2026-07-26,38.083333333333336,1.5868055555555556,0.031886101843920475,0.013444783823993507,0.00859124926739101,0.001494099679906226,0.0040251228528921145,0.005979216446508273,0.05392213493530499,0.421650281674583,2.6725912067352664,894617.487964989,腰部普通,0
我会顺着网线 找到你！,戴律请回答,社科·法律·心理,1400154,225273,4273,9181,17842,55722,1934,639,2026-07-24 04:10:00,BV1tHKk6SEH1,2026-07-26,43.833333333333336,1.826388888888889,0.16089158763964537,0.03979705089583003,0.01274288399704604,0.003051807158355438,0.0065571358579127725,0.0013812766309991614,0.21343152253252143,0.24735321143679004,14.36776212832551,766624.2433460075,腰部普通,0
来自砧板的舞者…,啊费定格动画,颜值·网红舞,1310204,215703,1484,404,17519,38816,3336,17,2026-07-23 11:38:11,BV1rygD6rETp,2026-07-26,60.36361111111111,2.515150462962963,0.16463314109863808,0.029625920848967032,0.013371200210043626,0.0011326480456478533,0.00030834892886909217,0.00254616838293884,0.20763026215764874,0.17995113651641378,23.764705882352942,520924.6998513637,腰部普通,0
《外 卖 逆 天 评 价》,铃乃Chan,同人·手书,5990529,352236,2466,464,32177,4296,5300,50,2026-07-22 09:20:00,BV1LbKa6NENm,2026-07-26,86.66666666666667,3.611111111111111,0.05879881392778501,0.0007171319928507148,0.005371311949245217,0.00041164978919224,7.745559699318707e-05,0.0008847298794480421,0.06488725786988093,0.012196368343951214,9.28,1658915.723076923,头部爆款,1
开局爆氪5万！挑战霸服美少女挂机游戏,一叮当猫一,网络游戏,453210,8966,246,147,4354,3466,1103,353,2026-07-24 04:00:00,BV1EXgr65EJZ,2026-07-26,44.0,1.8333333333333333,0.019783323404161425,0.007647668851084487,0.00960702544074491,0.0005427947309194413,0.0003243529489640564,0.00243375035855343,0.03703801769599082,0.3865714923042605,0.4164305949008499,247205.45454545456,腰部普通,0
三伏天山西文旅喊你来清凉一夏，三晋四时好风光慢游计划邀你来山西睡个好觉,山西省文化和旅游厅,日常,975866,51672,2545,693,6141,13838,4795,358,2026-07-20 10:00:00,BV1DUKm6iEfA,2026-07-26,134.0,5.583333333333333,0.05294989271067954,0.014180225563755679,0.006292872177122679,0.0026079400245525514,0.0007101384821276692,0.004913584447044984,0.0734229904515579,0.2678046137172937,1.9357541899441342,174781.97014925373,尾部低播放,0
俄罗斯一奶牛猫运毒进监狱，被当场抓获，咪：我冤啊！,封面新闻,亲子,3467841,159155,4002,664,10766,1039,16720,22,2026-07-24 04:02:43,BV1Htgh6DErD,2026-07-26,43.95472222222222,1.8314467592592594,0.04589454937524529,0.00029961004555860546,0.003104525265143356,0.0011540321485327615,0.00019147359985651014,0.004821443659037424,0.04929868468594725,0.006528227199899469,30.181818181818183,1893498.1224365982,头部爆款,1
沉浸式感受清朝御厨制作无骨整鸡,史海听风,AI影像,898707,28040,894,1209,3686,672,279,171,2026-07-24 11:21:57,BV1omgv6WEna,2026-07-26,36.634166666666665,1.5264236111111111,0.031200380101634905,0.0007477409211233472,0.004101447969137884,0.0009947624754230245,0.0013452660321995934,0.0003104460074306754,0.03604956899189613,0.023965763195435093,7.0701754385964914,588766.4429835536,腰部普通,0
我用AI杀死了史上最难的跑步游戏,林亦LYi,计算机技术,2881307,89813,2425,2771,19671,12856,4734,890,2026-07-20 11:07:21,BV1bmKp6cERp,2026-07-26,132.8775,5.5365625,0.031170923473270985,0.004461864008243481,0.006827110058039633,0.0008416319399494743,0.0009617163322061829,0.0016430043726683758,0.0424598975395541,0.14314186142317928,3.113483146067416,520414.4268216967,腰部普通,0
⚡乙 烯 的 加 聚 追 逐⚡,OHRoot,日常,157069,25349,812,249,7114,2068,4310,301,2026-07-24 05:37:36,BV18Vgh6cEkV,2026-07-26,42.373333333333335,1.7655555555555555,0.16138767038690002,0.013166188108410953,0.04529219642322801,0.005169702487441825,0.0015852905410997714,0.027440169606988012,0.21984605491853898,0.08158112746064934,0.8272425249169435,88962.93266205161,尾部低播放,0
有个英雄全身上下最超标的是斩杀,流夜一动不动,电子竞技,1224212,47191,2164,678,1817,747,1201,226,2026-07-24 08:44:48,BV1zoga6SEr1,2026-07-26,39.25333333333333,1.6355555555555554,0.03854806193698477,0.0006101884314154738,0.0014842200533894457,0.0017676676915436215,0.0005538256445778999,0.000981039231767047,0.04064247042178969,0.01582928948316416,3.0,748499.1847826088,腰部普通,0
重开一次空调5块钱？开开关关一月500？,哏工侃智能,家居房产,2163246,67458,1409,214,8916,599,3104,60,2026-07-24 12:00:00,BV1ncKW6HEQh,2026-07-26,36.0,1.5,0.031183693394093874,0.0002768986976053579,0.004121583953003958,0.0006513360015458251,9.892541116451851e-05,0.001434880730161988,0.03558217604470319,0.008879599157994604,3.566666666666667,1442164.0,头部爆款,1
沙县小吃，碳水天堂,邢三狗子,搞笑,2142704,123734,1147,633,14295,2022,1252,206,2026-07-23 12:26:57,BV1ieg46cEKn,2026-07-26,59.55083333333334,2.4812847222222225,0.05774666029465572,0.0009436674407664335,0.006671476788207798,0.0005353049231251727,0.0002954211127621921,0.0005843084252421239,0.06536180452362995,0.016341506780674673,3.0728155339805827,863546.2028239178,腰部普通,0
当她觉得你太凶,毕峰鸣,日常,1416042,86761,5224,1617,7912,567,5919,34,2026-07-23 14:34:16,BV1xbgx61ESy,2026-07-26,57.42888888888889,2.3928703703703706,0.061270075322624615,0.00040041185219082484,0.005587404893357683,0.00368915611260118,0.0011419152821738339,0.0041799607638756476,0.06725789206817312,0.006535194384573714,47.55882352941177,591775.4749835544,腰部普通,0
“网红按斤称零食”大摸底！来桶冰淇淋摇一摇！,穿毛裤的小拉泽,美食测评,3277143,48371,793,2424,25503,3762,666,707,2026-07-23 08:50:59,BV1fagk62E1j,2026-07-26,63.15027777777778,2.6312615740740743,0.014760112695723073,0.0011479511269419736,0.007782083357363411,0.00024197906530169723,0.0007396686687154025,0.0002032257975925982,0.02369014718002846,0.07777387277500981,3.4285714285714284,1245464.5453305827,头部爆款,1
人最宝贵的是生命，生命对于人只有一次,小祥燃剪,影视剪辑,419950,66590,1546,2027,7537,1392,842,370,2026-07-24 15:16:59,BV1iMgq6ZExV,2026-07-26,32.716944444444444,1.3632060185185184,0.15856649601142994,0.0033146803190856056,0.017947374687462794,0.0036813906417430646,0.004826765091082271,0.002005000595308965,0.17982855101797834,0.020904039645592433,5.478378378378379,308060.5530603408,腰部普通,0
本想报智能制造，报成“智能建造”了！！！,小小段砸,搞笑,2408656,128289,8238,891,7845,5492,5571,175,2026-07-23 10:35:28,BV1DugQ6WEnU,2026-07-26,61.40888888888889,2.5587037037037037,0.053261652971615704,0.002280109737546582,0.003257003075574096,0.003420164606319873,0.00036991583688164684,0.002312908111411509,0.05879876578473638,0.042809593963628996,5.091428571428572,941357.9214011725,腰部普通,0
5800块购入的宝马七系实现了我的豪车梦！,阿鑫撸车屋,汽车生活,1442926,58900,1566,5395,6164,1151,1166,450,2026-07-23 11:00:00,BV17EgC6jETA,2026-07-26,61.0,2.5416666666666665,0.040819834142568644,0.0007976847045517234,0.004271875342186641,0.001085294741379669,0.003738930478763291,0.0008080802480515286,0.04588939418930701,0.019541595925297115,11.988888888888889,567708.5901639345,腰部普通,0
【妙脆角猫】被生活磨平了的棱角变圆滑了,饼型地雷,预告·资讯,1631596,114834,2454,659,32131,5518,28424,55,2026-07-24 00:05:00,BV11bgx6yERq,2026-07-26,47.916666666666664,1.9965277777777777,0.07038139343317831,0.003381964653014594,0.019692987724902487,0.0015040487963932248,0.0004038990044104055,0.01742097921299145,0.0934563458110954,0.04805197067070728,11.981818181818182,817216.7791304349,腰部普通,0
00后男生跟父母说今年带女朋友回家，没想到……网友：这下玩大了！,人民日报,日常,4343671,274924,5959,847,10103,1696,3476,22,2026-07-24 06:55:12,BV1MFge6qEwT,2026-07-26,41.08,1.7116666666666667,0.06329300722821779,0.0003904531443564671,0.002325912805090441,0.0013718810655779408,0.00019499635216387246,0.0008002447699192687,0.0660093731776647,0.006168977608357219,38.5,2537685.1022395324,超级爆款,1
等等，对兄弟的crush一见钟情是怎么回事啊！,料理小鼠,日常,748972,106391,822,225,20304,4549,2127,123,2026-07-24 10:18:48,BV1cdga6HEAz,2026-07-26,37.68666666666667,1.5702777777777779,0.14204936900177845,0.006073658294302057,0.027109157618709377,0.0010975043125777734,0.00030041176439172623,0.0028398925460497854,0.17523218491478987,0.042757376093842524,1.829268292682927,476967.8400849106,腰部普通,0
从夯到拉锐评近期爆火的智斗小曲,糖小冰official,日常,4540163,132999,530,1554,121609,9319,377,1167,2026-07-24 00:00:00,BV18Ag46HE8i,2026-07-26,48.0,2.0,0.029293882180001025,0.0020525694782323896,0.02678516167811596,0.00011673589692704865,0.0003422784600464785,8.303666630471196e-05,0.05813161333634938,0.0700681960014737,1.3316195372750643,2270081.5,超级爆款,1
智能变智障！低成本智能好物避坑指南！,哏工侃智能,家居房产,4240450,110609,1429,323,24695,2514,865,102,2026-07-20 12:00:00,BV1zRKz68Eeq,2026-07-26,132.0,5.5,0.026084259925243783,0.0005928616066691035,0.005823674374181986,0.0003369925361695103,7.61711610796024e-05,0.00020398778431534388,0.03250079590609487,0.022728711045213318,3.1666666666666665,770990.9090909091,腰部普通,0
徒步到山里没地方住，竟然发现了寺庙,拉宏桑,日常,934967,67190,1643,3867,4031,12488,1481,916,2026-07-24 11:35:21,BV1kqgv6cE6M,2026-07-26,36.410833333333336,1.5171180555555557,0.07186349892563053,0.0133566211427783,0.00431138211295158,0.0017572812730288876,0.00413597485258838,0.0015840131255969463,0.08953150218136041,0.18586099121893138,4.221615720524017,616278.3420685235,腰部普通,0
疯狂屠杀，真案改编！令人窒息的双面杀手，每一个镜头都是细节！万字细嗦《悬案》第二案（P1）,不善言辞的秃秃,影视杂谈,1157635,22996,474,1808,10009,7275,2243,1842,2026-07-23 09:15:00,BV1kFgD6rEYr,2026-07-26,62.75,2.6145833333333335,0.019864637817619542,0.006284364242615332,0.008646075835647677,0.0004094554846734938,0.0015618048866870818,0.001937570996039339,0.034795077895882556,0.3163593668464081,0.9815418023887079,442760.796812749,腰部普通,0
【短的发布会】余总+M8+乾崑智驾，这难道才是华为纯种M8？,短的发布会,新能源车,688015,12459,724,670,2679,2628,1384,295,2026-07-24 15:09:18,BV14ngY6PEmg,2026-07-26,32.845,1.3685416666666665,0.018108616817947284,0.0038196841638627067,0.0038938104547139234,0.0010523026387506086,0.0009738159778493201,0.0020115840497663567,0.025822111436523913,0.21093185648928486,2.2711864406779663,502735.8806515452,腰部普通,0
【漫士】所以，到底什么是三维挂谷猜想？难在哪？,漫士沉思录,科学科普,806794,43617,3978,3733,20140,18229,6200,2172,2026-07-24 08:11:08,BV1regY6sEVx,2026-07-26,39.81444444444445,1.6589351851851852,0.05406212738319819,0.02259436733540408,0.024963001707994852,0.004930626653148139,0.004626955579739066,0.007684737367903083,0.10161949642659712,0.41793337460164615,1.7186924493554327,486332.4421622527,腰部普通,0
买了直角三通才发现水流受阻？教你自己锯个Y型斜三通，热烤扩孔刷胶，比买的还结实！#PVC水管修补 #水工技巧 #硬核手艺 #居家维修,三一电工,手工,1222384,6837,420,159,841,674,186,82,2026-07-21 15:41:36,BV1X5KY6YEi3,2026-07-26,104.30666666666667,4.346111111111111,0.0055931687587533864,0.0005513815625858978,0.0006879998429298813,0.0003435908846974437,0.00013007369206403225,0.0001521616775088679,0.006832550164269166,0.09858124908585637,1.9390243902439024,281259.26115301036,腰部普通,0
给“腰”加亿点难度,街健呆木头,健身,3244874,98663,2398,600,2444,2407,811,23,2026-07-22 06:32:28,BV1q7gr6MEcp,2026-07-26,89.4588888888889,3.727453703703704,0.030405803122093494,0.0007417853512956127,0.0007531879512116649,0.000739011745910627,0.00018490702566571152,0.00024993266302482007,0.03190077642460077,0.024396176884951805,26.08695652173913,870533.6827593059,腰部普通,0
地球online之我有空间系异能 尝试am手搓之 原创ins:@wxll.hx,渔瑶苒,日常,776222,135360,0,2067,22936,3301,865,13,2026-07-23 13:06:08,BV1RRgx6oEBj,2026-07-26,58.897777777777776,2.454074074074074,0.1743831017415121,0.004252649370927389,0.02954824779508955,0.0,0.002662897985370165,0.0011143719193735812,0.20818399890752903,0.024386820330969266,159.0,316299.3359492907,腰部普通,0
真人歌单｜在暴雨中连唱8首！？清新氧气の雨中小曲,捡猫怪,翻唱,203228,19666,361,174,7093,2545,218,1663,2026-07-24 10:34:41,BV1wmga6oEQn,2026-07-26,37.42194444444444,1.559247685185185,0.09676816186745921,0.012522880705414609,0.03490168677544433,0.001776330033263133,0.0008561812348692109,0.0010726868344913102,0.14419272934831814,0.12941116648021966,0.10463018641010223,130337.21449832615,尾部低播放,0
张远【歌手2026】《第一次做人》舞台,张远Bird,音乐现场,142082,4326,1135,983,2007,3772,707,288,2026-07-24 15:04:22,BV1Rtge67EqL,2026-07-26,32.92722222222222,1.3719675925925925,0.030447206542700694,0.026548049717768613,0.014125645753860447,0.007988344758660492,0.006918539998029307,0.004975999774777945,0.07112090201432976,0.8719371243643088,3.4131944444444446,103560.75520086386,尾部低播放,0
监考小风波,脱缰凯Kk,小剧场,1382137,126490,2962,3929,11210,4553,1513,311,2026-07-24 10:00:03,BV18Yga6TExV,2026-07-26,37.99916666666667,1.5832986111111111,0.09151770048844651,0.003294174166526184,0.008110628685868333,0.002143058177300803,0.0028426993850826656,0.001094681641544941,0.10292250334084103,0.035994940311487075,12.633440514469454,872947.7751705081,腰部普通,0
第二集 家人们 | GTA SA 真人版连续剧,薯条超人CCStray,单机游戏,2313903,104764,2092,1764,30372,37367,6824,430,2026-07-20 05:21:38,BV1CFK26nEP6,2026-07-26,138.63944444444445,5.776643518518519,0.04527588235116165,0.01614890511832173,0.01312587433440382,0.0009041001286570785,0.0007623482920416283,0.0029491296739750975,0.0745506618038872,0.35667786644267113,4.102325581395349,400561.8474780706,腰部普通,0
【人脑虫巢】印度回来44天脑里发现虫卵，这是他吃完脆球身体发生的变化。。。。,郑郑得证,人文历史,678447,19293,3010,3532,4701,864,2437,669,2026-07-24 03:30:00,BV1pKgX6LEyU,2026-07-26,44.5,1.8541666666666667,0.02843700392219289,0.0012734966769696085,0.006929060044483947,0.004436603006572363,0.005206007248908168,0.0035920270853876573,0.03663956064364644,0.04478308194682009,5.279521674140509,365904.0,腰部普通,0
点击即玩世界上最爽的哈基米模拟器 【B站AI创造公开赛】,马克杯MarkCup,汪星人,2115100,108426,3402,1033,49972,26492,12436,186,2026-07-20 08:30:00,BV1kNKU6REBg,2026-07-26,135.5,5.645833333333333,0.05126282445274455,0.01252517611460451,0.023626306084818683,0.0016084345893811168,0.0004883929837832727,0.0058796274407829415,0.08741430665216775,0.24433254016564293,5.553763440860215,374630.25830258307,腰部普通,0
她们是女同事吗？,浑元Rysn,仿妆cos,1088593,57787,704,397,11309,3614,1458,201,2026-07-21 08:00:00,BV17EKt6xE1P,2026-07-26,112.0,4.666666666666667,0.053084118674288736,0.003319881718879324,0.010388639280245233,0.0006467063447955296,0.0003646909359145245,0.0013393435379430146,0.0667926396734133,0.06254001765102878,1.9751243781094527,233269.92857142855,尾部低播放,0
Verity 官方配音演员回答网友最想知道的问题,JustWhispy,单机游戏,716514,89508,4086,10815,34992,20955,1310,792,2026-07-24 05:14:18,BV19Pgh6TEzC,2026-07-26,42.76166666666666,1.781736111111111,0.12492149490449593,0.029245764911781207,0.04883644981116908,0.005702610137415319,0.015093913028914998,0.0018282964464057924,0.2030037096274462,0.23411315189703713,13.655303030303031,402143.7268581674,腰部普通,0
一场四驱老子、四驱小子和四驱妈妈之间的混战，在温榆河打响,大石碎钢蛋,出行,366696,20123,1464,777,3552,1841,3746,299,2026-07-24 13:11:03,BV1Dqge63EWL,2026-07-26,34.81583333333333,1.4506597222222222,0.05487651896939154,0.005020507450313066,0.009686497807448131,0.003992407880096865,0.0021189213953792785,0.010215546392652224,0.06958352422715273,0.09148735278040053,2.5986622073578594,252778.783599416,腰部普通,0
我的克罗地亚奇遇之旅，还要从一团泥巴开始说起,食贫道,日常,1119792,46368,1081,9055,9893,18037,1368,3584,2026-07-24 10:45:22,BV1fdga6nEqE,2026-07-26,37.24388888888889,1.5518287037037037,0.04140768999957135,0.016107455670338777,0.00883467643991027,0.0009653578521725463,0.0080863231743038,0.0012216554502979125,0.06634982210982039,0.38899672187715667,2.5265066964285716,721595.1073255866,腰部普通,0
成吉思鸡套餐！鸡佬的成吉思鸡套餐，吃了有力气,干饭三健客,美食记录,1632273,92359,1558,1116,8181,3836,3054,214,2026-07-23 09:00:00,BV1XQgy6rEUG,2026-07-26,63.0,2.625,0.05658305932892353,0.0023500970732224327,0.005012029237756184,0.0009544971950157848,0.0006837091589458381,0.0018710105478679118,0.06394518563990215,0.04153358091793978,5.214953271028038,621818.2857142857,腰部普通,0
第一集 重返洛圣都 | GTA SA 真人版连续剧,薯条超人CCStray,单机游戏,1385199,45537,1002,741,17229,12732,6354,203,2026-07-20 05:13:50,BV1CcK26SEPm,2026-07-26,138.76944444444445,5.782060185185185,0.032873976952048044,0.009191459133308644,0.012437924081666244,0.0007233617696807463,0.000534941188955522,0.004587066551448565,0.05450336016702293,0.27959681138414916,3.6502463054187193,239568.4160377925,尾部低播放,0
《海战模拟器》,马鹿blyat,极客DIY,3265431,339847,6034,2413,61297,39286,18600,83,2026-07-23 04:00:00,BV1CTgC6XEEV,2026-07-26,68.0,2.8333333333333335,0.10407416356370722,0.012030877394132658,0.01877148835789211,0.0018478418315989527,0.0007389529896666015,0.00569603216236999,0.134876529315732,0.11559907840881338,29.072289156626507,1152505.0588235294,腰部普通,0
穿越回100年前，看看苏联建筑到底有多超前！？,-欣小萌-,出行,1702341,138617,2447,2058,38340,19747,5941,1248,2026-07-23 09:00:00,BV1UMgS6jE9g,2026-07-26,63.0,2.625,0.08142728160809144,0.011599908596456291,0.02252192715795484,0.0014374323358246086,0.0012089234765537574,0.0034899000846481403,0.11554911736250258,0.1424572743602877,1.6490384615384615,648510.8571428572,腰部普通,0
一条老奶奶,青浦模子,绘画,7377426,381387,6030,4125,48125,8726,16887,214,2026-07-21 10:00:00,BV17rKb68EQ7,2026-07-26,110.0,4.583333333333333,0.05169648601016127,0.001182797360488604,0.006523277902075873,0.0008173582493406237,0.0005591381058922177,0.002289009744048941,0.059402561272725744,0.02287964718252064,19.27570093457944,1609620.2181818183,头部爆款,1
谁能想到？我和亚当聊了半小时老鼠干、MBTI、中国歌手...还有全新原创音乐专辑！！,张尔达,校园学习,243230,6097,227,344,1866,1249,215,1801,2026-07-23 09:00:00,BV1eHgD64EwW,2026-07-26,63.0,2.625,0.02506680919294495,0.005135057353122559,0.0076717510175554,0.00093327303375406,0.0014142992229576943,0.000883937014348559,0.03787361756362291,0.20485484664589143,0.19100499722376457,92659.04761904762,尾部低播放,0
刚买的李子丢进水里，直接长出了一层透明壳？？,毕的二阶导,科学科普,5351728,138523,2240,2122,25878,8886,2181,190,2026-07-23 03:01:29,BV1d7gD6FE1J,2026-07-26,68.97527777777778,2.873969907407407,0.025883789310667506,0.001660398286310515,0.004835447541429609,0.00041855639897991827,0.000396507445819369,0.00040753192239964363,0.03237963513840763,0.0641481919969969,11.16842105263158,1862137.799775282,头部爆款,1
洗不掉了，喜提贝利亚永久皮肤,牛战士历险记本人,手工,3327314,190836,6844,1042,17936,6050,20887,40,2026-07-24 09:00:18,BV18LgY6qEav,2026-07-26,38.995,1.6247916666666666,0.05735437052228915,0.0018182834562653239,0.0053905342267065864,0.002056914375980145,0.0003131655142856971,0.0062774357935560035,0.06456318820526107,0.031702613762602444,26.05,2047840.3897935634,头部爆款,1
双直播养女儿；4000人在线的赛博过家家,觅2,同人·手书,876736,100334,2918,976,18326,9321,5394,322,2026-07-24 13:13:10,BV1Sqge63Eao,2026-07-26,34.78055555555556,1.449189814814815,0.11444037885977079,0.010631478575078472,0.020902529381706694,0.0033282538871450473,0.0011132199430615374,0.006152365136141324,0.14597438681655595,0.09289971495206012,3.031055900621118,604983.5508345978,腰部普通,0
匹诺曹：自己人啊大哥！！！,马刀刻森,同人·手书,1534955,67772,659,1129,7306,6847,738,676,2026-07-23 10:00:00,BV1gAgS6DEAx,2026-07-26,62.0,2.5833333333333335,0.04415243443618868,0.0044607170894260745,0.004759748657126756,0.00042932854709095704,0.000735526448658104,0.0004807958539501158,0.05337290018274151,0.10102992386236204,1.6701183431952662,594176.1290322581,腰部普通,0
我的世界硬核生存！【缆车末日惊变100天】 p1 我被困在了充满丧尸的1千米高空缆车上！该如何生存？！！,Q弹的果冻c,单机游戏,6406483,311564,1562,8945,270505,64648,5698,1614,2026-07-21 07:39:13,BV1kbKb6qEba,2026-07-26,112.3463888888889,4.681099537037038,0.04863261168413309,0.010091028103875403,0.04222363502720603,0.0002438155224949477,0.0013962419005872646,0.0008894115538900204,0.10094727481521452,0.20749508929144575,5.542131350681537,1368585.0833360117,头部爆款,1
足球主题皮肤，大招飞踢射门，自制孙尚香世界杯主题新皮肤！,王者人格小A,电子竞技,1226066,28213,1473,461,1718,940,1387,97,2026-07-24 15:17:17,BV1BMgq6ZEwR,2026-07-26,32.71194444444444,1.362997685185185,0.023010996145395108,0.0007666797709095595,0.0014012296238538546,0.001201403513350831,0.0003759993344567095,0.001131260470480382,0.025178905540158524,0.03331797398362457,4.752577319587629,899536.3773001707,腰部普通,0
在超市后门吃成吉思鸡的二人,ByeByeBlueBerry,影视剪辑,935601,66731,2028,575,17908,2455,9190,116,2026-07-22 10:00:00,BV1DSK46LEgx,2026-07-26,86.0,3.5833333333333335,0.07132420764834582,0.002623981804209273,0.019140637942883773,0.0021675906716645235,0.0006145782229818053,0.009822563250787461,0.09308882739543886,0.0367894981343004,4.956896551724138,261097.9534883721,腰部普通,0
时隔六年，我重回荒岛打算一一解开当年的谜题，并且找到我的兄弟,东穆-,单机游戏,1198797,68461,1015,662,52564,6122,623,366,2026-07-24 10:04:57,BV1rXga6pEEC,2026-07-26,37.9175,1.5798958333333333,0.057108084187731535,0.005106786219852068,0.043847290241800736,0.0008466821321708346,0.0005522202674848202,0.0005196876535393398,0.10606216064938434,0.08942317523845693,1.8087431693989071,758782.3036856333,腰部普通,0
反向旅游 河南鹤壁！这次旅行将返璞归真,杨一垚1,出行,567985,28429,996,899,1632,3694,514,1085,2026-07-24 11:34:26,BV1nqgv6cESa,2026-07-26,36.42611111111111,1.5177546296296296,0.05005237814378901,0.006503692879213359,0.0028733153164256097,0.0017535674357597472,0.0015827882778594504,0.0009049534758840463,0.05942938633942798,0.12993773963206584,0.8285714285714286,374227.1569539555,腰部普通,0
上课打游戏 期末考段位？电竞专业真有这么爽吗？,落九川,搞笑,1676847,28505,2154,1384,4513,1894,2365,491,2026-07-23 10:00:00,BV19rgQ6aEF4,2026-07-26,62.0,2.5833333333333335,0.016999165696095112,0.0011295007833153532,0.002691360630993764,0.0012845536891558978,0.000825358544935823,0.0014103850858188016,0.02082002711040423,0.06644448342396071,2.8187372708757636,649102.064516129,腰部普通,0
同时让10000入侵物种，进行大混战，最终能否决出入侵之王？！,蔡武年,小宠异宠,2487887,55109,1072,949,34680,10341,567,537,2026-07-24 08:00:00,BV1sogS6yEpm,2026-07-26,40.0,1.6666666666666667,0.022150925665032215,0.004156539264042137,0.013939539858522513,0.0004308877372645944,0.00038144819278367547,0.0002279042416315532,0.040247004787596866,0.18764630096717413,1.7672253258845438,1492732.2,头部爆款,1
“弦起敦煌，壁画再世！”【鸿音】,紫颜-小仙紫,日常,1011853,30202,801,1511,18388,8762,3634,187,2026-07-24 09:07:59,BV1bLgY6qE96,2026-07-26,38.86694444444444,1.6194560185185185,0.029848209176629413,0.008659360598822162,0.018172600170182823,0.0007916169641242354,0.0014932999160945314,0.0035914307710705013,0.05668016994563439,0.29011323753393814,8.080213903743315,624810.423024421,腰部普通,0
你的意思是你杀了他养了一整局的鼠？,Ricky捏,搞笑,1374121,94404,2006,999,29045,20957,1908,298,2026-07-23 14:19:04,BV1xhgx65EM6,2026-07-26,57.68222222222222,2.403425925925926,0.0687013734598336,0.015251204224373253,0.021137148766375013,0.0014598423282956886,0.0007270102123466565,0.0013885240091665871,0.10508972645058186,0.221992712173213,3.3523489932885906,571734.2836229148,腰部普通,0
【第48版】如果“豆包”死掉你会怎样-【AI全民制作人】,牛斗niudous,影视剪辑,1843951,126324,3341,763,42620,32164,7165,436,2026-07-21 11:25:00,BV16EK86PEME,2026-07-26,108.58333333333333,4.524305555555555,0.06850724341373496,0.01744297977549295,0.02311341244968006,0.0018118702720408514,0.00041378539885278946,0.003885678090144478,0.10906363563890797,0.2546151166840822,1.75,407565.5318495779,腰部普通,0
越清越多，难度持续升级，崩溃值已达临界点,马俐管家,家居房产,944284,63212,2831,5932,21782,20593,3904,1573,2026-07-24 09:55:13,BV12Cga6bEgL,2026-07-26,38.07972222222222,1.5866550925925926,0.06694172515895641,0.021808057745339327,0.02306721283003842,0.002998038725637626,0.006282008378835181,0.004134349411829492,0.11181699573433417,0.3257767512497627,3.771137952956135,595141.3160985359,腰部普通,0
死肌肉真干不过种田的,朴男krisun,健身,2061480,52180,3484,881,1579,655,274,68,2026-07-24 10:07:56,BV16Xga6pE3G,2026-07-26,37.867777777777775,1.5778240740740739,0.025311911830335487,0.00031773289093272797,0.0007659545569202709,0.0016900479267322507,0.0004273628655140967,0.00013291421697033198,0.026395599278188485,0.012552702184745112,12.955882352941176,1306533.4937355127,头部爆款,1
到底在嗷呜什么啊喂！,神奇猫猫头,MAD·AMV,1983694,188101,3356,452,31931,3414,6352,67,2026-07-24 10:11:09,BV1nXga6WEiC,2026-07-26,37.814166666666665,1.5755902777777777,0.09482359678458471,0.0017210315703934174,0.01609673669426837,0.0016917931898770677,0.00022785772402396742,0.0032021067765492057,0.1126413650492465,0.018149823764892267,6.746268656716418,1259016.4003790468,头部爆款,1
请问哪一处会扣分？,阿汤哥1989,汪星人,2261338,217170,9671,3561,31980,11283,21866,148,2026-07-20 11:04:05,BV1bGKm6wEqK,2026-07-26,132.93194444444444,5.538831018518518,0.09603606360482157,0.004989523901336289,0.014142069871907694,0.004276671598849885,0.0015747314200707722,0.00966949655469461,0.11516765737806556,0.051954689874292026,24.06081081081081,408269.90251904173,腰部普通,0
《低山臭水遇知音》,伤心欲茄222,搞笑,5035358,370967,4337,1301,14897,6236,3312,110,2026-07-22 04:00:00,BV1YdKY6vEsR,2026-07-26,92.0,3.8333333333333335,0.07367241812796628,0.0012384422319128053,0.002958478821168227,0.0008613091661010001,0.0002583728902691725,0.000657748664543812,0.07786933918104731,0.016810120576762892,11.827272727272728,1313571.652173913,头部爆款,1
“人生不需要赢下每一场比赛”,CSGO国服,电子竞技,946120,71113,2086,270,15921,20117,4340,97,2026-07-24 11:00:00,BV1oogD6aEAM,2026-07-26,37.0,1.5416666666666667,0.07516277005031075,0.02126263053312476,0.01682767513634634,0.0022047943178455163,0.0002853760622331205,0.0045871559633027525,0.11325307571978184,0.2828877982928579,2.783505154639175,613699.4594594594,腰部普通,0
《我的花童弟弟》,住在楼上的阿美,亲子,1988436,92551,1114,2797,2622,1264,732,224,2026-07-23 07:51:27,BV18UgQ6oEHQ,2026-07-26,64.1425,2.6726041666666664,0.046544620998613985,0.0006356754755999188,0.0013186242856194517,0.0005602393036537259,0.0014066331528900101,0.0003681285190974213,0.04849892075983336,0.013657334874825771,12.486607142857142,744006.9220875396,腰部普通,0
线下面基摩洛哥女孩 联手整蛊我们的朋友！,路西法Lusiferr,搞笑,692432,16321,794,632,1983,1070,216,477,2026-07-24 12:00:00,BV1Sega6vEFC,2026-07-26,36.0,1.5,0.023570545555375834,0.0015452780922892066,0.0028638191187004645,0.0011466829955865702,0.0009127250040437183,0.0003119439887238025,0.027979642766365505,0.06555970835120398,1.3249475890985325,461621.3333333333,腰部普通,0
美国黑人区最廉价盒饭店！只要5块钱！猪排炸鸡排骨离谱！,子文又饿了,美食侦探,665700,29920,1041,2410,4308,4034,989,591,2026-07-24 09:00:00,BV1YPgh6TEWH,2026-07-26,39.0,1.625,0.04494517049722097,0.006059786690701517,0.006471383506083821,0.0015637674628210907,0.0036202493615742825,0.0014856541985879526,0.05747634069400631,0.13482620320855615,4.077834179357022,409661.53846153844,腰部普通,0
有高认知的父母能有多爽？,关注我必发财666,短片,474060,32764,671,501,6314,561,565,360,2026-07-24 08:04:35,BV1nvgY69Eym,2026-07-26,39.923611111111114,1.6634837962962965,0.06911361431042484,0.0011833945070244274,0.013318989157490612,0.001415432645656668,0.0010568282495886597,0.001191832257520145,0.08361599797493988,0.017122451471126846,1.3916666666666666,284980.23308401456,腰部普通,0
🚶AI小潮team在「反乌托邦」里「拼接遗憾」🚶/《反乌托邦·拼接版》,凌子崎,翻唱,274843,22452,311,215,17742,2866,240,115,2026-07-24 15:08:04,BV1Lxge6SEXN,2026-07-26,32.86555555555555,1.369398148148148,0.08169027408374963,0.010427771491360522,0.0645532176551704,0.0011315551060059744,0.0007822647838948054,0.0008732258052779223,0.15667126323028055,0.1276500979868163,1.8695652173913044,200703.49910409414,尾部低播放,0
《请批准吧神灯先生！》翻跳来了，我和我哥的,板栗只想睡觉,绘画,83645,18464,865,334,3792,1184,570,162,2026-07-20 16:08:51,BV1CnKs64EpP,2026-07-26,127.8525,5.3271875,0.22074242333672067,0.01415506007531831,0.04533444916014107,0.010341323450295894,0.00399306593340905,0.006814513718692091,0.28023193257218004,0.06412478336221837,2.0617283950617282,15701.531061183787,尾部低播放,0
惊悚冲击 - 奶奶 茜特菈莉,HauOwO-,日常,351831,34035,695,409,13831,7010,1931,161,2026-07-21 06:39:21,BV1gvK86pEgB,2026-07-26,113.34416666666667,4.722673611111111,0.09673678555897576,0.019924338673965626,0.0393114876176346,0.001975380225164923,0.0011624899454567676,0.005488430524882685,0.15597261185057598,0.2059644483619803,2.540372670807453,74498.26707741171,尾部低播放,0
德国最难建的车站在哪？【神奇组织52】,小约翰可汗,人文历史,2901792,173437,11688,21534,39244,69419,6300,2291,2026-07-23 03:00:00,BV1gGgk6hEU8,2026-07-26,69.0,2.875,0.05976892899284304,0.023922803564142434,0.013524056858658373,0.004027855890429087,0.007420931617428127,0.002171072220200483,0.09721578941564385,0.40025484758154256,9.399388913138367,1009318.9565217391,腰部普通,0
当劳斯销售到宝马上班…,劳斯磊,汽车生活,320284,17867,527,629,1190,534,821,166,2026-07-24 09:34:39,BV1Uzga6wE41,2026-07-26,38.4225,1.6009375,0.05578486593148581,0.0016672702976108704,0.0037154525358744114,0.0016454146944586679,0.0019638820546764744,0.0025633500268511696,0.06116758876497109,0.02988750209884144,3.789156626506024,200060.27718133907,尾部低播放,0
恭喜13年老弟喜提12年电脑,小白DIY电脑IT小卖部,数码,541797,21795,1560,1409,2262,1577,2581,709,2026-07-23 13:07:55,BV17bg46eELn,2026-07-26,58.86805555555556,2.4528356481481484,0.04022724378318817,0.0029106842599719083,0.004174995431868393,0.0028793071943919953,0.0026006050236527705,0.004763776838926757,0.04731292347502847,0.07235604496444138,1.9873060648801129,220885.97758641027,尾部低播放,0
一口气看完小娇妻Verity,挽风wink,单机游戏,2666203,90426,1163,7299,90192,14991,2064,3600,2026-07-22 08:30:00,BV1UJKb6CEPN,2026-07-26,87.5,3.6458333333333335,0.03391564708313658,0.005622602630032297,0.03382788182295197,0.00043620084442182384,0.00273760100037394,0.0007741346026540365,0.07336613153612084,0.165781965363944,2.0275,731301.3942857143,腰部普通,0
人类最黑暗的未来，被外星人改造成各种扭曲抽象形态，所有的明天,游戏小说家,人文历史,3560447,90496,2225,964,47044,2276,1392,625,2026-07-24 10:00:00,BV1JBgY6QELV,2026-07-26,38.0,1.5833333333333333,0.02541703331070509,0.000639245577872666,0.013212947700106194,0.0006249215337287706,0.00027075252068068983,0.00039096214604514545,0.039269226588683946,0.0251502828854314,1.5424,2248703.3684210526,超级爆款,1
冬天泡温泉，夏天就要泡冷泉！,阿星去玩了,出行,1182081,50089,89,22,68798,6084,820,334,2026-07-24 11:35:48,BV1B1gv6REFa,2026-07-26,36.403333333333336,1.5168055555555557,0.04237357676842788,0.005146855418537309,0.05820074935643158,7.52909487590106e-05,1.8611245760654305e-05,0.0006936918874425695,0.10572118154339677,0.12146379444588633,0.0658682634730539,779322.699386503,腰部普通,0
多动症版甄嬛传3-阖宫觐见一家亲【AI全民制作人】,泰裤辣C总,影视杂谈,1385478,39756,547,551,6561,6336,4573,206,2026-07-23 13:04:36,BV1Xogx6xE5W,2026-07-26,58.92333333333333,2.455138888888889,0.02869478981261341,0.004573150926972496,0.0047355497525041895,0.0003948095891814955,0.00039769667941317005,0.0033006659073619355,0.03800349049209009,0.15937217023845457,2.674757281553398,564317.5651977145,腰部普通,0
旭旭宝宝争议事件：掉粉近80万，他错在哪一步？,唯一讲述者,网络游戏,1442913,45997,6421,18425,7628,5434,2757,1116,2026-07-24 10:50:55,BV1pvgv6aEaL,2026-07-26,37.15138888888889,1.547974537037037,0.03187787482682601,0.0037659928214660203,0.005286528016588665,0.00445002574652803,0.012769307643634787,0.0019107181098236693,0.040930395664880694,0.11813813944387677,16.509856630824373,932129.6736326591,腰部普通,0
刚出半天就有四段天才了？！！！,叶忍菌,手机游戏,1122494,94294,1026,2250,8365,7903,3464,94,2026-07-24 10:58:57,BV14sgv6uEar,2026-07-26,37.0175,1.5423958333333332,0.08400401249360798,0.007040572154505948,0.00745215564626626,0.0009140360661170572,0.0020044650572742483,0.003085985314843554,0.09849674029438019,0.08381233164358283,23.93617021276596,727760.0054028501,腰部普通,0
乌克兰大变天了,燕三嘤嘤嘤,人文历史,1930254,112787,7297,11746,16651,25139,1612,1142,2026-07-24 03:50:00,BV1Lugx6bEfn,2026-07-26,44.166666666666664,1.8402777777777777,0.05843117019832623,0.013023674604482104,0.008626325861777777,0.003780331500413935,0.006085209511287115,0.0008351232532091632,0.08008117066458612,0.2228891627581193,10.285464098073556,1048892.7396226416,腰部普通,0
你是说这条手势舞价值五位数吗,云在在子,仿妆cos,581317,59327,454,54,6399,1461,139,28,2026-07-23 08:32:19,BV1EbgQ6zEvs,2026-07-26,63.46138888888889,2.644224537037037,0.10205619309258115,0.0025132586867406253,0.011007763406196618,0.0007809852455716933,9.289251819575206e-05,0.00023911222276313957,0.1155772151855184,0.024626224147521365,1.9285714285714286,219844.03815093168,尾部低播放,0
每晚十点固定死亡！该如何逃离这恐怖的死亡循环？！,盒子酸奶,单机游戏,2535254,80811,720,2589,54286,7129,546,1168,2026-07-24 09:30:00,BV1EBgY6QENH,2026-07-26,38.5,1.6041666666666667,0.03187491273063764,0.002811947047514766,0.021412450192367313,0.00028399521310290804,0.0010211994537825402,0.0002153630366030386,0.05609930997051972,0.08821818811795423,2.216609589041096,1580418.0779220778,头部爆款,1
臭企鹅教你在外面白嫖  【B萌应援】,陪穗看烟花,鬼畜调教,598065,84173,3724,275,21907,8103,16505,66,2026-07-30 17:18:03,BV1743h6LEsX,2026-08-02,54.69916666666666,2.2791319444444444,0.1407422270154582,0.01354869453989115,0.03662979776445704,0.006226747928736843,0.0004598162407096219,0.027597334737862942,0.19092071931980636,0.09626602354674302,4.166666666666667,262409.11653133045,腰部普通,0
庆祝中国人民解放军建军99周年微视频《向百年》,央视新闻,日常,648932,93496,1869,2718,10735,19996,5571,208,2026-07-31 23:30:00,BV114Gw61E75,2026-08-02,24.5,1.0208333333333333,0.14407672914881683,0.030813706212669434,0.01654256532271486,0.002880116868947748,0.004188420358373451,0.008584874840507172,0.1914330006842011,0.2138701120903568,13.067307692307692,635688.4897959185,腰部普通,0
请查收！夏日贴贴 【绝区零生日会】,叶玲秋雨,手机游戏,346724,57302,611,404,14285,14712,1018,176,2026-07-30 12:30:00,BV1cD3i6NEsF,2026-08-02,59.5,2.4791666666666665,0.16526689816684165,0.042431444030410354,0.041199916936814296,0.0017622085578154383,0.0011651919105686367,0.002936052883561565,0.2488982591340663,0.25674496527171825,2.2954545454545454,139855.05882352943,尾部低播放,0
互联网上的富婆已经泛滥了......,铁柱大导演,日常,1060120,35958,3564,5480,4728,2625,7268,298,2026-07-30 04:22:15,BV1hD3x6WEkU,2026-08-02,67.62916666666666,2.8178819444444443,0.03391880164509678,0.0024761347771950345,0.0044598724672678565,0.0033618835603516583,0.005169226125344301,0.006855827642153718,0.040854808889559675,0.07300183547472051,18.389261744966444,376211.6443842031,腰部普通,0
電脳殺意 (cyber_bloodlust) / Neru feat. 重音テト、音街ウナ、鏡音レン,Neru_Official,VOCALOID·UTAU,166106,41500,2838,857,21851,13468,6119,148,2026-07-31 10:00:00,BV1oQ316sEmV,2026-08-02,38.0,1.5833333333333333,0.2498404633186038,0.08108075566204713,0.1315485292524051,0.017085475539715605,0.005159356073832372,0.0368379227722057,0.462469748233056,0.3245301204819277,5.79054054054054,104909.05263157895,尾部低播放,0
一只老鼠遇到我家六只猫和一条狗，结局万万没想到啊,猫小哥i,喵星人,1329166,47608,9005,9852,5364,1528,4372,512,2026-07-28 11:00:18,BV1773B6vEZM,2026-08-02,108.995,4.541458333333334,0.03581794899959825,0.0011495930530874248,0.004035613309398525,0.006774925028175563,0.007412166727105569,0.0032892806466611395,0.041003155362084195,0.03209544614350529,19.2421875,292673.8290747282,腰部普通,0
1.6亿Token只花9块！DeepSeek V4 Flash实测：梁圣，还是梁子？,神烦老狗,软件应用,343473,8865,2149,969,2578,876,1178,825,2026-07-31 22:21:06,BV1oLGM67EML,2026-08-02,25.648333333333333,1.0686805555555556,0.025809888986907267,0.0025504188102121565,0.007505684580738515,0.006256678108614069,0.002821182451022351,0.0034296727835957993,0.03586599237785794,0.09881556683587141,1.1745454545454546,321399.12924816424,腰部普通,0
吸血鬼爱上“人类 ”...可谁是谁的猎物？,不爱吃榴莲的Nana,美妆护肤,716486,56790,283,44,17780,2164,394,77,2026-07-30 09:27:16,BV1oA3t6PETp,2026-08-02,62.54555555555555,2.6060648148148147,0.07926184182245012,0.0030202962793411175,0.024815558154660383,0.00039498329346281715,6.141083007902457e-05,0.0005499060693439928,0.10709769625645163,0.03810530022891354,0.5714285714285714,274930.23040983465,腰部普通,0
横跨18年，这或许是宝可梦史上最难获取的精灵【游戏考古】,33不是山山,单机游戏,576952,64086,1873,1886,16329,29208,1951,1515,2026-07-31 01:29:00,BV1oK3a6mEaq,2026-08-02,46.516666666666666,1.9381944444444443,0.11107683134818841,0.05062466201694422,0.028302181117319986,0.0032463705819548248,0.003268902785673678,0.003381563804267946,0.19000367448245262,0.45576256904784196,1.2448844884488448,297674.98387674673,腰部普通,0
蔡徐坤又被“玩坏了”，《Jumpstyle》舞蹈火遍全网，几天就35亿播放,音乐Wu哥,乐评盘点,916338,18478,2309,2050,2069,521,1231,196,2026-07-28 09:09:30,BV1mg3v6kEiP,2026-08-02,110.84166666666667,4.618402777777778,0.02016504826821544,0.0005685674936540884,0.0022579004690408996,0.0025198125582481575,0.0022371657619786587,0.001343390757558892,0.02299151623091043,0.028195692174477757,10.459183673469388,198410.15262010373,尾部低播放,0
【TF家族】《2026TF家族运动会》Day2（下）,TF家族,明星综合,1252023,38869,3698,481657,23011,4128,738,7737,2026-07-30 10:30:02,BV1iE346NE1o,2026-08-02,61.49944444444444,2.562476851851852,0.031044956841847153,0.003297064031571305,0.018379055336842854,0.0029536198616159606,0.384702996670189,0.0005894460405280094,0.052721076210261314,0.10620288661915665,62.25371591055965,488598.75518297363,腰部普通,0
看我非洲文明施展连环妙计！【帝国时代4】,DarkCarrot,电子竞技,649985,57016,1961,2464,10489,26472,1641,1005,2026-07-31 10:44:00,BV1FiGw66ENw,2026-08-02,37.266666666666666,1.5527777777777778,0.08771894736032369,0.040727093702162355,0.016137295476049446,0.0030169926998315348,0.0037908567120779712,0.002524673646314915,0.1445833365385355,0.4642907254104111,2.451741293532338,418594.99105545616,腰部普通,0
这些水果全都不能吃，告诉你家老人和孩子！,万物研究所-6,三农,2216044,44055,473,306,24724,1416,4171,70,2026-07-29 08:32:18,BV1rB3C6xEoc,2026-08-02,87.46166666666667,3.6442361111111112,0.01988002043280729,0.0006389764824164141,0.011156818185920497,0.00021344341538344906,0.00013808390086117423,0.00188218284474496,0.0316758151011442,0.03214164113040518,4.371428571428571,608095.6152219067,腰部普通,0
【TF家族练习生】《突围II破局》EP05：你的位置，决定了你有多少选择（下）,TF家族,明星综合,3189002,104215,8741,2109311,42921,12063,2927,5015,2026-07-26 11:00:00,BV1QR3E6qEAF,2026-08-02,157.0,6.541666666666667,0.03267950286641401,0.003782688126253919,0.013459069639968868,0.002740982915658253,0.661432949869583,0.0009178420082521114,0.04992126063263679,0.115751091493547,420.60039880358926,487490.75159235665,腰部普通,0
新宿街头惊现Papi酱《生气了》日文版，火到日本了？,樱萍Apple,日常,1957815,42672,1193,1704,4215,6842,4017,99,2026-07-29 06:35:24,BV1a53r6PEGz,2026-08-02,89.41,3.7254166666666664,0.021795726358210556,0.00349471221744649,0.0021529102596517034,0.0006093527733723565,0.0008703580266776993,0.002051777108664506,0.02744334883530875,0.16033933258342706,17.21212121212121,525529.1354434628,腰部普通,0
怎么打半天破不了防啊！,全网最傻的咕嘎,日常,293764,19001,487,396,5033,4585,1180,353,2026-07-31 02:00:00,BV1hF3Y6rEqy,2026-08-02,46.0,1.9166666666666667,0.06468117264198472,0.015607766778774798,0.017132800479296304,0.0016577933307008346,0.0013480208602824036,0.004016829836195041,0.09742173990005583,0.2413030893110889,1.1218130311614731,153268.17391304346,尾部低播放,0
AI重现“救援航母”转运受困师生！,人民日报,日常,5843878,163415,881,421,88384,13825,414,181,2026-07-27 13:39:04,BV1ap3w6xEdE,2026-08-02,130.3488888888889,5.431203703703704,0.027963451666855467,0.002365723582867404,0.015124203482687353,0.0001507560561668125,7.204120277664934e-05,7.084336805114686e-05,0.045453378732410225,0.08460055686442493,2.3259668508287294,1075982.1061424892,腰部普通,0
【游戏耳机推荐2026】8月实测合集！头戴式耳机/入耳式游戏耳机/有线耳机/游戏耳机推荐！含游戏实战听音测试！小白选购避坑指南！建议收藏！,电光球球,日常,876881,26838,597,520,6967,5902,847,1121,2026-07-27 13:10:56,BV1dL3w6FEnw,2026-08-02,130.8177777777778,5.450740740740741,0.030606205403013637,0.006730673831454895,0.007945205791891945,0.0006808221412027401,0.0005930109102603432,0.0009659235403663667,0.045282085026360476,0.21991206498248753,0.463871543264942,160873.73105931914,尾部低播放,0
酒精与饮品,TNT_indiedev,单机游戏,1496436,80879,1437,253,24200,4881,3761,107,2026-07-27 08:36:51,BV1qQ3F6oEYL,2026-08-02,135.38583333333332,5.641076388888888,0.054047750789208496,0.003261749917804704,0.0161717574289846,0.0009602816291508625,0.00016906837312120264,0.0025133049458847556,0.0734812581359978,0.06034941084830426,2.364485981308411,265274.90443978016,腰部普通,0
一直被挑衅，我真的忍不了了！！,小小小思源哎,美妆护肤,2169466,73590,3556,2678,7746,1209,2667,175,2026-07-27 07:04:22,BV1UT3c62ELm,2026-08-02,136.9272222222222,5.7053009259259255,0.0339207897242916,0.0005572799942474324,0.003570463883739132,0.0016391130351893046,0.0012344051485480758,0.0012293347763919784,0.03804853360227817,0.016428862617203423,15.302857142857142,380254.4384892218,腰部普通,0
全新开箱！我居然买到了德军的HK G28精确射手步枪？,JaegerZ999官方账号,科工机械,5149985,152339,3463,3059,70992,17729,9592,439,2026-07-27 11:53:18,BV1ry3w6gEns,2026-08-02,132.11166666666668,5.504652777777778,0.029580474506236427,0.0034425342986435883,0.01378489451911025,0.0006724291429975039,0.0005939823125698425,0.001862529696688437,0.04680790332399026,0.11637860298413406,6.968109339407745,935569.4551326529,腰部普通,0
9800X3D卡顿、抽帧排查实录：帧数很高，游戏为什么还是卡？,51972,数码,342259,20239,5502,2878,7919,16365,3880,1463,2026-07-31 06:36:42,BV189GF6JE5e,2026-08-02,41.388333333333335,1.724513888888889,0.05913358012499306,0.047814666670562354,0.02313744854043283,0.01607554512810474,0.008408836582821782,0.011336444037994619,0.13008569533598824,0.8085873807994466,1.9671907040328094,198466.94318044538,尾部低播放,0
快来听听早上叫你起床的是哪位？请问噪鹃可曾给短视频录过bgm,快看,亲子,2044989,140351,179,0,44729,4107,6320,59,2026-07-30 03:19:47,BV1i63x6cE9b,2026-08-02,68.67027777777778,2.8612615740740743,0.06863166501140104,0.0020083237611547055,0.02187248928967344,8.753103317426157e-05,0.0,0.003090481171292364,0.09251247806222919,0.029262349395444278,0.0,714715.8507036442,腰部普通,0
Papi酱《生气了》日语版，70年代昭和演歌风格（重新填词）,梨茗子,MV,1912132,46131,1042,560,10312,4639,7344,215,2026-07-27 10:18:41,BV1KDgf6zEtP,2026-08-02,133.6886111111111,5.570358796296296,0.02412542648729272,0.0024260877387125993,0.005392933123863834,0.0005449414580164968,0.00029286681045032455,0.0038407390284771136,0.03194444734986915,0.10056144458173462,2.604651162790698,343269.0909015353,腰部普通,0
【TF家族】《2026TF家族运动会》Day1（下）,TF家族,明星综合,2351795,62806,7137,651804,38521,6831,1538,7086,2026-07-29 10:02:32,BV1mt3C6AE3n,2026-08-02,85.95777777777778,3.5815740740740742,0.02670555894540128,0.002904589898354236,0.016379403817084397,0.00303470327983519,0.27715170752552837,0.0006539685644369514,0.045989552660839914,0.1087634939337006,91.98475867908552,656637.2637729117,腰部普通,0
“我说寒山别哭，我带你出”|《游山恋Dj0.8X》,音乐收藏峰,音乐综合,678917,86669,2043,631,8386,4473,499,224,2026-07-30 14:09:00,BV1KC3b6dEF5,2026-08-02,57.85,2.410416666666667,0.12765772546570495,0.0065884342268642555,0.012352025358033456,0.003009204365187497,0.0009294214167563929,0.0007349941156282727,0.14659818505060265,0.051610148957528065,2.8169642857142856,281659.6024200518,腰部普通,0
揭秘中国普通话最标准的地方，不是北京，竟是个村子？,YuncoJoey,出行,290459,8611,1170,1249,2785,1690,412,705,2026-07-31 09:00:00,BV1Qk3y6rE2Z,2026-08-02,39.0,1.625,0.029646180700202095,0.005818377120350893,0.00958827235513446,0.0040281072371660025,0.004300090546342169,0.0014184445997541821,0.045052830175687446,0.19626059691092787,1.7716312056737589,178744.0,尾部低播放,0
卢本伟的打牌日记1|输了有惩罚之骨头咔嗒响,三国百将牌,桌游棋牌,1863555,28646,1248,885,4786,9564,12128,635,2026-07-29 02:55:00,BV1G23q6dEEc,2026-08-02,93.08333333333333,3.878472222222222,0.015371695495974093,0.005132126500156958,0.002568209685252112,0.0006696877741735554,0.0004748987821663434,0.006507991446455833,0.02307203168138316,0.33386860294631016,1.3937007874015748,480486.8755595345,腰部普通,0
格教练点评【花小龙】,CoachGreg格教练,健身,1282828,32484,3353,1548,5678,2567,629,958,2026-07-29 03:31:11,BV18C3k6PEPt,2026-08-02,92.48027777777777,3.8533449074074073,0.02532217881118903,0.002001047685270356,0.004426158456160919,0.0026137564817730824,0.0012067089274633855,0.0004903229427483653,0.03174938495262031,0.07902351927102573,1.615866388308977,332912.8408759826,腰部普通,0
黑塔PV里的数学公式，居然真的能推导出来？它们竟然和曼德博集合有关系！,崩铁牛奶,配音,238205,26700,547,167,4898,1045,1388,285,2026-07-30 20:02:09,BV1o2386kErP,2026-08-02,51.964166666666664,2.165173611111111,0.1120883272811234,0.004386977603324867,0.020562120862282488,0.002296341386620768,0.0007010768035935434,0.005826913792741546,0.13703742574673075,0.03913857677902622,0.5859649122807018,110016.58193947753,尾部低播放,0
你的止痛药吵到我了知不知道  【三角洲自制动画】,WINILOP,MMD·3D,1350465,151413,3014,487,29601,12190,3451,107,2026-07-30 09:10:23,BV1wQ346kEuY,2026-08-02,62.82694444444444,2.617789351851852,0.11211915895635947,0.009026520494792535,0.021919116748675457,0.0022318238532653568,0.0003606165283809651,0.0025554160974182965,0.14306479619982745,0.08050827868148706,4.5514018691588785,515879.93474137515,腰部普通,0
《小半》校园合唱｜“我别无所求，只想被阳光晒透”,两棵枣树-游梨,演奏,98559,15536,884,156,2326,1552,227,182,2026-07-30 04:25:34,BV1TL3x6EENb,2026-08-02,67.57388888888889,2.8155787037037037,0.15763146947513673,0.015746913016568755,0.02360007711117199,0.008969246847066225,0.0015828082671293336,0.0023031889528099918,0.19697845960287746,0.09989701338825953,0.8571428571428571,35004.881898826796,尾部低播放,0
当小白体育生第一次跑速耐,刘宇沉淀哥,运动文化,3783054,118907,1303,673,3709,1334,576,91,2026-07-29 09:48:46,BV1nb326FEbn,2026-08-02,86.18722222222222,3.591134259259259,0.03143148366372777,0.0003526251541743787,0.0009804248102194683,0.00034443071655863226,0.0001778985972708822,0.00015225793763451435,0.032764533628121616,0.01121885170763706,7.395604395604396,1053442.6526231654,腰部普通,0
体验魏晋南北朝平民的一日饮食,不锈钢猩猩,人文历史,362532,16037,1192,1974,5352,8036,571,1381,2026-07-31 03:20:00,BV1z63862ERk,2026-08-02,44.666666666666664,1.861111111111111,0.044236095020577494,0.022166319111140535,0.014762834729072192,0.003287985612304569,0.0054450365760815595,0.0015750333763640174,0.08116524886079023,0.5010912265386294,1.4293989862418537,194793.31343283583,尾部低播放,0
带猫去格鲁吉亚蜜月旅行vlog,海棠_HaiTang-,出行,474714,65491,631,762,8113,6103,1800,513,2026-07-30 12:24:50,BV1CQ3b6nEpY,2026-08-02,59.58611111111111,2.4827546296296297,0.13795885522651533,0.012856161815324596,0.01709029015365041,0.0013292213838226807,0.0016051770118429203,0.0037917567208887878,0.16790530719549035,0.09318837702890473,1.4853801169590644,191204.55736329308,尾部低播放,0
我们是相亲认识的……,ENX叉叉酱,同人·手书,745420,98759,3842,335,7427,1427,1320,73,2026-07-31 11:00:00,BV1hiGA6bEAN,2026-08-02,37.0,1.5416666666666667,0.13248772504091652,0.0019143570067881195,0.009963510504145314,0.00515414128947439,0.00044941107026911,0.0017708137694185829,0.14436559255184997,0.014449316011705262,4.589041095890411,483515.6756756757,腰部普通,0
在出现巨大石墙的洞穴里捡到四个大学生,鸽子户外探险,出行,825326,69808,1745,1234,6787,997,1285,276,2026-07-30 09:07:09,BV1F93463EwD,2026-08-02,62.880833333333335,2.6200347222222224,0.08458233473803078,0.0012080075024899252,0.008223417170911858,0.0021143160399648138,0.0014951667583476104,0.001556960522266353,0.09401375941143257,0.014282030712812284,4.471014492753623,315005.7489696118,腰部普通,0
太好了！捡到爵士豪猫了！,短腿小拖宝,喵星人,3980036,319538,7625,1415,42564,3595,20546,37,2026-07-30 01:58:02,BV1P73W6uEig,2026-08-02,70.03277777777778,2.9180324074074075,0.08028520345042105,0.0009032581614839665,0.010694375628763157,0.0019158118167775368,0.00035552442239215925,0.005162264863935904,0.09188283724066817,0.011250618079852788,38.24324324324324,1363945.0987236134,头部爆款,1
《蜘蛛侠:崭新之日》解析！彼得为何需要她才能完成蜕变！,大聪看电影,影视杂谈,1287553,38935,3990,2159,5817,2986,1437,1045,2026-07-30 09:56:05,BV1BF3t6TEaG,2026-08-02,62.06527777777778,2.586053240740741,0.03023953188723105,0.00231912783396101,0.004517872273995712,0.003098901559780452,0.001676824177334836,0.001116070561755516,0.03707653199518777,0.07669192243482728,2.066028708133971,497883.4077024638,腰部普通,0
吃不了压力之人每天都在吃压力,派小轩,小剧场,2566719,64421,499,175,1919,892,434,80,2026-07-30 08:19:31,BV1P43t6UEZn,2026-08-02,63.67472222222222,2.653113425925926,0.025098579158840527,0.00034752538162533567,0.0007476470934293937,0.00019441162043838846,6.818042800945488e-05,0.00016908746146344808,0.026193751633895257,0.013846416541189985,2.1875,967436.5878662822,腰部普通,0
带法拉利车主跑外卖,基崽jiz,日常,632238,64560,550,500,4289,1964,173,488,2026-07-29 10:05:00,BV1zBgY6QEVD,2026-08-02,85.91666666666667,3.579861111111111,0.10211344462053847,0.0031064251120622296,0.006783837731993331,0.0008699255660052069,0.0007908414236410972,0.0002736311325798196,0.11200370746459402,0.030421313506815366,1.0245901639344261,176609.64500484965,尾部低播放,0
人们永远在寻找下一个靶子,蒜偷小狗八,同人·手书,353856,42115,1590,991,6075,2669,410,144,2026-07-31 10:03:20,BV1tnGw6DEZw,2026-08-02,37.94444444444444,1.5810185185185184,0.1190173403870501,0.0075426162054621085,0.017168000542593598,0.004493353228431905,0.002800574244890577,0.0011586634111050824,0.1437279571351058,0.06337409474059123,6.881944444444445,223815.21522694,尾部低播放,0
《采访成功人士》这期很有教育意义～,iBook_,搞笑,2369830,172189,1690,435,35315,2400,4895,40,2026-07-29 04:44:49,BV1Zb3y6HEGk,2026-08-02,91.25305555555556,3.8022106481481486,0.07265879831042733,0.0010127308709907462,0.014901912795432584,0.0007131313216559837,0.00018355747036707276,0.002065549005624876,0.08857344197685066,0.013938172589422088,10.875,623276.8826614633,腰部普通,0
把文字还给它本来的意思！,小万姑娘呀,人文历史,170781,21306,1537,464,2759,5834,545,208,2026-07-31 09:45:18,BV1QdGw6dENV,2026-08-02,38.245,1.5935416666666666,0.1247562667978288,0.03416070874394692,0.01615519290787617,0.008999830191883173,0.00271692986924775,0.0031912215059052237,0.1750721684496519,0.2738195813385901,2.230769230769231,107170.71512616028,尾部低播放,0
欧盟打算同时对抗中美,燕三嘤嘤嘤,人文历史,3202204,162628,7685,16324,24552,35134,4885,1132,2026-07-29 03:50:00,BV1Ja3q6KENJ,2026-08-02,92.16666666666667,3.840277777777778,0.05078627095587914,0.010971818160242133,0.0076672192027740895,0.0023999095622889736,0.005097738932310371,0.0015255118037451705,0.06942530831889536,0.21603905846471702,14.420494699646643,833846.9728752259,腰部普通,0
卷王教主VS松弛大爷，刘旸“倒反天罡”教于谦做播客？【多新鲜呐ep26｜于谦的视频播客】,于谦,日常,820316,31540,1444,2865,8253,12286,1119,3334,2026-07-30 09:00:00,BV1kB3F6iE7L,2026-08-02,63.0,2.625,0.038448597857411046,0.014977155145090428,0.01006075707410315,0.0017602972513031563,0.0034925565269969135,0.0013641084655181663,0.06348651007660462,0.38953709575142675,0.8593281343731254,312501.3333333333,腰部普通,0
纯绿玩,苏醒游戏解说,网络游戏,1308129,61977,707,896,3292,582,269,159,2026-07-30 08:57:24,BV1pU346yEpN,2026-08-02,63.04333333333334,2.626805555555556,0.047378354887018026,0.00044491024967721073,0.0025165713778992744,0.0005404665747797045,0.000684947738334675,0.00020563721162056647,0.05033983651459451,0.009390580376591316,5.635220125786163,497992.32274097175,腰部普通,0
来杯好酒摇一摇,云南交警,日常,5082936,638171,22387,22651,110904,70285,68358,43,2026-07-27 10:26:57,BV1s9gf6qE8t,2026-08-02,133.55083333333334,5.564618055555556,0.1255516496764862,0.013827638199654688,0.021818885777826043,0.004404344260875998,0.004456282746821916,0.013448526599587325,0.1611981736539669,0.11013505784499766,526.7674418604652,913438.4335552629,腰部普通,0
九万是大王又怎么样呢？,格雷小姐姐,喵星人,625438,55890,12071,2207,2715,2138,699,122,2026-07-30 09:28:01,BV1LA3t6NE9n,2026-08-02,62.533055555555556,2.6055439814814814,0.08936137554801594,0.003418404382208948,0.004340957856734001,0.019300074507784943,0.003528727068070696,0.0011176167741646654,0.0971207377869589,0.038253712649847914,18.09016393442623,240041.23685695123,尾部低播放,0
生米们 看得爽吗？,_张天琪,日常,2124259,105016,2979,5892,35506,18773,1897,569,2026-07-29 11:12:47,BV15Z316nEsR,2026-08-02,84.78694444444444,3.532789351851852,0.049436532927482006,0.008837434606608704,0.01671453433879767,0.0014023713680864716,0.002773673078471128,0.0008930172827324728,0.07498850187288839,0.17876323607831188,10.355008787346222,601297.9514010608,腰部普通,0
从末地520W格距离飞回主岛？,振羽Xlb-,单机游戏,287073,42892,683,1710,4631,3414,177,463,2026-07-31 01:01:45,BV1co3h6REbE,2026-08-02,46.97083333333333,1.9571180555555554,0.14941147373664537,0.011892445475541065,0.016131785295029486,0.002379185782013634,0.005956673041351852,0.0006165679112978232,0.17743570450721594,0.07959526251981722,3.693304535637149,146681.4938348266,尾部低播放,0
被全网投诉下架的发声玩具到底得罪了谁？来一探究竟看看这玩具到底有什么魔力？,三星汽车官方,日常,623683,17880,1339,808,1442,760,2309,186,2026-07-29 23:39:00,BV1bW3n6qEvr,2026-08-02,72.35,3.014583333333333,0.028668410073707316,0.0012185677659965078,0.002312071998114427,0.0021469239982491103,0.0012955299406910241,0.003702201278534127,0.03219904983781825,0.042505592841163314,4.344086021505376,206888.62474084314,尾部低播放,0
【完整版】人民军队大片《制胜》第一集《战旗所向》,央视新闻,日常,607635,50166,1220,2387,12641,16139,4988,1441,2026-07-30 12:00:00,BV1Tn3t6XET8,2026-08-02,60.0,2.5,0.08255943123750278,0.026560352843401056,0.02080360742880183,0.0020077842783908103,0.003928345141408905,0.008208875393945379,0.12992339150970567,0.32171191643742775,1.6564885496183206,243054.0,尾部低播放,0
做出这个忍者的策划可以直接隐退了 火影正式进入4斤牛肉时代！,薛晓琦不姓薛,手机游戏,353693,14595,1590,244,1398,749,986,218,2026-07-31 13:23:46,BV1bWGP64EMq,2026-08-02,34.60388888888889,1.4418287037037036,0.04126459952557727,0.002117655707067994,0.003952580345101543,0.004495423997647677,0.0006898638084440461,0.0027877283406796288,0.0473348355777468,0.0513189448441247,1.1192660550458715,245308.6133543115,尾部低播放,0
抵抗者2026实机演示,浩汤科技,单机游戏,10025630,247324,17228,4818,84011,113671,37423,187,2026-07-30 03:00:00,BV1rW326hEKe,2026-08-02,69.0,2.875,0.0246691729098321,0.011338040601937235,0.008379623026183891,0.0017183957516884226,0.0004805683034382877,0.003732733005307397,0.04438683653795322,0.45960359690123076,25.764705882352942,3487175.652173913,超级爆款,1
带台湾来的同学，体验上海物价的爆炸差距,闪光的康康,搞笑,325302,8698,764,1379,1822,2128,436,1129,2026-07-31 09:00:00,BV1y33h6xEi5,2026-08-02,39.0,1.625,0.02673823093617623,0.006541613639018512,0.005600949271753632,0.002348586851602511,0.004239137785811338,0.0013402930200244695,0.038880793846948376,0.24465394343527247,1.2214348981399468,200185.84615384616,尾部低播放,0
咱们三角洲自己的 成吉斯鸡小哥！想吃什么自己打！,地球军亡牌总帅镭,网络游戏,1461009,102292,1536,162,12901,1204,5978,53,2026-07-31 11:00:00,BV1e13t6vEka,2026-08-02,37.0,1.5416666666666667,0.07001462687772628,0.0008240880104092446,0.008830198855722312,0.0010513282259041526,0.00011088227382582859,0.004091692795869156,0.07966891374385784,0.011770226410667502,3.056603773584906,947681.5135135135,腰部普通,0
一个人清理海浪冲上来的垃圾有人夸吗,哥们马喽,日常,1973285,635134,3888,7134,63668,299052,1544,125,2026-07-27 03:00:00,BV19m3j6vE1S,2026-08-02,141.0,5.875,0.3218663294962461,0.1515503335808056,0.03226497946317942,0.0019703185297612865,0.0036152912529107553,0.0007824515972097289,0.5056816425402312,0.4708486713040083,57.072,335878.2978723404,腰部普通,0
等了两年的房子终于盖完了，居然没延期，真令人惊讶,挪威老王,出行,607971,49072,713,242,1736,2994,160,140,2026-07-31 11:13:35,BV1WGGN6XEdy,2026-08-02,36.77361111111111,1.5322337962962962,0.08071437617912697,0.004924576994626388,0.0028553993529296627,0.00117275330566754,0.00039804530150286773,0.0002631704472746233,0.08849435252668301,0.0610123899576133,1.7285714285714286,396787.35808437516,腰部普通,0
挑战从上海走回深圳，把手机弄丢了啊啊啊！,拉宏桑,日常,800157,53835,1267,3382,3568,8495,1281,712,2026-07-31 10:07:29,BV1TWGw6UE4Q,2026-08-02,37.875277777777775,1.578136574074074,0.06728054619280967,0.010616666479203457,0.004459124896739015,0.0015834392500471783,0.004226670515911252,0.0016009358163460421,0.08235633756875213,0.15779697222996192,4.75,507026.45965192775,腰部普通,0
混乱假日【绝区零生日会】,WildKoko木可,手机游戏,189775,15101,86,103,2662,1978,154,168,2026-07-30 12:30:00,BV1pY3z6VEwi,2026-08-02,59.5,2.4791666666666665,0.07957317876432618,0.010422869187195363,0.014027137399552102,0.00045316822553023316,0.0005427479910420234,0.0008114872875773942,0.10402318535107365,0.13098470299980133,0.6130952380952381,76547.89915966387,尾部低播放,0
胳膊有点死了,甜叔环球吸猫记,喵星人,2470154,217169,3844,621,21522,1419,3527,29,2026-07-30 14:24:01,BV1GY3b6YEvp,2026-08-02,57.59972222222222,2.3999884259259257,0.08791719058811717,0.000574458110708887,0.008712817095614282,0.0015561782787631864,0.00025140132963369897,0.0014278461990628924,0.09720446579444035,0.006534081751999595,21.413793103448278,1029235.7968547303,腰部普通,0
叽里呱啦唱什么呢🤨🤨🤨,Go1denApple,单机游戏,2682510,164927,1545,292,20836,1322,4476,37,2026-07-28 15:18:58,BV1g93z6fEgj,2026-08-02,104.68388888888889,4.361828703703703,0.061482343029476125,0.0004928220211667431,0.0077673522186310585,0.0005759531185345069,0.00010885327547707184,0.001668586510395115,0.06974251726927393,0.00801566753775913,7.891891891891892,614996.6406801429,腰部普通,0
《家长会危机》,芮予猪猪,日常,373859,51734,453,264,6789,1670,311,128,2026-07-31 09:00:00,BV1sG3y6AEf8,2026-08-02,39.0,1.625,0.13837837259501576,0.004466924696208998,0.018159252552432868,0.0012116867589117822,0.0007061485747300453,0.0008318644194736519,0.16100454984365764,0.03228051184907411,2.0625,230067.07692307694,尾部低播放,0
脱 下 长 衫 的 孔 乙 刁 ！,导演小策,搞笑,358931,20956,971,870,4066,10182,1065,688,2026-07-31 12:35:59,BV1vSGP6BELZ,2026-08-02,35.40027777777778,1.4750115740740741,0.05838448058261894,0.028367569254257784,0.011328082556257332,0.002705255327625644,0.0024238641967397633,0.002967144102905572,0.09808013239313405,0.4858751670166062,1.2645348837209303,243341.14139091814,尾部低播放,0
侦探大人，不是说好正经查案吗.....【泛式】,泛式,手机游戏,3189409,180633,4011,2926,41008,6717,5761,702,2026-07-28 10:05:00,BV1JT3i6eE95,2026-08-02,109.91666666666667,4.579861111111112,0.056635257503819675,0.0021060328104673936,0.012857554487367409,0.0012575997622129994,0.0009174113448604427,0.0018062907579429292,0.07159884480165447,0.037185896264802114,4.168091168091168,696398.6292645943,腰部普通,0
我不是美女律师，更不是网红律师，我是冯予希律师。,183的冯予希律师,社科·法律·心理,506839,37059,2809,2336,1599,912,251,336,2026-07-31 10:16:00,BV1V8GA6YE5v,2026-08-02,37.733333333333334,1.5722222222222222,0.07311789345334514,0.0017993879713281732,0.0031548479892036722,0.005542193872215832,0.004608958663401988,0.0004952262947405389,0.07807212941387699,0.02460940662187323,6.9523809523809526,322371.09540636046,腰部普通,0
当战双玩家学会了剪辑,不吃鱼的祥,手机游戏,231579,35739,817,231,4841,3218,1784,48,2026-07-31 11:12:59,BV1r7GN6JEDY,2026-08-02,36.783611111111114,1.5326504629629631,0.15432746492557614,0.013895905932748651,0.020904313430837856,0.0035279537436468766,0.000997499773295506,0.0077036346128103155,0.18912768428916266,0.09004169114972439,4.8125,151097.0737269768,尾部低播放,0
《英雄联盟是个团队游戏》,三桥qzg,网络游戏,1131088,56606,2310,2079,4874,37540,1624,1036,2026-07-30 14:05:44,BV1Mz3b6bEu6,2026-08-02,57.904444444444444,2.412685185185185,0.050045619792624445,0.03318928323879309,0.004309125373092103,0.002042281414001386,0.0018380532726012476,0.0014357857213585503,0.08754402840450964,0.6631805815637918,2.0067567567567566,468808.78074989445,腰部普通,0
【TF家族练习生】《突围II破局》EP05：加更,TF家族,明星综合,2096659,70492,4252,964467,30647,7619,1545,2946,2026-07-29 11:00:00,BV1ts3C6NEke,2026-08-02,85.0,3.5416666666666665,0.033621108630444915,0.0036338765626646964,0.014617064577501634,0.0020279883376362108,0.46000184102422,0.0007368866372643334,0.051872049770611245,0.10808318674459513,327.38187372708757,591997.8352941177,腰部普通,0
当我在荷兰弟面前用唢呐吹蜘蛛侠主题曲【蛛联B合】,浑元Rysn,仿妆cos,1497664,82989,1898,1059,15106,4500,2648,238,2026-07-28 12:00:00,BV1hy3Y6rE44,2026-08-02,108.0,4.5,0.055412295414725865,0.003004679287209948,0.010086374513909662,0.0012673069526943294,0.0007071011922567411,0.0017680868338959873,0.06850334921584547,0.05422405379026136,4.449579831932773,332814.22222222225,腰部普通,0
"表面清纯女高,实则心机girl！",川烈,日常,2025801,60715,3533,3727,19248,5702,2627,734,2026-07-30 13:11:48,BV16f3b61Ew7,2026-08-02,58.803333333333335,2.450138888888889,0.02997086090884544,0.0028146891032238604,0.009501426843011727,0.0017440015085390915,0.001839766097459721,0.001296771005641719,0.042286976855081024,0.09391418924483241,5.077656675749319,826810.6796666855,腰部普通,0
约会 MikuDays【B萌应援】,溪欧Siou,MMD·3D,121828,20973,477,179,11506,3584,695,126,2026-07-31 06:00:00,BV1jrGF6bE8J,2026-08-02,42.0,1.75,0.17215254292937585,0.029418524477131693,0.09444462685097021,0.003915356075778967,0.0014692845651246018,0.005704764093640214,0.29601569425747776,0.17088637772374005,1.4206349206349207,69616.0,尾部低播放,0
柯洁回应再夺中国围棋王中王赛冠军,新华社,日常,1376933,125624,4313,1014,3021,997,3408,19,2026-07-31 08:31:48,BV1njGA6GEGY,2026-08-02,39.47,1.6445833333333333,0.09123464976146262,0.0007240729941108246,0.0021940065348132406,0.0031323237949849414,0.0007364192738499259,0.0024750659618151356,0.09415272929038668,0.00793638158313698,53.36842105263158,837253.4076513809,腰部普通,0
哈基蜂与无名蛇,圆蛤菌,单机游戏,2413837,65158,914,679,35314,2221,918,168,2026-07-29 06:00:00,BV1rRge6fErv,2026-08-02,90.0,3.75,0.02699353767466486,0.0009201118385375648,0.014629819660565316,0.0003786502568317579,0.00028129488445160133,0.0003803073695531223,0.04254346917376774,0.034086374658522364,4.041666666666667,643689.8666666667,腰部普通,0
罪途同行-Guilt Bound Allies【绝区零生日会】,哦呼w,鬼畜调教,560092,73038,545,172,16427,19436,1900,172,2026-07-30 12:30:00,BV12n3q6CEMc,2026-08-02,59.5,2.4791666666666665,0.1304035765552802,0.03470144190597259,0.029329110217607108,0.0009730544267727445,0.00030709240624754506,0.0033922998364554393,0.1944341286788599,0.2661080533420959,1.0,225919.46218487396,尾部低播放,0
别点进来！！！,大福咕咕,动漫杂谈,1441717,87572,5186,5276,17065,8005,3215,414,2026-07-30 04:00:00,BV1U4316rE21,2026-08-02,68.0,2.8333333333333335,0.060741463130420184,0.00555240730323635,0.01183658096561253,0.0035970998469186393,0.003659525413101184,0.002229979947520907,0.07813045139926907,0.09141049650573242,12.743961352657005,508841.29411764705,腰部普通,0
【本家投稿】ワンダー / r-906 feat. 初音ミク,r-906_arukuremu,VOCALOID·UTAU,445370,92726,3860,2781,51392,28818,9051,198,2026-07-30 11:12:41,BV1xF3467Etw,2026-08-02,60.78861111111111,2.532858796296296,0.20819992365898018,0.06470575027505221,0.11539169679143184,0.008666951074387587,0.006244246356961627,0.02032242854256012,0.3882973707254642,0.3107866186398637,14.045454545454545,175836.88465035942,尾部低播放,0
这可能是全网最酷的乐高蝙蝠车,Upspeed盛嘉成,赛车,988892,37512,647,2603,8145,8489,2776,865,2026-07-31 10:05:00,BV1bzGA64EhK,2026-08-02,37.916666666666664,1.579861111111111,0.03793336380514758,0.00858435501551231,0.008236490941376814,0.0006542676045513565,0.0026322389098101715,0.0028071821796515697,0.0547542097620367,0.22630091703988056,3.009248554913295,625936.0351648353,腰部普通,0
几十块就能买到的世界顶级产品,侃谱斯基,日常,1010013,35971,2890,1726,63343,4631,2449,185,2026-07-27 11:20:00,BV1M2gf6GELY,2026-08-02,132.66666666666666,5.527777777777778,0.03561439308206924,0.004585089498848035,0.06271503436094387,0.002861349309365325,0.001708888895489464,0.0024247212659639036,0.10291451694186114,0.12874259820410885,9.32972972972973,182715.91959798997,尾部低播放,0
仲树对话诺兰《奥德赛》震撼发布！,仲树,预告·资讯,175070,5950,525,252,4459,2689,1666,1058,2026-07-31 15:43:58,BV1vdGK6GEQE,2026-08-02,32.26722222222222,1.3444675925925926,0.03398640543782487,0.015359570457531273,0.02546981207516993,0.0029988004798080768,0.0014394242303078768,0.009516193522590964,0.07481578797052607,0.4519327731092437,0.2381852551984877,130215.1133761471,尾部低播放,0
奶奶你关注的两个up主又合体了,还有地虎侠n,街舞,1695205,137332,1280,212,22032,12316,2628,69,2026-07-30 09:23:03,BV1P13462EG4,2026-08-02,62.615833333333335,2.6089930555555556,0.08101203099330169,0.007265198014399439,0.012996658221277073,0.000755070920626119,0.00012505862122870096,0.0015502549839105004,0.1012738872289782,0.08968048233477995,3.072463768115942,649754.5083112632,腰部普通,0
货车夫妻用餐时因突降大雨匆忙离去，没注意到饭钱未付成功。13天后赶回店里专程支付27元,人民日报,日常,1862876,81899,640,41,879,603,121,25,2026-07-31 04:40:44,BV1NPGc6CE5z,2026-08-02,43.32111111111111,1.805046296296296,0.04396374208481939,0.0003236930423710435,0.00047185105181450616,0.00034355480450658015,2.200897966370279e-05,6.49533302270253e-05,0.04475928617900494,0.007362727261627126,1.64,1032037.7952755906,腰部普通,0
我的世界硬核生存！【缆车末日惊变100天】 p2 极寒末日来临我该怎样生存下去？！,Q弹的果冻c,单机游戏,1727175,49878,315,1740,45402,7803,469,1162,2026-07-30 04:37:28,BV1DK3x6WEXa,2026-08-02,67.37555555555555,2.8073148148148146,0.02887837074992401,0.004517781927135351,0.02628685570367797,0.00018237873984975467,0.0010074254201224543,0.0002715416793318569,0.05968300838073733,0.15644171779141106,1.4974182444061963,615240.9380256606,腰部普通,0
禁止宣扬邪教迷信，禁止宣扬拜金主义奢靡之风，微短剧新规9月1日施行！业内人士:动辄出手上亿的霸总或将消失,红星视频,热点,628915,49127,1750,1225,3416,712,3440,38,2026-07-31 13:55:10,BV1rqGP62ENy,2026-08-02,34.080555555555556,1.4200231481481482,0.0781138945644483,0.001132108472528084,0.005431576604151595,0.002782569981635038,0.0019477989871445266,0.005469737563899732,0.08467757964112797,0.014493048629063449,32.23684210526316,442890.6675360665,腰部普通,0
乌鲁鲁的巡飞弹旅游指南,原味鸡爱堵桥,网络游戏,3022408,101956,711,612,27505,7898,1261,128,2026-07-27 07:08:02,BV18K3c67ERt,2026-08-02,136.8661111111111,5.70275462962963,0.03373336756652311,0.0026131481917729175,0.009100359713182337,0.00023524289242220111,0.00020248755297100856,0.000417217000484382,0.04544687547147837,0.07746478873239436,4.78125,529990.8897178507,腰部普通,0
“生命并非如蝶翼般易折”,三户人插画,绘画,326431,80647,413,86,12233,2280,863,22,2026-07-31 10:00:32,BV1sxGw67Es2,2026-08-02,37.99111111111111,1.582962962962963,0.24705680526665666,0.006984630748917842,0.03747499471557542,0.001265198464606609,0.0002634553703539186,0.002643744007156183,0.2915164307311499,0.028271355413096583,3.909090909090909,206215.18483855872,尾部低播放,0
哈佛教授大战中餐馆：因为4美元，丢了百万终身教职｜一场口水仗，美媒一边倒；先斗四川菜馆，再斗哈佛大学 ｜ Wayne调查,Wayne调查,人文历史,592659,10806,3038,5707,4845,757,587,1267,2026-07-31 03:00:00,BV1uT3265Ekb,2026-08-02,45.0,1.875,0.0182330817552758,0.001277294363200424,0.008175021386665857,0.0051260505619589005,0.009629483396016934,0.0009904515075279377,0.02768539750514208,0.07005367388487876,4.504340962904499,316084.8,腰部普通,0
大爷30支枪+1万发弹药对抗银行没收房产，警员开装甲车碾压3次为同事报仇！,爱看热闹的大鹏,日常,1068021,52587,2000,7270,9932,2364,1953,788,2026-07-30 09:30:00,BV1puge6hEDe,2026-08-02,62.5,2.6041666666666665,0.04923779588603595,0.002213439623378192,0.009299442613956092,0.0018726223548038848,0.006806982259712122,0.0018286157294659937,0.06075067812337023,0.04495407610245878,9.225888324873097,410120.064,腰部普通,0
今天磨紫金色两根墨条写悬浮字《沁园春·雪》,王小白爱写字,手工,139568,15301,674,1271,1606,639,376,129,2026-07-31 06:34:07,BV13vGA6FE7v,2026-08-02,41.43138888888889,1.7263078703703705,0.1096311475409836,0.0045784133898888,0.011506935687263556,0.004829187206236387,0.009106672016508083,0.0026940272841912186,0.12571649661813597,0.041761976341415596,9.852713178294573,80847.6879445938,尾部低播放,0
自制八月最强纯爱番,窗边の小羽子,日常,2839842,147723,3290,1684,26987,7426,6127,248,2026-07-28 10:58:37,BV1dJ3B6AEST,2026-08-02,109.02305555555556,4.542627314814815,0.05201803480616175,0.0026149342111286473,0.009502993476397631,0.0011585151568291475,0.000592990736808597,0.0021575143969277165,0.06413596249368803,0.05026976164849076,6.790322580645161,625154.080049327,腰部普通,0
人生的容错率，比你想的高很多【人生70年】#1,看见Real,日常,137761,4747,988,833,6076,1674,707,1813,2026-07-31 11:57:31,BV1irGF6tEvz,2026-08-02,36.04138888888889,1.5017245370370371,0.034458228381036723,0.01215147973664535,0.04410537089597201,0.007171841087100123,0.006046704074447775,0.005132076567388448,0.09071507901365408,0.35264377501579947,0.4594594594594595,91735.19950057418,尾部低播放,0
“爆发红眼病毒后公司乱成一锅粥了，赶紧趁热把boss丢下楼！！！”,朕好饿啊,影视剪辑,2706754,82990,1572,1053,38052,13126,5049,898,2026-07-27 10:00:00,BV1sV3c6kESb,2026-08-02,134.0,5.583333333333333,0.03066034076240397,0.004849350919958001,0.014058167088697384,0.0005807694382274857,0.0003890268565226097,0.0018653339017878979,0.049567858771059355,0.1581636341727919,1.1726057906458798,484791.7611940299,腰部普通,0
循环歌单|“【趣味英语の小曲】【AGUDO MAGKLCO】”,无忧_Carefree,音乐综合,2313798,80058,274,439,62399,2061,619,2460,2026-07-30 08:00:00,BV1ks3x63E5h,2026-08-02,64.0,2.6666666666666665,0.034600254646256934,0.0008907432714523912,0.02696821416562725,0.00011842001765063328,0.00018973134214827743,0.00026752551432752557,0.062459212083336574,0.02574383571910365,0.17845528455284554,867674.25,腰部普通,0
狗熊岭之王，今天cos一个优雅的吉吉国王！,牛战士历险记本人,手工,529047,54283,2356,347,6280,1415,7044,24,2026-07-31 10:37:36,BV1zBGw6MESo,2026-08-02,37.373333333333335,1.5572222222222223,0.1026052505732005,0.0026746205913652284,0.011870400928461932,0.004453290539403872,0.0006558963570344412,0.01331450702867609,0.11715027209302765,0.026067092828325627,14.458333333333334,339737.63824473775,腰部普通,0
什么东西在天上飞的？？？,大炒面制造者Cen,单机游戏,413324,39560,786,4282,8393,13589,200,1165,2026-08-01 00:00:00,BV1PZ3c6kEPB,2026-08-02,24.0,1.0,0.09571183865442123,0.032877355295119565,0.02030610368621227,0.0019016558438416352,0.010359911352837,0.0004838818941072863,0.14889529763575307,0.34350353892821034,3.6755364806866955,413324.0,腰部普通,0
“爷爷的陪伴，是将我带出深渊的唯一方式，爷爷最无私的爱”,空山心雨a,乐评盘点,1180673,27139,334,349,24895,986,75,2231,2026-07-31 08:22:18,BV17xGA6KETs,2026-08-02,39.62833333333333,1.6511805555555554,0.022986042706151493,0.0008351169206037574,0.021085431783398112,0.000282889504545289,0.0002955941230128918,6.352309233801399e-05,0.04490659141015336,0.036331478683812965,0.15643209323173465,715047.7856752324,腰部普通,0
孟婆也会退休？AI短片《小孟来了》丨一万个平行宇宙,艺类分子,影视剪辑,2648961,145055,2668,3298,37699,20209,7166,386,2026-07-27 04:00:00,BV1grgf61Ejx,2026-08-02,140.0,5.833333333333333,0.05475920559041828,0.0076290288909500745,0.014231617604034186,0.0010071873462840714,0.0012450164422956773,0.0027052115905066175,0.07661985208540253,0.13931956843955742,8.544041450777202,454107.60000000003,腰部普通,0
《Shy 之 勇 者》,聒噪的山海君,电子竞技,612526,30168,1521,4168,2579,5444,3173,343,2026-07-31 15:10:35,BV13jGP6wEZA,2026-08-02,32.82361111111111,1.367650462962963,0.049251786862925,0.008887785987860107,0.004210433516291553,0.0024831598985185937,0.006804609110470413,0.00518018826955917,0.06235000636707666,0.18045611243701937,12.151603498542274,447867.35835484276,腰部普通,0
伪人丁亮看完这集至少9178天没敢上夜班（第四集）,叫我呱唧君,特摄,3691505,89932,465,729,86074,6443,1603,266,2026-07-30 05:29:19,BV1KH3x65EAE,2026-08-02,66.51138888888889,2.77130787037037,0.024361879504429765,0.0017453586003540562,0.02331677730356589,0.0001259648842409803,0.0001974804314229562,0.00043424023535116436,0.04942401540834971,0.07164301917003958,2.7406015037593985,1332044.3533062425,头部爆款,1
老板开车48个小时从四川请来的大厨月薪1万块，到店就把砸锅了,谭厨美食,美食制作,4184678,120324,9035,2093,8007,1403,1403,220,2026-07-26 13:48:19,BV1ozg96rEGx,2026-08-02,154.19472222222223,6.424780092592592,0.02875346681393407,0.00033527071855946863,0.001913408869212876,0.0021590669580789728,0.0005001579571952729,0.00033527071855946863,0.031002146401706416,0.011660184169409261,9.513636363636364,651334.044074862,腰部普通,0
《外 卖 逆 天 评 价》4,铃乃Chan,配音,2051547,90877,495,151,6213,681,1077,49,2026-07-31 09:20:00,BV1xM3h6tENc,2026-08-02,38.666666666666664,1.611111111111111,0.04429681601250179,0.0003319446252023473,0.0030284463382998293,0.00024128133549950354,7.360299325338391e-05,0.0005249696936019501,0.04765720697600396,0.007493645256775642,3.0816326530612246,1273374.0000000002,头部爆款,1
我刚走两天，小超人也干不下去了,操机王,音乐教学,1503514,93485,1577,1233,7568,2444,1051,773,2026-07-29 06:09:02,BV1cW3y6REpD,2026-08-02,89.84944444444444,3.743726851851852,0.06217767177425684,0.0016255252694687245,0.0050335414236249215,0.0010488761661015462,0.0008200788286640497,0.0006990290745546766,0.06883673846735049,0.02614323153447077,1.595084087968952,401608.8938903969,腰部普通,0
《绝区零》蕾米埃尔EP | Two to Tango 交缠舞步,绝区零,手机游戏,3578607,226225,28160,11724,81338,143741,33590,1000,2026-07-27 04:00:00,BV1jhgf6pEJw,2026-08-02,140.0,5.833333333333333,0.06321593849226809,0.04016674644631277,0.022728955708184777,0.007868983657607555,0.0032761350994954183,0.009386333844426057,0.12611164064676564,0.6353895458061665,11.724,613475.4857142858,腰部普通,0
我和我的兄弟一起刷视频 但他的手机没电了：,凉凉凉Official,亲子,1020116,139031,7313,2858,18610,1649,6645,17,2026-07-30 03:34:39,BV1ze3x6NE86,2026-08-02,68.4225,2.8509375,0.13628940238168993,0.0016164828313642763,0.018243023342443408,0.007168792568688267,0.002801642166185022,0.006513965078481271,0.15614890855549762,0.01186066416842287,168.11764705882354,357817.735394059,腰部普通,0
德国企业给国人建的单人宿舍6,德国工地卷王平哥,日常,190117,11909,1738,764,3027,794,2366,141,2026-07-30 19:15:15,BV1i1386VEtk,2026-08-02,52.74583333333333,2.1977430555555553,0.0626403740854316,0.004176375600288243,0.01592177448623742,0.00914173903438409,0.004018578033526723,0.01244496809859192,0.08273852417195726,0.06667226467377614,5.418439716312057,86505.56284066672,尾部低播放,0
【爆肝】10万+乐高积木，从零搭建史上最大MC世界。【游戏之外】,史蒂猪StevenPig,单机游戏,567020,31987,258,1112,4497,4845,311,320,2026-07-30 07:17:56,BV15j3s6ZEZL,2026-08-02,64.70111111111112,2.69587962962963,0.056412472223202004,0.00854467214560333,0.007930937180346372,0.0004550104052767098,0.001961130118867059,0.0005484815350428556,0.0728880815491517,0.15146778378716352,3.475,210328.38178976832,尾部低播放,0
法老的诅咒：一场殖民者写给世界的爽文,大圆镜科普,科学科普,5125155,222428,1988,2156,28868,11655,3638,460,2026-07-27 09:47:51,BV1mt3F6VE7K,2026-08-02,134.2025,5.5917708333333325,0.0433992728024811,0.0022740775644834155,0.005632610135693457,0.0003878907076956697,0.00042067020412065587,0.0007098321904410696,0.05130596050265797,0.052398978545866524,4.6869565217391305,916553.1193532164,腰部普通,0
起 飞 大 对 决,卑鄙的南瓜骨头,鬼畜剧场,636344,49496,546,363,4528,737,1829,97,2026-07-30 09:10:00,BV1f93s6aExh,2026-08-02,62.833333333333336,2.618055555555556,0.07778182869642834,0.001158178595225224,0.007115648139999748,0.0008580264762455528,0.0005704461737676477,0.0028742315477163294,0.08605565543165332,0.014890092128656862,3.7422680412371134,243059.77718832888,尾部低播放,0
【审稿编辑吐槽网文投稿】后室电影下一部让我群里写手来当编剧,一棵一棵,搞笑,341311,28531,1992,4576,6085,3687,1496,1019,2026-07-31 11:31:55,BV1y4Gw61E34,2026-08-02,36.46805555555556,1.519502314814815,0.08359238348602888,0.01080246461438395,0.017828314938575084,0.005836319368552435,0.013407127224144548,0.004383099284816487,0.1122231630389879,0.12922785741824683,4.4906771344455345,224620.25669345315,尾部低播放,0
在三星堆，你能活几集？,星球研究所,人文历史,571563,31577,1142,1498,10590,9219,2275,637,2026-07-31 03:04:24,BV1gYGc6XEE3,2026-08-02,44.92666666666667,1.8719444444444446,0.055246753201309395,0.016129455545582903,0.018528141254769814,0.001998029963451098,0.0026208834371714055,0.003980313631218256,0.08990435000166211,0.29195300376856576,2.3516483516483517,305331.1767324529,腰部普通,0
可是她叫我同志诶｜“同志你好，欢迎来到未来”,o小庄o,仿妆cos,570638,22068,225,131,3809,4152,837,254,2026-07-30 09:00:00,BV1u73t6REno,2026-08-02,63.0,2.625,0.03867250340846561,0.007276066437916858,0.006674984841528254,0.00039429550783508986,0.00022956760678398565,0.0014667792891465343,0.052623554687910724,0.1881457313757477,0.515748031496063,217385.90476190476,尾部低播放,0
各地血库告急，为何公众反感无偿献血？,我捞捞捞,影视杂谈,947188,12360,3212,684,4144,755,233,1532,2026-07-30 03:16:35,BV1GdKk64E7R,2026-08-02,68.72361111111111,2.8634837962962965,0.013049151805132666,0.0007970962469963724,0.004375055427222474,0.0033910902587448322,0.0007221375270801573,0.0002459912921194103,0.01822130347935151,0.06108414239482201,0.4464751958224543,330781.6867080293,腰部普通,0
广西人吃到美食belike：,烛不遥,综合,3552338,285634,10805,11020,38862,8456,24783,39,2026-07-28 14:42:25,BV1dZ3i6bEyA,2026-08-02,105.29305555555555,4.387210648148148,0.08040732610466685,0.002380404116950583,0.010939837369079181,0.0030416587610751005,0.003102182281077983,0.006976532075495068,0.0937275675906966,0.02960431881358662,282.56410256410254,809703.0858318714,腰部普通,0
哥哥起诉弟弟“借名买房不过户” 弟弟举报哥哥“冒充自己上大学”,闪电新闻,社会,2490560,95373,2709,483,4494,610,5398,59,2026-07-30 14:27:18,BV1aY3b6YEi2,2026-08-02,57.545,2.3977083333333336,0.03829379737890274,0.000244924836181421,0.0018044134652447643,0.001087707182320442,0.00019393228832069895,0.0021673840421431324,0.04034313568032892,0.006395940150776425,8.186440677966102,1038725.1716048309,腰部普通,0
【HP】聆听吧汤姆，这是霍格沃茨献给你的镇魂曲！|《死亡圣器》原著细节盘点【哈利波特十级学者】,唱唱反调呗,影视杂谈,207605,16778,819,3126,4881,10482,355,2475,2026-07-31 12:00:00,BV18dGw6dEzi,2026-08-02,36.0,1.5,0.08081693600828496,0.050490113436574266,0.02351099443655018,0.003944991690951567,0.015057440813082537,0.0017099780833794947,0.1548180438814094,0.6247466920967935,1.263030303030303,138403.33333333334,尾部低播放,0
基需慢慢哈，心急则气散,林芷伊kiwi,仿妆cos,2971882,367473,5226,6711,44781,19875,24368,43,2026-07-28 12:09:22,BV1uX3q6QEmg,2026-08-02,107.84388888888888,4.49349537037037,0.12364992957324686,0.00668768140861582,0.015068229492288051,0.0017584816624616993,0.0022581650280865794,0.00819951801585662,0.14540584047415073,0.05408560628944167,156.06976744186048,661374.2209675509,腰部普通,0
兄弟几个演的都能获奖了！,校校马上火了,小剧场,3289473,124321,614,311,10525,805,729,126,2026-07-27 05:17:23,BV1vSgZ6nEqx,2026-08-02,138.71027777777778,5.779594907407407,0.03779359186106711,0.00024472005090177057,0.0031996006655169384,0.00018665603882445607,9.45440196651561e-05,0.0002216160460961376,0.04123791257748582,0.006475173140499192,2.4682539682539684,569152.86498437,腰部普通,0
兄弟们，刚哥的烤肠上线了，今天带大家检验一下刚哥黑猪烤肠的生产流程，让大家每一口都吃得放心！,李维刚的日常,美食侦探,3020784,215105,9487,1763,13948,13650,5367,190,2026-07-28 09:49:17,BV16t3v6cE85,2026-08-02,110.17861111111111,4.590775462962963,0.07120833531957267,0.0045186944846106174,0.004617344371527392,0.003140575426776625,0.0005836233242760819,0.001776691084168878,0.08034437417571068,0.0634573812789103,9.278947368421052,658011.7072531219,腰部普通,0
这期要素太多标题还是拜托大家了！,胡胡不胡o,日常,1054715,26999,522,411,5679,1306,150,625,2026-07-30 14:59:33,BV1bd3t6ZEqb,2026-08-02,57.0075,2.3753125,0.02559838439768089,0.0012382491952802415,0.0053843929402729645,0.0004949204287414135,0.0003896787283768601,0.00014221851400615331,0.032221026533234096,0.0483721619319234,0.6576,444032.1010393369,腰部普通,0
【蓝牙耳机推荐】2026年8月精选！百元耳机/通勤降噪/HiFi音质全都有！全实测听感，学生党通勤党必看，建议收藏备用！,硬核毫安,动物二创,347846,11242,168,487,3088,2615,471,1243,2026-07-30 08:52:36,BV1tn3t6XEgs,2026-08-02,63.123333333333335,2.630138888888889,0.032318899742989717,0.007517694611983464,0.008877491763596534,0.0004829723498329721,0.0014000448474324845,0.0013540474807817253,0.04871408611856971,0.23260985589752714,0.3917940466613033,132253.852246924,尾部低播放,0
真吃熏鸡架拌巧克力啊！！！！！,喵小乐是喵喵,配音,358965,25824,927,446,5934,1648,1576,107,2026-07-31 11:10:41,BV1W7GN6nEFR,2026-08-02,36.82194444444445,1.5342476851851854,0.07194016129706239,0.0045909768361818,0.016530859554552673,0.0025824244703522626,0.0012424609641608513,0.0043904001782903625,0.09306199768779685,0.06381660470879802,4.168224299065421,233968.08968082134,尾部低播放,0
红石军械4.0，即将上线,红石公司,单机游戏,154846,12838,3215,836,5340,1566,2227,150,2026-07-31 17:01:54,BV1gHGK6iEr1,2026-08-02,30.968333333333334,1.2903472222222223,0.08290817973987058,0.010113273833357013,0.03448587628999135,0.020762564095940482,0.005398912467871305,0.014382031179365306,0.12750732986321894,0.12198161707431064,5.573333333333333,120003.35826919971,尾部低播放,0
水岸猫部落已具雏形，它们也有自己的新餐厅啦。,五月妈院儿里的小流浪,喵星人,243897,31623,498,479,2762,6445,241,288,2026-07-31 09:54:21,BV1mpGw6EEs4,2026-08-02,38.094166666666666,1.5872569444444444,0.1296571913553672,0.026425089279490933,0.011324452535291537,0.0020418455331553892,0.0019639437959466494,0.0009881220351213831,0.1674067331701497,0.20380735540587547,1.6631944444444444,153659.43167151578,尾部低播放,0
无比血腥的禁书,不嘚瑟都掉毛,社科·法律·心理,431420,20045,136,439,4301,1910,522,1648,2026-07-29 12:43:58,BV1293y6PEDh,2026-08-02,83.26722222222222,3.469467592592592,0.04646284363265495,0.00442724027629688,0.00996940336562978,0.0003152380510871077,0.0010175698854944138,0.0012099578137313987,0.06085948727458161,0.09528560738338737,0.2663834951456311,124347.6091032219,尾部低播放,0
《桃李满大坝》,三角洲-安澜,网络游戏,953911,53891,1965,759,7242,1206,1360,185,2026-07-31 01:15:00,BV11A346LE4E,2026-08-02,46.75,1.9479166666666667,0.056494788297860074,0.0012642688888166716,0.0075919032278692665,0.0020599406024251737,0.0007956717136085022,0.0014257095263604256,0.06535096041454601,0.022378504759607357,4.102702702702703,489708.32085561496,腰部普通,0
融 合 读 评 论 2,蓝飘飘fly,单机游戏,302295,25969,1815,7699,5441,5971,643,1774,2026-07-31 23:00:00,BV1XnGK6KEpq,2026-08-02,25.0,1.0416666666666667,0.08590615127607139,0.019752228783142294,0.017998974511652523,0.0060040688731206274,0.025468499313584414,0.0021270613142790984,0.12365735457086621,0.22992799106627132,4.339909808342728,290203.19999999995,腰部普通,0
众生欢笑不已,GTI火箭兵鲁鲁鸟,网络游戏,1249686,66531,689,507,8179,1000,2474,231,2026-07-29 05:48:05,BV1AL3y6cEoR,2026-08-02,90.1986111111111,3.758275462962963,0.053238173429165404,0.000800201010493836,0.006544844064829085,0.000551338496230253,0.00040570191232037486,0.00197969729996175,0.06058321850448833,0.015030587245043664,2.1948051948051948,332515.8074003357,腰部普通,0
八一建军节，铁血铸军魂，愿国泰民安，向军人致敬,爱摆牌的龙龙1代摆,手工,68773,15266,110,362,1601,6253,103,147,2026-07-31 09:39:26,BV13XGw6fEBG,2026-08-02,38.342777777777776,1.5976157407407408,0.22197664781236823,0.09092230962732467,0.023279484681488376,0.0015994649062858971,0.005263693600686316,0.0014976807758858854,0.33617844212118125,0.4096030394340364,2.4625850340136055,43047.27241114508,尾部低播放,0
东北物价确实低，但真没想到会低到这个程度#日常vlog,演员王宁,美食记录,335028,28911,1759,954,4581,1205,2854,409,2026-07-31 08:30:00,BV1Tp3t6HEEa,2026-08-02,39.5,1.6458333333333333,0.08629427988108457,0.0035967143044760438,0.013673484007306853,0.005250307436990341,0.0028475231920914073,0.00851869097508268,0.10356447819286746,0.041679637508214865,2.332518337408313,203561.31645569621,尾部低播放,0
苦的怀疑人生了！,豌豌籽,美食记录,69700,5929,227,407,972,1973,89,191,2026-07-31 12:40:18,BV1q1GP63Er5,2026-08-02,35.32833333333333,1.472013888888889,0.08506456241032999,0.028307030129124822,0.0139454806312769,0.0032568149210903874,0.0058393113342898135,0.0012769010043041608,0.1273170731707317,0.3327711249789172,2.130890052356021,47350.09671179884,尾部低播放,0
宗主的天阶功法我已将将入门,反白飘艺术家,舞蹈综合,1765861,70209,1200,263,2753,5245,811,27,2026-07-31 07:56:14,BV1sNGA6SEfm,2026-08-02,40.062777777777775,1.6692824074074073,0.03975907503478473,0.0029702224580530406,0.0015590128554852278,0.000679555185827197,0.00014893584489379403,0.00045926604642154733,0.044288310348323,0.0747055220840633,9.74074074074074,1057856.3532234132,腰部普通,0
人类本身就是奇迹,朋友圈旅行日记,软件应用,1991871,111421,4465,292,20808,3287,880,18,2026-07-29 12:08:43,BV1u83166E4a,2026-08-02,83.85472222222222,3.4939467592592592,0.05593785942965182,0.0016502072674385037,0.010446459635187219,0.002241611028023401,0.00014659583878674873,0.00044179567853540715,0.06803452633227754,0.029500722484989365,16.22222222222222,570091.9725583598,腰部普通,0
答应你们的cos贝利亚…,egg2588,仿妆cos,1174566,156737,4792,408,18667,26622,9003,13,2026-07-30 04:43:12,BV1Qu3x6HEGB,2026-08-02,67.28,2.8033333333333332,0.13344248003092207,0.022665393004735367,0.015892678657478593,0.004079804795984219,0.0003473623449001589,0.0076649588018042406,0.17200055169313602,0.169851407134244,31.384615384615383,418989.0606420928,腰部普通,0
新老师班级发奖品，引起领导不满,脱缰凯Kk,小剧场,1163644,100702,2749,3680,9586,3549,723,319,2026-07-30 09:24:02,BV1pm346LEH8,2026-08-02,62.599444444444444,2.6083101851851853,0.08654021332985003,0.0030499018600190437,0.008237914688684856,0.0023624063717081856,0.0031624792462299467,0.0006213240475609379,0.09782802987855392,0.03524259696927568,11.536050156739812,446129.454468002,腰部普通,0
真相，给我编好了呀！,吟游诗人AT,综合,304514,26007,452,2468,4794,2242,1457,812,2026-07-31 09:30:00,BV12TGA6EEGA,2026-08-02,38.5,1.6041666666666667,0.08540494033115062,0.007362551475465824,0.015743118542989813,0.0014843324116460984,0.008104717681288873,0.004784673282673375,0.10851061034960625,0.08620755950321067,3.039408866995074,189826.9090909091,尾部低播放,0
当你旅游总是碰到用同一套攻略的人,比比老师,搞笑,2832390,141924,1592,222,5672,587,1023,17,2026-07-29 10:00:00,BV1j23r6GEmw,2026-08-02,86.0,3.5833333333333335,0.050107506381536444,0.00020724547113921458,0.00200254908398914,0.0005620694890181083,7.837903678518848e-05,0.0003611790749155307,0.0523173009366648,0.004136016459513543,13.058823529411764,790434.4186046511,腰部普通,0
【扒】大结局：无限选择就是个谎言，因为生命有限，你的每次选择都杀死了其他可能性《瑞克和莫蒂》9-10完美家人,周扒片,影视杂谈,519890,24618,929,734,3723,1754,336,820,2026-07-31 09:01:50,BV1YDGw6FErN,2026-08-02,38.96944444444444,1.6237268518518517,0.04735232453018908,0.0033737906095520206,0.007161130239089038,0.0017869164630979631,0.0014118371193906404,0.0006462905614649252,0.05788724537883014,0.0712486798277683,0.8951219512195122,320183.1634471452,腰部普通,0
李沁张雅琪关系的重要转折点！花五花七对比之为什么我会说张雅琪是“冷漠空心人”伪装的“小太阳”！！！李沁迟到那一天经受的打击影响有多大？！,糖兔loveing,影视剪辑,760196,22667,3444,4816,5141,7951,3621,1319,2026-07-30 09:20:49,BV1wm346LEaH,2026-08-02,62.653055555555554,2.6105439814814813,0.029817310272613903,0.010459144746881067,0.006762729611836948,0.004530410578324537,0.006335208288388784,0.004763245268325537,0.04703918463133192,0.3507742533198041,3.6512509476876422,291202.1423092782,腰部普通,0
限时券永久保存？全自动MK4逆天属性？Boss后刷多刷还不算任务？7月30日三角篓子大爆发！,Key725,网络游戏,767023,33940,3529,653,6997,7251,1852,163,2026-07-30 16:26:10,BV1hR3t6bEK3,2026-08-02,55.56388888888889,2.315162037037037,0.04424899905217966,0.009453432296032844,0.009122281861169743,0.004600905057605835,0.0008513434408094672,0.002414529942387647,0.06282471320938225,0.21364172068355922,4.006134969325154,331304.2403639454,腰部普通,0
1秒5肘！墨子迪迦，红色力量形态启动！！,最后一只渡渡鸟,电子竞技,503792,20907,494,399,6613,1958,634,361,2026-07-30 09:31:47,BV1dc3t6vELX,2026-08-02,62.47027777777778,2.602928240740741,0.04149926953981008,0.003886524597452917,0.01312644901070283,0.0009805634071203989,0.0007919935211357068,0.0012584558706767873,0.058512243147965826,0.09365284354522409,1.105263157894737,193548.17090794287,尾部低播放,0
挑战在不违反俄罗斯法律的情况下，从三角洲百万撤离！,晨露ZLQ,网络游戏,354855,27599,165,841,4234,1271,58,397,2026-07-31 10:00:00,BV1UcGA6pEf5,2026-08-02,38.0,1.5833333333333333,0.07777542940074114,0.0035817446562680533,0.011931634047709628,0.000464978653252737,0.002369982105366981,0.00016344704174944697,0.09328880810471883,0.04605239320265227,2.118387909319899,224118.94736842107,尾部低播放,0
鸡看到鸡蛋被人类拿走，为什么不生气,小动物大世界,动物二创,1998513,34485,1752,1287,7212,1348,1659,207,2026-07-28 13:27:36,BV1kW3q6rEod,2026-08-02,106.54,4.439166666666667,0.01725532933736233,0.0006745014918591973,0.003608683055852026,0.0008766517906063158,0.0006439787982364889,0.0008301171921323504,0.02153851388507355,0.03908945918515296,6.217391304347826,450200.0375445842,腰部普通,0
这世界是一个巨大的县城！,写手一条城,社科·法律·心理,292302,25467,970,261,4607,1134,1255,254,2026-07-31 01:56:24,BV1ZZGc6vEtF,2026-08-02,46.06,1.9191666666666667,0.08712564402569944,0.0038795492333271752,0.01576109640029832,0.003318485675773686,0.0008929121251308578,0.004293504662985542,0.10676628965932494,0.04452821298150548,1.0275590551181102,152306.73035171514,尾部低播放,0
于是我为Verity制做了一首同人曲,Maxy不是白抹布,单机游戏,92933,21565,332,382,10427,2621,434,231,2026-07-30 23:50:00,BV1vh3h6kEty,2026-08-02,48.166666666666664,2.006944444444444,0.23204889544080143,0.028203114071427803,0.1121991111876298,0.003572466185316303,0.004110488201177192,0.004670031097672517,0.37245112069985903,0.12153953164850452,1.6536796536796536,46305.71626297579,尾部低播放,0
你和闺蜜人生通关后belike,五十岚上夏,搞笑,225739,33059,447,122,2207,585,1401,81,2026-07-31 11:59:24,BV1rEGN6UE8p,2026-08-02,36.01,1.5004166666666665,0.14644788893368005,0.0025914884003207244,0.009776777605996306,0.0019801629315271177,0.0005404471535711596,0.0062062824766655296,0.15881615493999707,0.017695635076681086,1.5061728395061729,150450.87475701194,尾部低播放,0
三角洲三选一赏金赛 选手装备：海洋之泪   m7能否清图？,贝利亚打洲,电子竞技,1192036,37728,184,590,31911,7447,61,167,2026-07-30 09:08:04,BV1J93463Et2,2026-08-02,62.86555555555555,2.619398148148148,0.031650050837390815,0.006247294544795627,0.026770164659456593,0.0001543577542960112,0.0004949514947535142,5.117295115248197e-05,0.06466751004164303,0.19738655640373198,3.532934131736527,455080.11099524563,腰部普通,0
插翅难逃！警方联合多部门整治未成年人“飙车炸街”行为。,中国青年报,亲子,1645709,142021,4390,1481,7251,2328,3760,43,2026-07-30 05:00:00,BV1eF3W6DEiz,2026-08-02,67.0,2.7916666666666665,0.08629775981051328,0.0014145878767145347,0.004406003734560605,0.0026675432898525804,0.0008999160847999252,0.002284729560329317,0.09211835142178842,0.016391942036741044,34.44186046511628,589507.7014925374,腰部普通,0
官方要来？战士/射手加强！泰拉瑞亚7月份发生了什么？,粉史莱姆,单机游戏,364744,19610,1397,1148,2070,633,3774,381,2026-07-31 10:36:36,BV1nBGw6uEN8,2026-08-02,37.39,1.5579166666666666,0.05376373566117606,0.00173546377733424,0.005675213300287325,0.00383008356545961,0.003147412980062729,0.010346983089509355,0.061174412738797625,0.032279449260581336,3.0131233595800526,234122.92056699653,尾部低播放,0
韩国黄金时代熔断辣，李在明如何力挽狂澜？,麻薯波比呀,社科·法律·心理,1769250,79618,6694,6667,10327,7945,2684,1100,2026-07-29 09:51:20,BV1nx326wE9p,2026-08-02,86.14444444444445,3.589351851851852,0.045000989119683484,0.004490603363006924,0.005836936555037445,0.0037835240921294333,0.00376826338844143,0.0015170269888370779,0.05532852903772785,0.09978899243889573,6.060909090909091,492916.2904682059,腰部普通,0
日本黄金音乐时代，真正的幕后主使是谁？！丨HOPICO,HOPICO,乐评盘点,509083,37859,763,467,10567,4269,968,1312,2026-07-31 09:30:00,BV1NSGA6SEhw,2026-08-02,38.5,1.6041666666666667,0.074367048202356,0.008385665991596656,0.020756929616585113,0.0014987732845135272,0.0009173356800364577,0.0019014581119385248,0.10350964381053777,0.11276050608838056,0.3559451219512195,317350.44155844155,腰部普通,0
这桌坏女人谁都不好惹！🍷《Tough Love》重填词翻唱【绝区零生日会】,莉莉莉莉尔,翻唱,361042,40662,831,400,22293,26466,3148,279,2026-07-30 12:30:00,BV1a13v6UE2M,2026-08-02,59.5,2.4791666666666665,0.1126240160424549,0.07330449089025654,0.06174627882628614,0.0023016712737022283,0.0011079043435389788,0.008719207183651764,0.24767478575899757,0.6508779696030692,1.4336917562724014,145630.38655462186,尾部低播放,0
努力自律太难了我真的试过了，对不起，大家取关我吧,南咲灰,日常,1235655,98913,3940,2248,39637,20158,1745,1017,2026-07-27 17:42:36,BV1cM3P6CEns,2026-08-02,126.29,5.262083333333334,0.08004904281534894,0.016313615046271004,0.03207772396016687,0.0031885922850633875,0.0018192780347265215,0.0014122064815826423,0.12844038182178683,0.20379525441549645,2.2104228121927236,234822.39290521812,尾部低播放,0
【三哥向前冲】秃头老红vs蛮力老绿~谁能去能胜利~急的人得脑血栓,-超级小能猫-,搞笑,1571398,72868,545,2580,7303,2960,823,342,2026-07-28 10:27:04,BV1AN3B6CETA,2026-08-02,109.54888888888888,4.564537037037037,0.04637144758998039,0.0018836730096385512,0.004647454050469709,0.00034682492913953053,0.0016418501232660344,0.0005237374618015296,0.05290257465008865,0.04062139759565241,7.543859649122807,344262.29588007386,腰部普通,0
“记忆碎片”,shark_白鲨糖,综合,91535,24012,494,73,7035,3136,373,45,2026-07-31 23:45:51,BV1pEGT64Ezo,2026-08-02,24.235833333333332,1.0098263888888888,0.26232588627301034,0.03426011908013328,0.07685584749003113,0.005396842737750587,0.0007975091495056536,0.004074944010487792,0.3734418528431747,0.13060136598367483,1.6222222222222222,90644.29391740881,尾部低播放,0
我也有今天,GTI火箭兵鲁鲁鸟,网络游戏,678506,22177,319,408,3122,572,518,316,2026-07-30 07:28:05,BV12q3s65Ecq,2026-08-02,64.53194444444445,2.6888310185185187,0.03268504626340814,0.0008430286541312826,0.004601285766080182,0.0004701505955732153,0.0006013211379118239,0.0007634420329370705,0.0381293606836196,0.025792487712494927,1.2911392405063291,252342.37307104576,腰部普通,0
几百块的尼康D90拍摄高画质手办,忠祥传媒,数码,108953,9452,457,112,2442,599,484,155,2026-07-30 06:07:07,BV19F3x6tEdm,2026-08-02,65.88138888888889,2.7450578703703705,0.08675300358870339,0.005497783447908731,0.022413334189971823,0.004194469174781786,0.001027966187255055,0.004442282452066487,0.11466412122658394,0.06337283114684723,0.7225806451612903,39690.602218633656,尾部低播放,0
“你像窝在被子里的舒服”,青枫岚风,日常,160332,31477,421,1187,5825,6923,112,80,2026-07-31 12:19:14,BV1RXGP6iEBG,2026-08-02,35.67944444444444,1.4866435185185185,0.19632387795324702,0.043179153256991745,0.03633086345832398,0.0026258014619664196,0.007403387969962328,0.0006985505076965297,0.27583389466856273,0.21993836769704864,14.8375,107848.31602385438,尾部低播放,0
一秒变异！夺舍6头6甲+ASval+AWM，633万撤离！,苏醒游戏解说,网络游戏,4214364,78130,873,1825,22160,1871,624,268,2026-07-26 09:30:00,BV1re3j65Ebt,2026-08-02,158.5,6.604166666666667,0.01853897764882198,0.0004439578546134126,0.005258207406859019,0.0002071486943225597,0.00043304280313708073,0.00014806504611371965,0.024241142910294413,0.023947267374888007,6.809701492537314,638137.1356466877,腰部普通,0
这地方满街都是猪脚香，又来浪一把…,野文不懂吃,美食记录,1213500,24060,2156,1992,5348,2116,3391,594,2026-07-29 10:00:00,BV1cp3y64ENG,2026-08-02,86.0,3.5833333333333335,0.019826946847960446,0.0017437165224557067,0.004407086938607334,0.0017766790276060982,0.0016415327564894932,0.0027943963741244335,0.025977750309023485,0.08794679966749792,3.3535353535353534,338651.16279069765,腰部普通,0
沉浸式体验清代御厨做古法椰香雪团【AI全民制作人】,老辈人讲古今,美食制作,3342797,69874,1347,474,18708,1246,343,113,2026-07-26 14:48:07,BV1SVg96bEZE,2026-08-02,153.19805555555556,6.383252314814815,0.020902854705206447,0.000372741748900696,0.005596510945773853,0.00040295596771206866,0.00014179742293654086,0.00010260868368614665,0.026872107399881,0.017832097775996793,4.1946902654867255,523682.4169149231,腰部普通,0
花了100w装工作室，是梦中情司还是拉完了？,小鹿Lawrence,家居房产,437291,27358,996,3449,6318,14421,1046,1191,2026-07-30 10:00:00,BV1LS3r6gE7k,2026-08-02,62.0,2.5833333333333335,0.06256245840870267,0.03297803979501065,0.014448044894589644,0.0022776594990521187,0.007887196397822045,0.0023919998353499157,0.10998854309830296,0.5271218656334528,2.895885810243493,169273.93548387097,尾部低播放,0
真戴2.6米大翅膀跳30分钟啊‼️,矮乐多Aliga,日常,470865,43959,1029,892,16093,6739,1133,1883,2026-07-31 04:05:00,BV1qr3t6uE4L,2026-08-02,43.916666666666664,1.829861111111111,0.09335796884457329,0.014311957779830737,0.03417752434349548,0.0021853397470612598,0.0018943858643135506,0.002406209847833243,0.1418474509678995,0.1533019404445051,0.47371216144450345,257322.80834914613,腰部普通,0
【Creepy Things动画】17集：善意,GHS动画,同人·手书,646420,70519,832,128,6669,844,126,47,2026-07-31 04:15:00,BV11Tgo6cEDB,2026-08-02,43.75,1.8229166666666667,0.10909161226447202,0.001305652671637635,0.010316821880511123,0.0012870888895764364,0.00019801367531945176,0.00019491971164258532,0.12071408681662077,0.01196840567790241,2.723404255319149,354607.54285714286,腰部普通,0
天下无双！#大晶 #宫本武藏 #倒也可斩 #刃牙 #二次元 #cos,大晶本人,日常,655733,70548,1048,166,6528,1958,842,28,2026-07-31 12:49:28,BV1ScGN6cEs3,2026-08-02,35.175555555555555,1.465648148148148,0.10758647193293612,0.0029859714243449698,0.009955271429072503,0.0015982114671672769,0.0002531518163642824,0.001284059213124854,0.12052771478635359,0.02775415320065771,5.928571428571429,447401.3772190284,腰部普通,0
山 东  人 能 飞 ⚡⚡⚡,小思孩子啊,搞笑,1097075,48025,5151,706,5750,1029,15507,85,2026-07-31 08:06:18,BV11MGA6mEpw,2026-08-02,39.895,1.6622916666666667,0.04377549392703325,0.0009379486361461158,0.005241209580019598,0.0046952122689879906,0.0006435293849554497,0.014134858601280678,0.04995465214319896,0.021426340447683496,8.305882352941177,659977.4407820528,腰部普通,0
抽象历史人物志——爱迪生,抽象历史人物志,人文历史,635904,53532,922,371,6361,1178,949,150,2026-07-31 00:37:16,BV1ms3a6vEqv,2026-08-02,47.37888888888889,1.9741203703703702,0.08418251811594203,0.0018524808776167472,0.010003082226247987,0.0014499043880837358,0.0005834213969404187,0.0014923636272141706,0.09603808121980677,0.02200552940297392,2.473333333333333,322120.17541802494,腰部普通,0
我见过的最好的AirPods保护套设计,一普通正常人,数码,3184184,112899,2740,228,9976,556,6038,22,2026-07-30 05:07:39,BV11E3x6LEYF,2026-08-02,66.8725,2.786354166666667,0.03545617966800914,0.0001746130248754469,0.0031329847772616154,0.0008605030362566987,7.160390228705376e-05,0.0018962472017948712,0.0387637774701462,0.004924755755143978,10.363636363636363,1142777.9131930165,腰部普通,0
"【中文歌单】""该怎么去形容你最贴切""",灵魂典当人,音乐综合,3364538,55053,271,72,39468,938,158,2231,2026-07-30 00:00:00,BV1kR3J64EuK,2026-08-02,72.0,3.0,0.016362722014136858,0.00027879013403920536,0.011730585298783965,8.054597689192394e-05,2.1399669137337725e-05,4.696038505138001e-05,0.028372097446960027,0.017038126895900313,0.03227252353204841,1121512.6666666667,腰部普通,0
不会弹反化解的侦探不是好主角，白银之城到底怎么玩？,你的影月月,手机游戏,498768,37640,639,157,3362,1274,267,286,2026-07-31 04:00:00,BV1Vs346cEXJ,2026-08-02,44.0,1.8333333333333333,0.0754659480961088,0.0025542937798736084,0.00674060886023161,0.0012811567702819748,0.00031477560709588425,0.0005353190260802618,0.08476085073621403,0.03384697130712008,0.548951048951049,272055.27272727276,腰部普通,0
买齐20台二手 iPhone，1000到7000元怎么选？,先看评测,数码,193910,13856,186,109,2723,2808,139,858,2026-07-31 11:26:37,BV1H7GN6JEnD,2026-08-02,36.55638888888889,1.5231828703703705,0.07145583002423805,0.01448094476819143,0.014042597081120108,0.0009592078799443041,0.0005621164457738126,0.0007168273941519261,0.09997937187354959,0.20265588914549654,0.12703962703962704,127305.79090142321,尾部低播放,0
【手书】这下跳进黄河都洗不清了【B萌应援】,卡哇伊的桢子酱,绘画,222825,27569,988,236,4148,1885,532,32,2026-07-31 23:25:53,BV1MDGT6vEji,2026-08-02,24.56861111111111,1.0236921296296295,0.12372489621900595,0.008459553461236396,0.01861550544148996,0.004433972848648042,0.001059127117693257,0.002387523841579715,0.1507999551217323,0.06837389821901411,7.375,217667.98195529528,尾部低播放,0
【下饭神篇】没有深刻，只有快乐！曹雪芹看了都美的五小时红楼精讲！,让让悠哉大王,影视杂谈,283113,12282,503,1373,12543,6850,694,18371,2026-07-30 11:00:36,BV1Ti346XEZw,2026-08-02,60.99,2.5412500000000002,0.04338197115639338,0.02419528598121598,0.044303864534655776,0.0017766757443141079,0.004849653671855408,0.002451318024958232,0.11188112167226513,0.557726754600228,0.07473735779217244,111406.98475159862,尾部低播放,0
请扶起倒地的企鹅!这孤岛只有你一人！你逃不出去！,与山0v0,单机游戏,4177155,114132,2055,8621,66228,13756,1373,2610,2026-07-28 09:13:56,BV19y3v6JEc8,2026-08-02,110.76777777777778,4.615324074074074,0.02732290278909928,0.003293150481607697,0.015854810271584367,0.0004919616341744561,0.0020638448896437888,0.00032869261494964877,0.046470863542291345,0.12052710896155329,3.303065134099617,905062.1219568467,腰部普通,0
跑死一切地球生物，人类耐力为什么这么强？,上将王司徒,科学科普,638252,27747,1140,399,2873,672,137,255,2026-07-31 11:00:00,BV1cX3b6SEC6,2026-08-02,37.0,1.5416666666666667,0.043473424290092315,0.0010528756666645777,0.004501356830844243,0.0017861283630916942,0.000625144927082093,0.00021464875942417728,0.04902765678760113,0.0242188344685912,1.5647058823529412,414001.2972972973,腰部普通,0
刀片风暴,脱缰凯Kk,小剧场,2282655,191453,1736,4637,16601,7760,1810,295,2026-07-29 09:25:08,BV18T3265Ewo,2026-08-02,86.58111111111111,3.6075462962962965,0.08387294619642478,0.003399550085317317,0.0072726715162825745,0.0007605179056843894,0.0020314064105175773,0.0007929362956732402,0.09454516779802467,0.04053214104767228,15.71864406779661,632744.4785236708,腰部普通,0
假装跟空气打架，实则跑3公里，不被发现,L泓帆,日常,531232,24472,1087,704,7211,4133,1294,136,2026-07-31 09:45:39,BV1gdGw6oEBc,2026-08-02,38.23916666666667,1.5932986111111112,0.046066502017950726,0.0077800283115474975,0.013574106981507138,0.002046186976688151,0.0013252213722064936,0.002435847238118186,0.06742063731100537,0.16888689114089572,5.176470588235294,333416.47089589643,腰部普通,0
花20646元带罕见病PAPA综合征儿童吃饭，看看能吃什么,橙飞一下,美食记录,1233748,111686,3527,2152,12038,82031,1941,1034,2026-07-30 08:54:25,BV1cD346VEzb,2026-08-02,63.09305555555556,2.628877314814815,0.09052577998100098,0.06648926685190168,0.009757259991505559,0.00285876856537964,0.0017442784101777673,0.001573254829997698,0.16677230682440822,0.7344788066543703,2.081237911025145,469306.0391397187,腰部普通,0
再不玩钟无艳就要加强了（50%）,流夜一动不动,电子竞技,662265,33556,830,572,983,558,520,190,2026-07-31 06:50:10,BV1LbGA6PEjz,2026-08-02,41.16388888888889,1.715162037037037,0.050668539028938565,0.0008425630223550995,0.0014843000913531592,0.0012532747465138576,0.0008637025963926827,0.0007851841785388024,0.05299540214264683,0.016628918822267254,3.0105263157894737,386123.8680072879,腰部普通,0
如果你是顾客会打我吗,马叔叔教蛋糕收学员,美食制作,2299450,57332,1628,235,3275,657,285,38,2026-07-30 08:10:34,BV1D33t6ZEMb,2026-08-02,63.82388888888889,2.6593287037037037,0.02493291874143817,0.0002857204983800474,0.0014242536258670551,0.0007079953902020048,0.00010219835177977343,0.00012394268194568266,0.02664289286568527,0.011459568827182028,6.184210526315789,864673.1021996292,腰部普通,0
锅已就位,脱缰凯Kk,小剧场,3878385,223449,2477,5246,18674,6632,1700,290,2026-07-28 09:10:03,BV1Qy3v6JEiq,2026-08-02,110.8325,4.6180208333333335,0.057613929509318956,0.001709990111863572,0.004814890734158677,0.00063866789913843,0.0013526248683408172,0.0004383267777696129,0.0641388103553412,0.02968015072790659,18.089655172413792,839837.0514064016,腰部普通,0
养到绝世好猫了,宫百万_,喵星人,2900247,263268,3847,1026,15098,1450,8234,37,2026-07-28 05:00:00,BV1s73A6mECg,2026-08-02,115.0,4.791666666666667,0.09077433749608223,0.0004999574174199646,0.005205763509108017,0.0013264387481480026,0.0003537629726019887,0.002839068534507578,0.09648005842261022,0.005507695580169257,27.72972972972973,605268.9391304348,腰部普通,0
MC最热门的生物模组！Alex的生物！末地篇！模组讲解！,restart浪生,单机游戏,404757,22094,423,789,8396,2985,328,760,2026-07-31 10:08:20,BV12WGw6mE3h,2026-08-02,37.861111111111114,1.5775462962962965,0.05458583792250659,0.007374795247518882,0.020743310183641048,0.0010450714873368465,0.001949317738791423,0.0008103627608663964,0.08270394335366651,0.13510455327238163,1.0381578947368422,256573.76962582534,腰部普通,0
热烈欢迎“苟师”孙浩！听说浩哥是个讲究人，今天看看他都用什么讲究物？（本期又名《热烈欢迎之孙浩打歌大舞台》,papi酱,短片,1331659,115695,3005,21307,10959,37216,5187,2066,2026-07-30 04:00:00,BV1xj3v6BEZ6,2026-08-02,68.0,2.8333333333333335,0.08688034999951189,0.027947094563998742,0.008229584300485334,0.002256583704987538,0.01600034243000648,0.003895141323717258,0.12305702886399596,0.32167336531397206,10.313165537270088,469997.29411764705,腰部普通,0
omg这是我唱的难度最高的中文歌,ChrisJames_,原创音乐,4102596,315332,3375,1169,14221,14753,2598,46,2026-07-29 11:00:15,BV1jd316QEV4,2026-08-02,84.99583333333334,3.5414930555555557,0.07686157740123571,0.0035960157909772253,0.003466341799192511,0.0008226498538973859,0.00028494153457956864,0.0006332575764223434,0.08392393499140544,0.04678561008714625,25.41304347826087,1158436.833178097,腰部普通,0
白鹿露思演唱会折磨，双男主cp边麦边磕，短剧长吃这一秒上火,接二连珊妄想症,娱乐杂谈,965961,71767,3637,36509,7933,16325,4894,973,2026-07-30 10:00:00,BV1Py3467EwN,2026-08-02,62.0,2.5833333333333335,0.07429596018886891,0.01690026823029087,0.008212546883362785,0.003765162361627436,0.03779552176537148,0.005066457134397765,0.09940877530252257,0.22747223654325804,37.522096608427546,373920.3870967742,腰部普通,0
为了吸引玩家，现在的游戏厂商究竟有多拼？,艾力弗恩,单机游戏,296443,16188,342,880,3221,2148,370,292,2026-07-31 03:00:00,BV1mJ3t6pEo3,2026-08-02,45.0,1.875,0.05460746248013952,0.007245912367638972,0.010865495221678366,0.00115367878479168,0.002968530206481516,0.0012481320186342737,0.07271887006945686,0.13269088213491476,3.0136986301369864,158102.93333333332,尾部低播放,0
当医学生去医院看病,无奈の老王君,影视剪辑,3251546,96649,1298,324,9214,583,2235,71,2026-07-30 02:00:00,BV1hngq6SEaR,2026-08-02,70.0,2.9166666666666665,0.0297240143611685,0.0001792993240753783,0.0028337289400180714,0.00039919472152631397,9.964490737636804e-05,0.0006873653332906869,0.032737042625261954,0.006032136907779697,4.563380281690141,1114815.7714285715,腰部普通,0
旅 行 的 小 陈,小陈的脚凑凑的,日常,512426,81059,1205,767,15566,12058,1932,126,2026-07-30 23:00:00,BV14M3h6bEHv,2026-08-02,49.0,2.0416666666666665,0.15818674306143715,0.02353120255412489,0.03037706907924266,0.002351559054380535,0.0014968014893857846,0.003770300492168625,0.2120950146948047,0.1487558445083211,6.087301587301587,250984.16326530615,腰部普通,0
【男生翻唱】像个笨蛋一样去唱了……,社恐的小轩橙,翻唱,201055,41011,886,393,12498,2422,329,130,2026-07-29 07:52:30,BV13H3C6MEQF,2026-08-02,88.125,3.671875,0.2039790107184601,0.012046454950138022,0.06216209494914327,0.004406754370694586,0.0019546890154435352,0.0016363681579667254,0.2781875606177414,0.05905732608324596,3.023076923076923,54755.40425531915,尾部低播放,0
“如果决算有限制，我希望是一万次。”,水水水木木木沐,手机游戏,466505,44575,1222,328,2640,527,3177,140,2026-07-28 15:23:23,BV1gX3z68EUz,2026-08-02,104.61027777777778,4.358761574074074,0.09555095872498687,0.0011296770666981062,0.005659103332225807,0.0026194788909014908,0.0007031007170341154,0.006810216396394465,0.10233973912391078,0.01182277061132922,2.342857142857143,107026.95985363665,尾部低播放,0
一个社牛在绿皮火车上会做出什么离谱的事…,薛定谔的咖啡橘猫,美食记录,3572427,107407,4792,1323,21344,3494,1658,172,2026-07-27 01:56:41,BV1YSgd6kEkB,2026-08-02,142.05527777777777,5.918969907407408,0.03006555487347957,0.0009780465772988504,0.005974649726922341,0.0013413850024087267,0.00037033646873679994,0.00046411025333757694,0.03701825117770076,0.03253046821901738,7.691860465116279,603555.5267022422,腰部普通,0
《评论区！桌搭锐评12》男人的秘密基地！【B萌应援】,ACG外观研究社,数码,404929,23258,409,544,6883,5377,175,541,2026-07-31 09:35:00,BV1LH346AEgp,2026-08-02,38.416666666666664,1.6006944444444444,0.0574372297365711,0.013278871110737932,0.016998041631989806,0.0010100536143373283,0.001343445394130823,0.00043217452936193754,0.08771414247929885,0.23118926820878838,1.0055452865064696,252970.82863340565,腰部普通,0
偷窃癖、囤积癖、恋物癖....每个人心中都有一只蜗牛《蜗牛回忆录》剧情拆解+细节隐喻分析,一起干杯叭,影视杂谈,3020092,67297,439,1138,50624,5370,901,2646,2026-07-28 08:20:29,BV1jY3v6oEmp,2026-08-02,111.65861111111111,4.652442129629629,0.022283096011644677,0.0017780915283375474,0.01676240326453631,0.00014535981023094661,0.0003768097130815882,0.0002983352825013278,0.040823590804518535,0.07979553323327934,0.43008314436885864,649141.2285960928,腰部普通,0
我逮住蕾米埃尔了！,鼎芸,同人·手书,1857644,220823,2770,782,55444,20628,4954,293,2026-07-29 03:38:40,BV1d23r6GEqQ,2026-08-02,92.35555555555555,3.848148148148148,0.1188726149897397,0.011104388138954504,0.02984640760016451,0.0014911360842012787,0.0004209633277420216,0.0026668188307339834,0.1598234107288587,0.09341418239947831,2.6689419795221845,482737.13185755536,腰部普通,0
我来抢走孙傲的饭碗,杜海皇,搞笑,1644876,105282,3193,12774,27540,33373,1708,796,2026-07-29 10:27:48,BV1JU3164Ek7,2026-08-02,85.53666666666666,3.5640277777777776,0.06400604057691887,0.020289067382586894,0.016742903416427743,0.0019411797606628098,0.007765934939776615,0.0010383761450711178,0.1010380113759335,0.31698675937007276,16.047738693467338,461521.6554304197,腰部普通,0
在欧洲最高，最危险的宾馆住一晚！我睡不着了... | 意大利 玛格丽特山屋,鹏的世界_,出行,639294,28579,732,1631,9643,5075,1058,2033,2026-07-30 09:49:04,BV1Eo346uEVd,2026-08-02,62.18222222222222,2.590925925925926,0.04470400160176695,0.00793844459669573,0.015083826846490034,0.0011450130925677387,0.0025512518496966967,0.001654950617399819,0.06772627304495271,0.17757794184541095,0.8022626660108214,246743.44936030303,腰部普通,0
这智人是怎么说服野人的啊！,丁D家D乐,搞笑,834302,58748,972,485,11095,702,1690,76,2026-07-31 10:33:18,BV1FvGw63Eee,2026-08-02,37.445,1.5602083333333334,0.07041574873367198,0.0008414219311472345,0.013298541775040692,0.0011650457508192477,0.0005813242686700979,0.0020256453897988975,0.0845557124398599,0.011949342956355961,6.381578947368421,534737.5617572439,腰部普通,0
谁种的？我摘走了哈！,圆圆的智子,喵星人,283545,22856,185,472,5840,19688,196,295,2026-07-30 09:10:00,BV1xq3s65E8z,2026-08-02,62.833333333333336,2.618055555555556,0.08060801636424554,0.06943518665467563,0.02059637799996473,0.0006524537551358691,0.0016646387698601632,0.0006912483027385423,0.17063958101888588,0.8613930696534827,1.6,108303.66047745357,尾部低播放,0
兄弟们，挑战带良子登顶峨眉山，你们猜猜能成功吗？,健身华哥,运动综合,1216124,40017,6952,3735,4793,3486,7117,834,2026-07-30 03:15:55,BV1qv3x6eEtS,2026-08-02,68.73472222222222,2.863946759259259,0.03290536162430805,0.0028664840098542583,0.003941209942407189,0.005716522328315205,0.003071232867700991,0.0058521992823100276,0.0397130555765695,0.08711297698478147,4.4784172661870505,424632.19543737,腰部普通,0
当你打「主播巅峰赛」 被职业哥撕咬,QG吃饱辣,电子竞技,1364804,42048,176,344,42589,3611,227,423,2026-07-31 00:30:00,BV1z23a6nEGg,2026-08-02,47.5,1.9791666666666667,0.03080881943487856,0.002645801155330729,0.031205213349316092,0.0001289562457319879,0.0002520508439307036,0.000166324248756598,0.06465983393952539,0.08587804414003045,0.8132387706855791,689585.1789473684,腰部普通,0
这样唱可以像张韶涵一样治愈你吗？经典神曲翻唱《隐形的翅膀》,真栗,翻唱,534093,34220,1175,2246,8803,7708,1590,202,2026-07-31 04:28:36,BV1kgGc6BE8d,2026-08-02,43.52333333333333,1.8134722222222222,0.06407123852961938,0.014431943500476508,0.016482148240100507,0.0021999913872677605,0.00420526013259863,0.002977009621919778,0.09498533027019639,0.22524839275277617,11.118811881188119,294514.0231293559,腰部普通,0
雾都追凶【绝区零生日会】,哈米伦的弄笛者,GMV,584539,51233,507,790,15083,18432,3154,154,2026-07-30 12:30:00,BV1yt3z62EBX,2026-08-02,59.5,2.4791666666666665,0.08764684648928472,0.03153254102805801,0.025803239818044648,0.0008673501682522467,0.001351492372621844,0.005395704991454805,0.1449826273353874,0.35976811820506316,5.12987012987013,235780.43697478992,尾部低播放,0
"穗穗: ""今晚, 一同沉醉于夜色中吧🎵~""【鸣潮/NIGHT DANCER】",Cypher摸鱼中,MAD·AMV,272989,27882,542,162,11359,5717,2080,131,2026-07-30 09:30:00,BV1K73W6uEcH,2026-08-02,62.5,2.6041666666666665,0.10213598350116672,0.020942235767741558,0.041609735190795236,0.001985427984277755,0.0005934305045258234,0.0076193546260105716,0.1646879544597035,0.20504267986514596,1.2366412213740459,104827.77600000001,尾部低播放,0
全灭！奶曼五兄弟！,ZC先生V,特摄,123201,4022,464,248,1364,996,2696,331,2026-07-31 18:04:58,BV1EKGK62EdA,2026-08-02,29.91722222222222,1.246550925925926,0.032645838913645184,0.008084349964691845,0.011071338706666342,0.0037662031964026265,0.002012970673939335,0.02188293926185664,0.051801527585003365,0.24763799104922923,0.7492447129909365,98833.50727005997,尾部低播放,0
国产烂片为什么动辄成本几个亿？拆解《749局》和华文映像的资本杀猪盘【银幕黑金档案04】,鱼丸队长,社科·法律·心理,771215,30093,947,1270,8161,13076,1271,908,2026-07-31 02:00:00,BV1fc386VEXk,2026-08-02,46.0,1.9166666666666667,0.03902024727216146,0.01695506441135092,0.010582003721400647,0.0012279325479924534,0.001646752202693153,0.001648048857970864,0.06655731540491303,0.4345196557338916,1.3986784140969164,402373.04347826086,腰部普通,0
二哈见到同伴被打，果断越狱去帮忙，结果……,哈仔十一,日常,217360,9922,418,885,621,1791,104,417,2026-07-30 02:30:00,BV1CZ3H6AEMa,2026-08-02,69.5,2.8958333333333335,0.045647773279352225,0.008239786529260213,0.0028570114096429884,0.0019230769230769232,0.004071586308428413,0.0004784688995215311,0.05674457121825543,0.18050796210441444,2.1223021582733814,75059.56834532374,尾部低播放,0
《三角洲达人秀》第六期,迪仔三角洲,日常,607153,52557,981,549,10415,12218,3770,303,2026-07-30 03:37:01,BV1Be3x6NEpU,2026-08-02,68.38305555555556,2.8492939814814817,0.08656302447653227,0.020123428526252856,0.017153831077174945,0.001615737713558197,0.0009042201883215598,0.0062093080327363945,0.12384028407996008,0.23247141199079094,1.811881188118812,213088.92797517253,尾部低播放,0
【鹰角嘉年华】我就这样救场…,v汐小豹V,日常,182683,24005,289,110,1769,953,351,188,2026-07-31 09:23:05,BV1bZGw6sEhu,2026-08-02,38.61527777777778,1.6089699074074073,0.1314024840844523,0.005216686829097398,0.009683440714242705,0.001581975334322296,0.0006021359403994898,0.0019213610461838266,0.1463026116277924,0.03970006248698188,0.5851063829787234,113540.34600582672,尾部低播放,0
“当全世界都知道你10天后成为超人（8）”,小火猫meme日记,日常,753310,33490,1149,456,11750,1415,180,148,2026-07-31 06:12:52,BV1hDGF6HEpF,2026-08-02,41.785555555555554,1.7410648148148147,0.04445712920311691,0.0018783767638820672,0.015597828251317518,0.0015252684817671344,0.000605328483625599,0.00023894545406273645,0.061933334218316496,0.042251418333830996,3.081081081081081,432672.0025527163,腰部普通,0
【影流之主1】更新啦，赶紧来围观吧！,影流之主1,日常,887089,105864,645,324,4848,1334,382,101,2026-07-28 07:41:38,BV1cT3i6eE8M,2026-08-02,112.30611111111111,4.679421296296296,0.11933864584049628,0.0015037949968943363,0.005465066075669972,0.0007270972811070817,0.0003652395644630922,0.00043062195563241116,0.12630750691306059,0.012601073074888535,3.207920792079208,189572.37312701892,尾部低播放,0
天使or恶魔？蕾米埃尔本人唱了【Two to Tango】…？,捡猫怪,翻唱,456788,43999,489,160,16613,1886,415,158,2026-07-30 10:55:06,BV138346oELb,2026-08-02,61.08166666666666,2.545069444444444,0.09632258290498,0.004128830004290831,0.03636916906748864,0.0010705184899778453,0.00035027189856125815,0.0009085177368932634,0.13682058197675945,0.04286461055933089,1.0126582278481013,179479.58198040875,尾部低播放,0
2026年「绝区零生日会」,邦布帮,同人·手书,819607,83888,3446,19379,36033,43929,5461,5093,2026-07-30 12:30:00,BV1Gk3v6DEEt,2026-08-02,59.5,2.4791666666666665,0.10235149284962183,0.05359763886838448,0.04396375335984197,0.004204454085921667,0.023644258772802088,0.0066629494379623405,0.1999128850778483,0.5236625023841313,3.8050265069703513,330597.7815126051,腰部普通,0
看古人如何将水仙子变废为宝？,走遍中国博物馆,人文历史,2232302,70546,5209,1919,6085,1057,9062,80,2026-07-30 06:00:00,BV1xH3z6DEzk,2026-08-02,66.0,2.75,0.03160235487850658,0.0004735022411842125,0.0027258856552563227,0.0023334656332342127,0.0008596507103429554,0.0040594865748451595,0.03480174277494712,0.014983131573724946,23.9875,811746.1818181818,腰部普通,0
真实事件不改编,七颗猩猩QKXX,日常,1133548,42772,1096,721,3554,829,724,159,2026-07-30 10:49:14,BV1xz346DEB3,2026-08-02,61.17944444444444,2.5491435185185183,0.037732852953734644,0.0007313320653382124,0.003135288492414966,0.0009668756858994943,0.0006360559940999411,0.0006387025516343375,0.04159947351148782,0.019381838585990834,4.534591194968553,444677.9837091253,腰部普通,0
【洛天依/诗岸原创】“只要有你陪我听!”,冬瓜Key_P,VOCALOID·UTAU,100534,29109,849,348,16511,4591,1361,207,2026-07-31 09:00:00,BV1znGA6zEbW,2026-08-02,39.0,1.625,0.28954383591620747,0.045666142797461555,0.1642329958024151,0.008444904211510534,0.003461515507191597,0.013537708635884377,0.4994429745160841,0.15771754440207497,1.681159420289855,61867.07692307692,尾部低播放,0
“他可以不懂事 但是我不能不懂”,拉挖稀,科学科普,2071214,159530,3122,446,9731,1003,600,36,2026-07-30 12:22:43,BV1HQ3b6nEXY,2026-08-02,59.62138888888889,2.484224537037037,0.07702246122322463,0.00048425705890361883,0.004698210807767811,0.001507328552240377,0.00021533265032005385,0.00028968517980276304,0.08220492908989607,0.006287218704945779,12.38888888888889,833746.6960496095,腰部普通,0
送外卖克服社恐的一天,Skm破音小魔王,出行,1866882,67023,362,398,4336,866,341,295,2026-07-29 08:51:16,BV14t3C6AE79,2026-08-02,87.14555555555556,3.631064814814815,0.0359010371303596,0.0004638750601269925,0.0023225892156012004,0.00019390620296301533,0.00021318969276044227,0.00018265750058118295,0.038687501406087794,0.012920937588588992,1.3491525423728814,514141.7449732886,腰部普通,0
我们都要快快乐乐的,是李森林呀,VOCALOID·UTAU,805569,78022,460,282,2590,5936,183,52,2026-07-29 12:06:50,BV1Ma316uEhW,2026-08-02,83.8861111111111,3.4952546296296294,0.0968532801038769,0.007368704605067971,0.003215118754569751,0.0005710249525490678,0.0003500631230844285,0.00022716862242712916,0.10743710346351461,0.07608110532926611,5.423076923076923,230475.0541408656,尾部低播放,0
有一只僵尸在你的桌面上,十米十乂,单机游戏,791533,53130,721,298,13145,5908,1030,206,2026-07-30 12:25:47,BV1Fd3b6mESo,2026-08-02,59.570277777777775,2.4820949074074075,0.06712291212116235,0.007463997079085774,0.01660701448960435,0.0009108906387983824,0.00037648461908726486,0.0013012723411405462,0.09119392368985248,0.11119894598155468,1.4466019417475728,318897.1532223844,腰部普通,0
《非霸凌不可吗》,伤心欲茄222,搞笑,4492460,370523,4842,2032,36840,10913,13471,128,2026-07-29 04:16:37,BV1G93r6qEbU,2026-08-02,91.72305555555556,3.821793981481482,0.08247663863451205,0.002429181339399794,0.0082004069040125,0.0010778059237032717,0.000452313431839126,0.0029985798426697178,0.09310622687792434,0.029452962434180874,15.875,1175484.6079532893,头部爆款,1
奇怪的玩具工厂 第五章 Part2，结局,鲤鱼Ace,单机游戏,2751777,268974,16598,130102,88931,120794,9777,8976,2026-07-30 04:53:24,BV1DT3x6XEYv,2026-08-02,67.11,2.79625,0.09774556586525725,0.04389672564310262,0.03231766236871665,0.006031738763715228,0.047279267178990156,0.0035529768582265205,0.17395995387707652,0.44909173377352457,14.494429590017825,984095.4850245864,腰部普通,0
当你不小心进入了黑乌龟...,小博博三角洲行动,网络游戏,3016638,95239,788,1087,14167,1743,811,166,2026-07-31 07:39:14,BV1TCGA69Eh2,2026-08-02,40.346111111111114,1.6810879629629631,0.03157123924050549,0.0005777955459024251,0.004696287721629178,0.00026121795190539934,0.00036033491588980846,0.0002688423337503539,0.03684532250803709,0.018301326137401694,6.548192771084337,1794455.7729644876,头部爆款,1
大 周 礼 时 代(15),诸葛皮皮9527,小剧场,2000402,140404,1926,1074,10107,5247,1568,98,2026-07-31 09:00:00,BV1ZV3w6hE8T,2026-08-02,39.0,1.625,0.07018789223366104,0.0026229727824707235,0.0050524844506254244,0.0009628064758983445,0.0005368920846909771,0.0007838424476680187,0.07786334946675719,0.03737073017862739,10.959183673469388,1231016.6153846155,头部爆款,1
来吧，互相伤害吧,许主任啊啊啊啊,搞笑,3289523,160745,2116,1144,16220,4040,3496,177,2026-07-28 10:11:30,BV1yJ3v6iEGR,2026-08-02,109.80833333333334,4.575347222222223,0.04886574740471491,0.0012281415877013172,0.004930806077355288,0.0006432543563306899,0.000347770786220373,0.0010627680669811398,0.05502469506977151,0.025132974587078912,6.463276836158192,718966.8543674584,腰部普通,0
【MrBeast公益】帮助100名癌症儿童实现心愿,野兽先生MrBeast,日常,1747701,131343,2071,3625,45709,29982,1298,868,2026-07-30 10:05:00,BV18F3k6YE7s,2026-08-02,61.916666666666664,2.579861111111111,0.07515187094359962,0.01715510833946997,0.02615378717526625,0.0011849853035502068,0.0020741534164024624,0.0007426899681352817,0.11846076645833584,0.22827253831570773,4.176267281105991,677439.9569313594,腰部普通,0
如果一个广西人开始吃这些东西，说明他已经快饿死了😵,烛不遥,综合,1422502,48197,4809,4133,8993,1027,2829,257,2026-07-31 13:38:39,BV1x4GP6sEzq,2026-08-02,34.35583333333334,1.4314930555555556,0.03388185042973577,0.0007219673504852717,0.006321959477034127,0.0033806630851837115,0.0029054440696744187,0.00198874940070383,0.04092577725725517,0.02130838018963836,16.08171206225681,993719.1064108472,腰部普通,0
一条蛆的使命,一条蛆的使命,亲子,1408370,230079,3717,763,17614,154786,1442,185,2026-07-29 04:32:20,BV1dv3y6jEsk,2026-08-02,91.46111111111111,3.8108796296296297,0.16336545084033316,0.10990435751968587,0.012506656631424981,0.0026392212273763285,0.0005417610429077586,0.0010238786682476907,0.285776464991444,0.6727515331690419,4.124324324324324,369565.5955779627,腰部普通,0
“ 恋 爱 大 师 ”2.0,MJ小林大人嗷,GMV,1462515,158556,5572,3641,28091,13819,9880,296,2026-07-31 02:30:00,BV1hD3x6sEcC,2026-08-02,45.5,1.8958333333333333,0.10841324704362007,0.009448791978201932,0.01920732436932271,0.003809875454268845,0.002489547115756078,0.006755486268516904,0.1370693633911447,0.08715532682459194,12.300675675675675,771436.4835164836,腰部普通,0
《次子就是次子》,伤心欲茄222,搞笑,3348922,367318,5922,1436,23042,6094,4897,121,2026-07-31 04:00:00,BV17n3b6rEHs,2026-08-02,44.0,1.8333333333333333,0.10968245901218363,0.0018196900375702988,0.0068804230137339715,0.0017683302268610617,0.00042879469871200343,0.0014622615874600841,0.11838257206348789,0.01659052918724375,11.867768595041323,1826684.7272727273,头部爆款,1
搭讪包子局。#抽象 #万万没想到 #搭讪,ai酷儿小剧场吖,日常,2010649,97790,967,353,11476,748,1644,85,2026-07-27 17:30:21,BV1gU3A64ErZ,2026-08-02,126.49416666666667,5.270590277777778,0.048636037418763794,0.00037201918385556106,0.005707609831452432,0.00048093923902182826,0.00017556520307622067,0.0008176464415221155,0.05471566643407178,0.007649043869516311,4.152941176470589,381484.59546882927,腰部普通,0
化身Superman！摩托老哥解锁新技能,争取最后的自由,汽车生活,7341702,318036,6495,6651,44268,14841,20314,523,2026-07-29 01:14:51,BV1XU3z6AEQi,2026-08-02,94.7525,3.948020833333333,0.04331911047329352,0.0020214658671790274,0.006029664511035725,0.0008846722462992914,0.0009059207251942397,0.0027669333350767984,0.05137024085150827,0.04666452854393842,12.717017208413003,1859590.4910160683,头部爆款,1
卢本伟的打牌日记2|盖亚——卢“老师”翻车了,三国百将牌,桌游棋牌,1267125,23377,1075,792,2830,4361,4178,718,2026-07-30 02:55:00,BV1hp3165EnU,2026-08-02,69.08333333333333,2.878472222222222,0.01844885074479629,0.0034416494031764824,0.002233402387294071,0.0008483772319226596,0.0006250369931932524,0.0032972279767189503,0.024123902535266844,0.18655088334687941,1.1030640668523677,440207.47889022925,腰部普通,0
干嘛猫的vlog（和好朋咪海洋公园一日游！）,荒蛋记录员,喵星人,3618080,108624,1202,738,33422,10188,8024,153,2026-07-30 09:30:00,BV1bQ3x6XEpF,2026-08-02,62.5,2.6041666666666665,0.030022553398487594,0.002815858134701278,0.009237496130544377,0.00033222040419227875,0.00020397558926281341,0.002217750851280237,0.04207590766373325,0.09379142730888201,4.823529411764706,1389342.72,头部爆款,1
扎心，但真实,全嘻嘻,日常,684759,18143,1257,1815,11760,7407,4341,1833,2026-07-31 11:35:16,BV1r7GN6JEDR,2026-08-02,36.41222222222222,1.5171759259259259,0.026495453144829057,0.010816944355605403,0.017173925424857503,0.0018356823349528811,0.002650567571948671,0.006339456655553267,0.054486322925291965,0.4082566279005677,0.9901800327332242,451337.90241371945,腰部普通,0
天气“失控”时，我们拍到了这些…,亿点点不一样,科学科普,2162388,114417,2123,4650,35018,31693,3417,878,2026-07-30 09:00:00,BV1KJ3x61E2M,2026-08-02,63.0,2.625,0.05291233580652501,0.014656481630493694,0.016194133522753548,0.000981784952561705,0.0021504003906791937,0.001580197448376517,0.08376295095977225,0.2769955513603748,5.296127562642369,823766.8571428572,腰部普通,0
《整改到胃》,伤心欲茄222,搞笑,4334528,370613,2869,1483,24443,5928,7032,115,2026-07-30 04:02:29,BV1ZS3p64Ejs,2026-08-02,67.95861111111111,2.831608796296296,0.08550250454028674,0.0013676229568709672,0.005639137640822715,0.0006618944438702437,0.00034213644484474437,0.0016223219690817546,0.09250926513798043,0.015995121595842564,12.895652173913044,1530765.1274672903,头部爆款,1
现在月薪3000……,季潼,日常,1088768,48590,989,573,11866,4093,461,252,2026-07-31 10:38:04,BV16BGw6MEFw,2026-08-02,37.36555555555555,1.556898148148148,0.044628424053609214,0.0037592949094756643,0.01089855690101105,0.0009083661533035505,0.0005262829179402775,0.0004234143545732424,0.05928627586409593,0.08423543939082116,2.2738095238095237,699318.7070683042,腰部普通,0
一条视频看七月：韩国赌命梭哈，美国全球收费，这世界谁正常？,小王Albert,人文历史,1414056,96056,4486,7757,22251,51866,4415,1363,2026-07-31 09:00:00,BV1dbGA6PEAt,2026-08-02,39.0,1.625,0.06792941722251453,0.036678886833336165,0.015735586143688793,0.003172434472184977,0.005485638475421059,0.003122224296633231,0.12034389019953948,0.539955859082202,5.691122523844461,870188.3076923077,腰部普通,0
被佛祖大人的红蓝框吓哭了，想要多少分自己填,一只山鸡鱼,日常,1492037,71749,3664,263,6284,763,11640,47,2026-07-31 16:44:18,BV1UtGK6hE2W,2026-08-02,31.261666666666667,1.3025694444444444,0.048087949561572536,0.0005113814201658538,0.004211691801208683,0.0024557031762617145,0.00017626908716070715,0.007801415112359814,0.052811022782947074,0.01063429455462794,5.595744680851064,1145456.7788025804,腰部普通,0
山东人吃到美食belike,Coulson不讲李,动物二创,1950772,169611,4742,2248,21431,3612,14752,44,2026-07-31 11:05:00,BV1MkGA6sE25,2026-08-02,36.916666666666664,1.5381944444444444,0.08694557846842173,0.001851574658647961,0.010985907117797468,0.002430832511436498,0.001152364294751001,0.0075621343755190255,0.09978306024486716,0.021295788598616836,51.09090909090909,1268221.9774266365,头部爆款,1
当所有人随机获得英雄联盟的一个技能...【AI全民制作人】,十万个挑战,影视杂谈,5545812,85049,2217,1712,21648,11922,9803,324,2026-07-30 04:00:00,BV1rw316ZEmM,2026-08-02,68.0,2.8333333333333335,0.015335716392838416,0.0021497302829594656,0.003903486090044163,0.00039976111703750506,0.00030870141288597594,0.0017676401580147326,0.021388932765842045,0.1401780150266317,5.283950617283951,1957345.4117647058,头部爆款,1
恭喜您成为尊贵的的梅赛德斯奔驰车主！#洗车 #解压 #水泡车修复,阿鑫撸车屋,汽车生活,619922,22362,771,1584,3348,831,1373,412,2026-07-31 10:34:13,BV1rYGw6rEso,2026-08-02,37.429722222222225,1.5595717592592593,0.036072280061039935,0.0013404912230893563,0.005400679440316685,0.001243704853191208,0.0025551601653111197,0.002214794764502631,0.04281345072444598,0.037161255701636704,3.8446601941747574,397495.01510237704,腰部普通,0
当MC里每人都有专属颜色?!！资源互相隔绝 我们能活到最后吗!?!「颜色生存」,夏天y,单机游戏,560673,56554,3025,4395,13335,29013,445,1526,2026-08-01 00:00:00,BV1VEGK6BEHn,2026-08-02,24.0,1.0,0.10086806391604375,0.05174674007844145,0.02378391682852572,0.0053953017177570525,0.007838793735385867,0.0007936890130254176,0.17639872082301092,0.5130141104077519,2.8800786369593707,560673.0,腰部普通,0
孩子们，出了宇宙可没人惯着你,青时晚,影视剪辑,840505,59359,741,1167,9412,12542,600,92,2026-07-31 01:32:43,BV1j33a6LEKm,2026-08-02,46.45472222222222,1.935613425925926,0.07062301830447172,0.014921981427832078,0.011198029755920548,0.0008816128398998222,0.0013884509907734041,0.0007138565505261718,0.09674302948822434,0.2112906214727337,12.684782608695652,434231.8506072221,腰部普通,0
成为蜘蛛侠的10年，荷兰弟对我说…【蛛联B合】,狂阿弥_,日常,1547615,83641,1720,476,18384,7729,1738,679,2026-07-31 11:21:20,BV1W8Gw6yEC9,2026-08-02,36.644444444444446,1.526851851851852,0.054045095194864355,0.0049941361385099,0.011878923375645752,0.0011113875220904424,0.00030757003518316894,0.0011230183217402262,0.07091815470902,0.0924068339689865,0.7010309278350515,1013598.6658580957,腰部普通,0
国内极具挑战性的五大玩命景区，你敢来挑战吗？,中国旅游攻略,日常,2714179,222624,3323,2820,59652,5800,21781,253,2026-07-27 09:36:08,BV1fT3F6oE5u,2026-08-02,134.39777777777778,5.599907407407407,0.08202259320405912,0.0021369261202006207,0.021977916710725416,0.0012243112926597693,0.0010389882170630603,0.008024894452429262,0.10613743603498517,0.026052896363375017,11.146245059288537,484682.8353643413,腰部普通,0
蚊子：这就是咬老艺术家的下场吗？？？,飞啡等待,绘画,1077898,94644,3677,2011,13064,2120,11432,60,2026-07-31 10:00:00,BV1qWGA6qERo,2026-08-02,38.0,1.5833333333333333,0.08780422637392406,0.001966790920847798,0.012119885183941338,0.0034112689697912047,0.0018656681801060954,0.010605827267515107,0.1018909024787132,0.022399729512700223,33.516666666666666,680777.6842105263,腰部普通,0
【李清梦】相信奇迹！星游记新作完全重启！刘北导演原班人马回归！【有生之年#01.10】,李清梦Lavita,动漫杂谈,727465,53656,6861,2429,10704,22551,16167,233,2026-07-31 16:34:43,BV1hwGT6MEyE,2026-08-02,31.421388888888888,1.309224537037037,0.0737575003608421,0.030999429525819112,0.01471410995718007,0.009431381578495185,0.003338992253922869,0.022223749596200503,0.11947103984384129,0.4202885045474877,10.42489270386266,555645.7119619509,腰部普通,0
Time is mine但是红绿灯三人组纯手搓逐帧动画全曲版,亿只福寿螺,日常,271098,50444,753,351,20253,12643,1060,175,2026-07-31 13:07:15,BV1bNGN6tE71,2026-08-02,34.87916666666667,1.4532986111111112,0.18607293303528613,0.04663627175412582,0.07470730141867517,0.002777593342628865,0.0012947347453688334,0.003910025156954312,0.30741650620808714,0.2506343668226152,2.005714285714286,186539.77780432443,尾部低播放,0
太初神宗的故事（合集）,江橘猫meme,日常,1978966,219967,2650,2929,68237,10856,12729,461,2026-07-30 10:45:49,BV1mz346DEZt,2026-08-02,61.23638888888889,2.5515162037037036,0.11115249074516692,0.005485693033634736,0.03448113812971016,0.0013390831373555686,0.0014800658525714943,0.006432146888829824,0.15111932190851182,0.049352857474075654,6.353579175704989,775603.931939524,腰部普通,0
“带你沉浸式体验半夜偷吃的惊险时刻”第47集,抽象思维-榜首电竞,日常,859675,41405,472,1400,11573,3446,185,368,2026-07-31 13:23:29,BV1UwGN68E9L,2026-08-02,34.60861111111111,1.442025462962963,0.04816355017884666,0.0040084915811207725,0.013462064152150522,0.0005490446971239131,0.0016285224067234712,0.00021519760374560153,0.06563410591211795,0.08322666344644367,3.8043478260869565,596157.988939811,腰部普通,0
和野人已经形成了一种禁忌的关系..,小博博三角洲行动,网络游戏,4825612,178003,1673,1404,44232,4597,2342,213,2026-07-29 10:29:12,BV1Hy316cEK2,2026-08-02,85.51333333333334,3.5630555555555556,0.03688713473026841,0.0009526252835909724,0.009166091264693473,0.00034669177712588577,0.00029094755235190895,0.00048532704245596206,0.047005851278552856,0.02582540743695331,6.591549295774648,1354346.5502455756,头部爆款,1
🍎不要让苹果穿这个啊喂！！（读评论）,RingoTsuga津贺林吾,同人·手书,1373846,143566,2705,1788,24950,12295,1360,142,2026-07-31 03:00:00,BV1ZZGc6vEkC,2026-08-02,45.0,1.875,0.10449933980955653,0.008949329109667314,0.018160696322586375,0.0019689251924888233,0.0013014559128170116,0.0009899217233954897,0.13160936524181022,0.08564005405179499,12.591549295774648,732717.8666666667,腰部普通,0
你说得对，但这就是高考完暑假发生在我家的日常,岁墨河_illas_,日常,1479759,107249,28381,13467,23107,10604,20394,487,2026-07-29 04:56:59,BV1ja3y6JEiZ,2026-08-02,91.05027777777778,3.793761574074074,0.07247734259430083,0.007166031765983515,0.015615380612653816,0.019179474495509066,0.009100806279941531,0.013781973956569955,0.09525875497293816,0.09887271676192785,27.652977412731005,390050.605739808,腰部普通,0
阿姨我也分不清鹅腿鸭腿啊！！！！！！【探照灯计划】,蜡笔小坨恰恰恰,影视杂谈,771160,41396,2645,4525,11086,34008,2407,3138,2026-07-31 04:00:00,BV1H53b61Eum,2026-08-02,44.0,1.8333333333333333,0.05368017013330567,0.044099797707349966,0.01437574562996006,0.003429897816276778,0.005867783598734374,0.003121271850199699,0.11215571347061569,0.8215286501111219,1.4420012746972595,420632.7272727273,腰部普通,0
最佳理财全家桶,白菜家的AMD,数码,1913617,166767,8317,2472,35205,4384,14731,282,2026-07-29 08:31:16,BV1CB3C6xEVg,2026-08-02,87.47888888888889,3.644953703703704,0.08714753265674374,0.0022909495473754675,0.018397098269925485,0.004346219750347118,0.0012917945440493056,0.007697987632843981,0.1078355804740447,0.026288174518939597,8.76595744680851,525004.4734602635,腰部普通,0
为什么5天涨粉170万？探索印度鸡佬“成吉思鸡”，让他做一份1000元豪华中国大盘鸡，真有那么美味吗？,猛男阿凯奇幻之旅_kay,出行,1296051,118005,2831,3827,17323,7821,3747,1468,2026-07-31 05:53:28,BV1V1GF6dE3z,2026-08-02,42.10888888888889,1.7545370370370372,0.09104965776809709,0.006034484754072178,0.013365986369363552,0.002184327622909901,0.0029528158999915896,0.002891089933960932,0.11045012889153281,0.06627685267573408,2.6069482288828336,738685.4609741938,腰部普通,0
爷爷的烂菜板#手工制作#菜板#高手在民间#制作过程,小二哥当家,手工,253627,17677,257,362,3072,617,78,134,2026-07-31 23:00:00,BV13zGN6NEZN,2026-08-02,25.0,1.0416666666666667,0.06969683827037343,0.002432706297042507,0.01211227511266545,0.001013299057277025,0.0014272928355419574,0.00030753823528252116,0.08424181968008138,0.03490411268880466,2.701492537313433,243481.91999999998,尾部低播放,0
求你们了不要再16岁生孩子了好吗好的,笨鸟不会飞--,日常,1345423,101126,3639,1600,13721,2338,2427,325,2026-07-31 04:22:53,BV1pgGc6BEEY,2026-08-02,43.618611111111115,1.8174421296296297,0.07516297848334687,0.0017377434457415996,0.01019827964885393,0.002704725577011839,0.0011892170715083659,0.0018038936453442524,0.0870990015779424,0.023119672487787513,4.923076923076923,740283.8187063371,腰部普通,0
用玉石复刻奥特曼变身器闪光剑第六集,玉雕韩,手工,423088,52085,533,108,3638,5994,248,97,2026-07-31 11:31:57,BV1xuGN6REnR,2026-08-02,36.4675,1.5194791666666667,0.1231067768407518,0.01416726543886851,0.008598683961729001,0.0012597851983511704,0.00025526604394357673,0.0005861664712778429,0.1458727262413493,0.11508111740424307,1.1134020618556701,278442.77781586343,腰部普通,0
小时候看不懂，长大后已是局中人,就叫阿路8,影视剪辑,5165934,667336,15521,23522,168634,150409,19741,149,2026-07-30 03:05:00,BV1qh3W6bEqf,2026-08-02,68.91666666666667,2.871527777777778,0.12918012502676185,0.02911554812740542,0.03264346776400937,0.003004490572275991,0.004553290847308541,0.003821380606101433,0.19093914091817665,0.22538721123991512,157.86577181208054,1799019.337363966,头部爆款,1
😊什么样的结局才配得上这一路的颠沛流离……【一口气看完】,无处可去的愚者,单机游戏,1975862,128829,1558,3004,36338,70815,3220,2835,2026-07-31 07:30:00,BV1vk3t6qEUL,2026-08-02,40.5,1.6875,0.06520141588835658,0.035840053606982676,0.018390960502302288,0.0007885166069290264,0.001520349093205902,0.0016296684687493357,0.11943242999764153,0.5496821367859721,1.0596119929453263,1170881.1851851852,头部爆款,1
【合唱】千本樱（100000人）                                     【B萌应援】,合肥南站-,VOCALOID·UTAU,619225,149548,4807,7679,50864,24281,12230,245,2026-07-31 09:14:45,BV1dyGw6PEkQ,2026-08-02,38.75416666666667,1.6147569444444445,0.24150833703419597,0.039211918123460775,0.0821413864104324,0.007762929468286972,0.012400985102345673,0.019750494569825184,0.36286164156808914,0.1623625859255891,31.34285714285714,383478.76572411566,腰部普通,0
此男难道只有脸吗？演技才是他的硬通货啊！口轮匝肌都能用来演戏也是很牛了，赶快让此男多演戏造福观众吧,丁小丁咋啥都剪,娱乐粉丝创作,525559,12189,912,271,2326,2098,629,126,2026-07-31 13:50:14,BV1unGP6bEwv,2026-08-02,34.16277777777778,1.423449074074074,0.023192448421585396,0.003991940010541157,0.004425763805776326,0.0017352951809406745,0.0005156414408277663,0.0011968209087847416,0.03161015223790288,0.17212240544753465,2.1507936507936507,369215.17571105657,腰部普通,0
比利时胡子玫瑰鸡出壳,香姐和老杨,三农,906073,79212,1512,880,7654,10833,3827,756,2026-07-27 14:06:25,BV1813c6DEvg,2026-08-02,129.89305555555555,5.412210648148148,0.0874234195257998,0.011955990301002237,0.008447442976448918,0.0016687397152326579,0.0009712241728867321,0.004223721488224459,0.10782685280325095,0.1367595818815331,1.164021164021164,167412.73740149484,尾部低播放,0
不是只有伟大的艺术家才能创作出好的作品～,油菜菜-,手工,2690872,359756,1706,395,48929,11985,2916,51,2026-07-31 09:24:52,BV18ZGw6sE2j,2026-08-02,38.58555555555556,1.6077314814814816,0.1336949509304047,0.004453946527371053,0.018183324959344035,0.0006339952253395925,0.00014679256389750237,0.0010836635856332074,0.1563322224171198,0.03331424632250748,7.745098039215686,1673707.3516284158,头部爆款,1
手绘469张！还原EVA主题曲,棕与灰9,绘画,4069032,427519,3001,1534,82505,154598,11740,123,2026-07-29 11:05:43,BV1aP326jEi8,2026-08-02,84.90472222222222,3.537696759259259,0.10506651213359836,0.037993802948711144,0.020276321247903677,0.0007375218479481115,0.000376993840304033,0.0028852070959382967,0.16333663633021317,0.36161667668571457,12.471544715447154,1150192.4209162558,腰部普通,0
沉浸式感受清朝御厨制作流汤的透明饺子【AI全民制作人】,史海听风,AI影像,1242422,37213,1245,1543,6657,836,378,153,2026-07-29 11:23:20,BV1Qx316GE5y,2026-08-02,84.61111111111111,3.5254629629629632,0.029951980888941118,0.0006728792632454995,0.005358082841417811,0.0010020749793548409,0.0012419290707988107,0.0003042444515631565,0.035982942993604425,0.022465267514040793,10.084967320261438,352413.85686145764,腰部普通,0
【命运-冠位指定×上美影】简中版十周年专属PV——行迹,命运-冠位指定,手机游戏,4543083,51939,5767,7223,24398,32068,7636,236,2026-07-29 04:00:00,BV1xAK865ESF,2026-08-02,92.0,3.8333333333333335,0.011432544815932264,0.007058642776282097,0.005370361932634733,0.001269402297954935,0.0015898895089524008,0.0016807969389949513,0.023861549524849094,0.6174165848399084,30.60593220338983,1185152.0869565217,头部爆款,1
我们拍到了水下风暴,影视飓风,数码,3667288,251115,2611,15367,59679,98003,10483,1488,2026-07-31 09:01:27,BV1c7GA6kEqN,2026-08-02,38.975833333333334,1.6239930555555555,0.068474305808543,0.02672356247995794,0.016273333318790342,0.0007119702624937011,0.004190289936323518,0.0028585156115363726,0.11147120160729128,0.3902713896023734,10.32728494623656,2258191.922345043,超级爆款,1
究竟怎样的终点，才配得上这一路的颠沛流离,Goo_gle_,同人·手书,1177620,125907,667,199,13942,21402,1369,39,2026-07-31 13:25:08,BV12tGP6XEvH,2026-08-02,34.58111111111111,1.4408796296296298,0.10691649258674275,0.018173944056656646,0.011839133166895943,0.0005663966304920093,0.0001689849017509893,0.0011625142236035392,0.13692956981029533,0.169982606209345,5.102564102564102,817292.4203964913,腰部普通,0
《找工作是你的谎言》,郑凯伦伦伦,搞笑,2004854,162840,913,792,16137,1967,818,495,2026-07-31 12:30:00,BV1RXGP6iEWo,2026-08-02,35.5,1.4791666666666667,0.08122287208943893,0.000981118824612665,0.008048965161552912,0.00045539475692494316,0.00039504123492284225,0.00040800976031172344,0.0902529560756045,0.012079341685089659,1.6,1355394.2535211267,头部爆款,1
撕皮撕皮3.0，快被催死了呜呜呜，你们为何如此爱看撕皮！！！,兜里没糖slime,手工,1159708,15713,603,320,2304,1046,533,170,2026-07-30 12:00:00,BV1mj3x6mEsz,2026-08-02,60.0,2.5,0.013549100290762848,0.0009019511808144809,0.0019867069986582828,0.0005199584723050975,0.0002759315275914282,0.00045959845064447256,0.01643775847023561,0.06656908292496659,1.8823529411764706,463883.2,腰部普通,0
父母眼中让人笑话的一生belike,班长AI频道,日常,3464333,198367,5112,637,33740,3230,16465,39,2026-07-31 04:39:30,BV1sKGc63EAz,2026-08-02,43.34166666666667,1.8059027777777779,0.05725979575289096,0.000932358407808949,0.009739248507577071,0.0014756087246809125,0.00018387377887749243,0.004752718632995154,0.06793140266827698,0.016282950289110587,16.333333333333332,1918338.5964237645,头部爆款,1
今天请大家吃一颗——原子蛋！,MrSaucy,美食制作,1036365,86912,1637,810,8304,2130,5385,99,2026-07-31 02:37:21,BV19MGw6ZEHa,2026-08-02,45.3775,1.8907291666666666,0.08386234579515904,0.002055260453604666,0.008012621036024953,0.001579559325141239,0.0007815779189764224,0.005196045794676586,0.09393022728478866,0.024507547864506627,8.181818181818182,548129.8000110188,腰部普通,0
世界最大山城！千万不要在重庆随便坐电梯！,十三要和拳头,出行,3877570,40175,1459,1153,29378,10248,2322,783,2026-07-31 10:00:00,BV1xyGc6LEWH,2026-08-02,38.0,1.5833333333333333,0.010360870338897816,0.0026428923268954525,0.007576394494490106,0.0003762665793267433,0.00029735117612319053,0.0005988286478387238,0.020580157160283375,0.25508400746733045,1.4725415070242656,2448991.5789473685,超级爆款,1
遗忘之海×海绵宝宝联动PV——出发！蟹堡王分店！,遗忘之海,GMV,3757332,97878,2705,1508,30758,24043,6643,121,2026-07-31 02:00:00,BV1V83b6vEaa,2026-08-02,46.0,1.9166666666666667,0.026049867299456103,0.006398955429011863,0.008186127816227046,0.0007199257345371663,0.0004013486165183167,0.0017680098538005158,0.040634950544695014,0.24564253458386973,12.462809917355372,1960347.1304347825,头部爆款,1
当我和同学大半夜兜风路过初中于是我们直接翻进去弹琴,小憩memories,演奏,1608135,98866,1670,626,19809,2418,834,245,2026-07-31 23:02:13,BV15qGT65EyZ,2026-08-02,24.963055555555556,1.040127314814815,0.0614786693903186,0.0015036051077801304,0.0123179956906603,0.0010384700289465748,0.0003892708012697939,0.0005186131761326008,0.07530027018875902,0.024457346307122773,2.5551020408163265,1546094.3839229082,头部爆款,1
救援史上的奇迹：男子被困千米深洞穴，700人耗资百万欧元营救！,好奇罗盘,科学科普,946723,64584,2084,2607,22271,3138,1797,902,2026-07-30 10:21:32,BV1EE346NEcp,2026-08-02,61.64111111111111,2.5683796296296295,0.06821847573154978,0.0033145914908584667,0.023524304363578365,0.0022012774591934495,0.002753709374336527,0.001898126484726789,0.09505737158598661,0.04858788554440728,2.8902439024390243,368607.11285758065,腰部普通,0
《原神》7.0版本PV：「无神怜爱的雪国」,原神,手机游戏,2946781,263495,18717,23928,42774,77030,29046,1134,2026-07-31 13:10:00,BV1EpGA6uEDX,2026-08-02,34.833333333333336,1.451388888888889,0.08941791059464547,0.02614038844420403,0.014515500133874896,0.00635167662612186,0.008120046925781048,0.009856857364018569,0.1300737991727244,0.29233951308373973,21.1005291005291,2030318.0095693776,头部爆款,1
【揽佬】中国人能飞～黄皮肤才对～讲中文才飞～中国就是美,网易云音乐,音乐综合,2154812,167821,10320,4949,38839,10967,39376,99,2026-07-30 04:28:53,BV12L3x67ECs,2026-08-02,67.51861111111111,2.813275462962963,0.07788196835733234,0.005089539133808425,0.0180243102414503,0.0047892809210269855,0.0022967200850932705,0.018273519917282807,0.10099581773259106,0.06534939012400116,49.98989898989899,765944.1915192107,腰部普通,0
郝 哥 面 馆,乌贼酱,人力VOCALOID,767842,33700,1167,1366,7595,6367,3335,207,2026-07-31 15:31:16,BV1RMGP6iE6E,2026-08-02,32.47888888888889,1.3532870370370371,0.04388923762961651,0.00829207050408808,0.009891357857475887,0.0015198439262244054,0.0017790118279541885,0.0043433414686875685,0.06207266599118048,0.18893175074183977,6.599033816425121,567390.3458656905,腰部普通,0
1分钟听完8国调式的《千本樱》。,万伟康music,音乐教学,3260542,332526,4025,1453,63026,16197,7119,57,2026-07-30 12:00:00,BV1hm3W6mEwK,2026-08-02,60.0,2.5,0.1019848847216199,0.004967579009870138,0.019329915087736946,0.0012344573386878623,0.00044563143182943207,0.0021833793277314015,0.126282378819227,0.04870897313292795,25.49122807017544,1304216.8,头部爆款,1
当我合成了寰宇支配之剑belike:,烨某人Zzzz,手机游戏,868598,79491,771,559,13008,8398,1372,239,2026-07-29 12:57:07,BV1Po3y6AE6T,2026-08-02,83.04805555555555,3.4603356481481478,0.09151644374037242,0.00966845422163072,0.014975857646460158,0.0008876373189899124,0.000643565838281921,0.0015795569411856808,0.1161607556084633,0.10564718018392019,2.3389121338912133,251015.53384419333,腰部普通,0
"Kimi K3是咋回事？怎么就让美国""吵""起来了？",小Lin竖着说,财经商业,432449,26584,854,447,4013,1341,989,314,2026-07-31 03:30:00,BV1TZ3x6SEKM,2026-08-02,44.5,1.8541666666666667,0.06147314481013946,0.0031009436950946816,0.009279706971226665,0.001974799340500267,0.001033647898364894,0.0022869748802748996,0.0738537954764608,0.05044387601564851,1.4235668789808917,233230.9213483146,尾部低播放,0
古罗马离谱习俗——两千年前的古罗马，开放程度与市井智慧，完全颠覆现代人的认知。,庞贝老丁,出行,3886262,495706,10930,11346,109192,26351,56076,406,2026-07-29 03:00:00,BV1iAKb6xEEV,2026-08-02,93.0,3.875,0.12755341765429093,0.006780551594308361,0.028096921926519622,0.0028124712126974456,0.002919514947782728,0.014429289636159373,0.1624308911751189,0.05315852541627497,27.945812807881772,1002906.3225806452,腰部普通,0
对 抗 路 迎 来 大 变20.0,一只白色QvQ,手机游戏,1699195,60191,1124,681,4772,1484,1214,203,2026-07-28 10:00:00,BV1oj3i64Eib,2026-08-02,110.0,4.583333333333333,0.0354232445363834,0.0008733547356248105,0.0028083886781681915,0.0006614897054193309,0.00040077801547203236,0.0007144559629707008,0.039104987950176404,0.024654848731537938,3.354679802955665,370733.4545454546,腰部普通,0
《全世界最会用AI的人》,嘞是唐孃孃,搞笑,1713069,122927,1783,1034,5514,1569,1850,129,2026-07-31 11:35:32,BV12uGN6RETc,2026-08-02,36.40777777777778,1.5169907407407408,0.0717583471535589,0.000915900060067633,0.0032187845323218152,0.0010408220567881387,0.0006035950682663688,0.001079933149219325,0.07589303174594836,0.012763672748867213,8.015503875968992,1129254.750206,腰部普通,0
“设计出这条赛道的人真是天才”,尽墨for车,运动综合,1395896,35086,1160,1852,6243,2868,1301,588,2026-07-31 16:05:00,BV1dgGP6NEwc,2026-08-02,31.916666666666668,1.3298611111111112,0.025135110352060612,0.002054594325078659,0.0044723962243605545,0.0008310074676050364,0.001326746405176317,0.0009320178580639245,0.031662100901499825,0.08174200535826255,3.1496598639455784,1049655.4778067884,腰部普通,0
两个固排的诞生,135wgy,特摄,1087105,107299,1579,667,20187,5409,1219,148,2026-07-31 07:59:39,BV1tPGA6nELB,2026-08-02,40.005833333333335,1.6669097222222222,0.09870159736180038,0.004975600332994513,0.018569503405834763,0.0014524815910146674,0.0006135561882246885,0.0011213268267554653,0.12224670110062966,0.05041053504692495,4.506756756756757,652167.8921823901,腰部普通,0
孩子们，猜猜谁死了？,尴尬的铁根er,网络游戏,2139818,75610,2056,694,18048,2347,1653,262,2026-07-31 15:30:49,BV1RMGP6iER1,2026-08-02,32.48638888888889,1.353599537037037,0.03533478080846128,0.0010968222531075073,0.00843436217472701,0.0009608293789471815,0.0003243266483411206,0.0007724956047663867,0.044865965236295796,0.031040867610104484,2.648854961832061,1580835.35155749,头部爆款,1
这么巧？你们也在消星？,争取最后的自由,汽车生活,955577,39422,1344,2363,3993,1983,1179,690,2026-08-01 00:00:00,BV1JfGA6CEuw,2026-08-02,24.0,1.0,0.04125465556412513,0.002075185987105173,0.0041786271540650306,0.0014064800638776361,0.0024728514813562906,0.00123380952032123,0.047508468705295334,0.050301861904520316,3.42463768115942,955577.0,腰部普通,0
选择奶蛙还是奶蛋？,奶史_,搞笑,476821,49786,1416,704,5773,544,7005,114,2026-07-31 11:04:28,BV1WGGN6XE2U,2026-08-02,36.925555555555555,1.5385648148148148,0.1044123476105289,0.0011408893484137653,0.012107268765427698,0.002969667862782889,0.0014764450391236963,0.014691047583894166,0.11766050572437037,0.010926766560880569,6.175438596491228,309912.845665453,腰部普通,0
“两仪生四象，四象生八卦”。,持泰泰泰,健身,1051867,72152,2447,623,5893,1133,664,28,2026-07-27 01:24:45,BV1zigd6HE9X,2026-08-02,142.5875,5.941145833333334,0.06859422341417688,0.0010771323751006543,0.0056024193172711,0.002326339736867874,0.0005922802027252495,0.0006312585146220958,0.07527377510654865,0.01570296041689766,22.25,177047.83378627157,尾部低播放,0
【TF家族】《2026TF家族运动会》Day1（上）,TF家族,明星综合,3500912,122386,24168,2649130,69051,17279,7225,8549,2026-07-29 09:58:45,BV1F4326hE1p,2026-08-02,86.02083333333333,3.584201388888889,0.03495831943219367,0.0049355710740515615,0.019723717705557867,0.006903344042923672,0.7566971120667986,0.0020637479605314273,0.0596176082118031,0.14118444920170609,309.87600888992864,976762.0789537418,腰部普通,0
青梅被毒杀，他娶仇人之女隐忍多年灭敌满门,孙熙然,同人·手书,436216,29737,509,641,10006,1628,498,635,2026-07-31 11:05:21,BV1p5GN6HEmM,2026-08-02,36.910833333333336,1.537951388888889,0.06817035597043666,0.0037320960258220696,0.022938177416692646,0.0011668531186384728,0.0014694554991105324,0.0011416362535991344,0.09484062941295138,0.05474661196489222,1.0094488188976378,283634.4523965412,腰部普通,0
【数据删除】可以回答一切的，不存在客服电话——《寰宇信息科技》,科幻视界,影视杂谈,435215,51910,914,678,18026,6907,1028,700,2026-07-31 11:00:00,BV1cX3b6SEmM,2026-08-02,37.0,1.5416666666666667,0.11927438162747148,0.01587031696977356,0.0414186091931574,0.0021001114391737416,0.0015578507174614845,0.002362050940339832,0.17656330779040244,0.133057214409555,0.9685714285714285,282301.6216216216,腰部普通,0
花四个月时间做了个猫咪演唱会场馆,爱鼓捣的邢志磊,音乐现场,1232153,40756,533,430,10531,5855,821,178,2026-07-30 10:40:34,BV1oc3t6vEoD,2026-08-02,61.32388888888889,2.555162037037037,0.03307706104680182,0.004751844941334396,0.00854682819422588,0.00043257614922822087,0.00034898263446179166,0.0006663133555654208,0.04637573418236209,0.1436598292275984,2.4157303370786516,482221.08114474145,腰部普通,0
【自制oc动画生贺】Episode 1,美少年問屋,同人·手书,691174,127544,1667,1240,56652,28230,3514,1290,2026-07-29 16:00:00,BV1b4316rEpC,2026-08-02,80.0,3.3333333333333335,0.18453240428604084,0.040843550249286,0.0819648887255597,0.0024118384082734592,0.0017940489659622613,0.0050841032793478924,0.30734084326088656,0.22133538229944177,0.9612403100775194,207352.19999999998,尾部低播放,0
暮色森林黑暗高塔的背后究竟隐藏了一个什么样的故事,小N正在加载中,单机游戏,693171,46880,565,277,13506,1500,637,311,2026-07-29 01:00:00,BV1Kw366WESi,2026-08-02,95.0,3.9583333333333335,0.06763121942493266,0.0021639681983233574,0.01948436965770351,0.0008150946880351313,0.0003996127939570467,0.0009189651615546525,0.08927955728095953,0.03199658703071672,0.8906752411575563,175116.8842105263,尾部低播放,0
丧尸筑成血肉高墙，大厦变人间炼狱！上万丧尸街头暴走，集体转圈形成死亡漩涡！2026最新韩国最新丧尸电影《群体》,电影迷小雅,影视杂谈,706828,23297,965,3361,9153,2579,739,3053,2026-07-31 09:14:52,BV1oyGw6PEs6,2026-08-02,38.75222222222222,1.614675925925926,0.032959928016433986,0.003648695297865959,0.012949402117629748,0.001365254347592342,0.004755046489386385,0.0010455160237002495,0.04955802543192969,0.110700948619994,1.1008843760235834,437752.2378644952,腰部普通,0
疑似四羊方尊流入民间,智勇双全富贵君,小剧场,6514423,129951,2416,6099,51816,7644,5866,219,2026-07-28 10:10:14,BV1WJ3v6iEFE,2026-08-02,109.82944444444445,4.576226851851852,0.019948198021528536,0.001173396323818702,0.007954042898350323,0.0003708693770729963,0.0009362302693577006,0.0009004634792674655,0.02907563724369756,0.058822171433848144,27.84931506849315,1423535.8540767755,头部爆款,1
一场跨越三年高中的反应,白杉林,搞笑,870387,96413,3998,3290,8590,8918,1531,361,2026-07-28 17:15:32,BV16R3B6uE9y,2026-08-02,102.74111111111111,4.28087962962963,0.11077026655958787,0.010246017001632607,0.009869173137926002,0.004593359046033546,0.0037799277792522176,0.0017589876687036916,0.13088545669914647,0.09249789966083412,9.113573407202216,203319.6621497399,尾部低播放,0
为什么玩开团秒跟？ 枪打出头鸟怎么打的？,子阳老学长,日常,406035,62933,2039,377,6022,1939,524,179,2026-07-31 11:01:12,BV1p5GN6HESY,2026-08-02,36.98,1.5408333333333333,0.1549940276084574,0.004775450392207568,0.014831233760636399,0.005021734579531321,0.0009284913862105484,0.001290529141576465,0.17460071176130137,0.030810544547375782,2.106145251396648,263516.4954029205,腰部普通,0
一句话让60万人下地狱，当代教皇还能惩治异端？【深度解读教廷与FSSPX的纷争】,卢格杜努姆的奥古斯丁,人文历史,954453,36030,4483,7646,13785,4836,1805,1486,2026-07-31 09:00:00,BV13YGA6hEdu,2026-08-02,39.0,1.625,0.0377493705818935,0.005066776467777879,0.01444282746243136,0.004696931121804845,0.008010871148186448,0.0018911355509386005,0.057258974512102746,0.13422148209825147,5.14535666218035,587355.6923076923,腰部普通,0
当crush无视了你的魅力 却肯定了你的吃商,一坨小草莓不霉,美食记录,241280,24002,283,153,12374,621,1745,206,2026-07-31 14:49:47,BV1pXGA6mEvi,2026-08-02,33.17027777777778,1.3820949074074074,0.09947778514588859,0.002573773209549072,0.051284814323607424,0.0011729111405835544,0.0006341180371352785,0.007232261273209549,0.1533363726790451,0.025872843929672526,0.7427184466019418,174575.56547444584,尾部低播放,0
从雪山到热带雨林! 中国最后一个通公路的县城--墨脱｜Links A7R6,Linksphotograph,出行,1292472,54219,1795,6697,19308,33048,7819,2864,2026-07-30 04:05:27,BV1t93W6CEh2,2026-08-02,67.90916666666666,2.829548611111111,0.041949844948285145,0.025569606150075204,0.01493881492210276,0.0013888115177736926,0.005181543584696613,0.0060496474971991655,0.0824582660204631,0.6095280252310076,2.3383379888268156,456776.7434440613,腰部普通,0
史诗级造假！意大利一男子手搓 “古罗马遗址” ，一张门票40欧元卖了10年,大象新闻,社会,3205797,96763,930,196,2586,718,1020,24,2026-07-30 14:54:33,BV18d3t6ZE2Q,2026-08-02,57.090833333333336,2.3787847222222225,0.0301837577363757,0.00022396926567714676,0.0008066636783302249,0.00029009946668488365,6.113924244111526e-05,0.0003181736086221305,0.031214390680383067,0.007420191602161983,8.166666666666666,1347661.6736487176,头部爆款,1
绷住闯关,Gua1叔,日常,1548310,46361,2027,1420,14904,2396,5295,122,2026-07-29 02:59:27,BV1Zp3k62EaZ,2026-08-02,93.00916666666667,3.875381944444445,0.029942970077051753,0.0015474937189580897,0.009625979293552325,0.0013091693523906711,0.0009171289987147277,0.00341985778041865,0.041116443089562166,0.05168137011712431,11.639344262295081,399524.4913135802,腰部普通,0
剥蒜的情谊164.0,NinthA-,网络游戏,1305492,89887,519,748,7298,764,1140,146,2026-07-31 03:00:00,BV1WT3b6nEjL,2026-08-02,45.0,1.875,0.06885296884239811,0.0005852199783683087,0.005590229583942299,0.0003975512680276861,0.0005729640625909618,0.000873233999135958,0.07502841840470872,0.008499560559368985,5.123287671232877,696262.4,腰部普通,0
【鬼谷闲谈】茶叶驯化史（其二）：红,芳斯塔芙,科学科普,879972,64018,3224,5416,15944,13654,1560,1847,2026-07-31 10:36:24,BV1kYGw6rEB5,2026-08-02,37.39333333333333,1.5580555555555555,0.0727500420467924,0.015516402794634374,0.018118758324128494,0.0036637529375934687,0.006154741287222775,0.0017727836794807108,0.10638520316555526,0.21328376394139148,2.932322685435842,564788.5897664469,腰部普通,0
我还能找到更神秘的我的世界小知识吗？！答对这些题你也可以做科普了！,这里是莱里,单机游戏,1634335,83230,1394,2431,17102,2238,1681,485,2026-07-31 09:00:00,BV1VYGA6hEHL,2026-08-02,39.0,1.625,0.0509259117622764,0.0013693642980172364,0.010464194917198738,0.0008529463053780284,0.001487455142305586,0.0010285528976617401,0.06275947097749238,0.026889342785053467,5.0123711340206185,1005744.6153846154,腰部普通,0
"【本家投稿】HWAAStyle x Fregibot - SAY IT (feat. Kasane Teto, Kagamine Rin & Len)",Fregibot,VOCALOID·UTAU,247004,66555,1891,1835,40517,15123,3287,295,2026-07-30 13:21:17,BV1fc386VE6n,2026-08-02,58.64527777777778,2.4435532407407408,0.2694490777477288,0.06122572913798967,0.16403378082946024,0.007655746465644281,0.007429029489400982,0.01330747680199511,0.4947085877151787,0.2272256028848321,6.220338983050848,101083.94443049785,尾部低播放,0
更到第四期了，咋朋友还没掰呢,周周啊,搞笑,3992898,98091,598,881,43691,1554,771,100,2026-07-31 05:03:53,BV1nLGc6NEEM,2026-08-02,42.93527777777778,1.7889699074074075,0.02456636758564832,0.00038919100863583293,0.010942177836749148,0.00014976590937209014,0.00022064174942610604,0.00019309283633090553,0.0358977364310333,0.015842432027403125,8.81,2231953.697749196,超级爆款,1
【乾乾特工·剧场版】大制作来啦！！！,大乾乾是顾乾宇,小剧场,3531673,428808,7614,10968,74753,70538,19576,390,2026-07-28 12:23:25,BV1VC3q6ZEtP,2026-08-02,107.60972222222222,4.483738425925925,0.1214178096329983,0.019972970317467104,0.02116645567129233,0.0021559187387960323,0.003105610287249131,0.0055429820371251815,0.16255723562175772,0.16449786384582377,28.123076923076923,787662.5852166394,腰部普通,0
现在有前排了,老子名字深蓝,手机游戏,994514,32098,668,179,1726,725,194,131,2026-07-31 07:45:19,BV1c5GA6yEmT,2026-08-02,40.24472222222222,1.6768634259259259,0.0322750609845613,0.0007289992901055188,0.0017355210685822422,0.0006716848631592918,0.00017998741093639708,0.0001950701548696147,0.03473958134324907,0.02258707707645336,1.366412213740458,593079.9041972378,腰部普通,0
【耳夹式耳机推荐】2026年8月大合集！全自费实测！蓝牙耳机推荐/耳夹式耳机测评/开放式耳机/运动耳机，小白必看！建议收藏！,知音剑客,数码,575350,36113,406,534,7671,2524,481,688,2026-07-30 10:53:30,BV1Kz346DEEY,2026-08-02,61.108333333333334,2.5461805555555554,0.06276701138437472,0.004386894933518728,0.013332753975840793,0.0007056574259146607,0.0009281307030503172,0.0008360128617363344,0.08048666029373425,0.06989172874034282,0.7761627906976745,225965.9075412519,尾部低播放,0
我修改了Minecraft的村民：,晓晨Momore,单机游戏,460452,23787,489,288,5876,1540,1675,258,2026-07-31 09:53:54,BV1TpGw6JExW,2026-08-02,38.10166666666667,1.5875694444444444,0.05166010789398243,0.003344539713151425,0.012761373606803749,0.0010619999478773032,0.0006254723619400068,0.0036377298828108033,0.06776602121393761,0.06474124521797621,1.1162790697674418,290035.8164559731,腰部普通,0
隔壁千万播放后被下架的视频！,销冠李老板,日常,3561363,427680,10973,1173,14046,59651,2196,72,2026-07-30 04:28:28,BV1Dg3x6DEaj,2026-08-02,67.52555555555556,2.8135648148148147,0.12008885362149267,0.016749486081592917,0.003943995599437631,0.003081123715835763,0.00032936827838105803,0.000616617851086789,0.1407823353025232,0.13947577628133184,16.291666666666668,1265783.1734487356,头部爆款,1
欢迎来到丽都德比！【绝区零生日会】,小强凌凌柒,手机游戏,392198,35158,578,1637,13966,7832,1244,426,2026-07-30 12:30:00,BV1mj3q6jEFG,2026-08-02,59.5,2.4791666666666665,0.08964349639722793,0.019969505198904634,0.035609564556678006,0.0014737454041071091,0.004173912156614771,0.0031718672711232593,0.14522256615281057,0.2227658001023949,3.8427230046948355,158197.51260504202,尾部低播放,0
阳台种植新挑战？！湖北小哥历时三年盆栽种香蕉！【主播说三农】,央视农业,三农,1725819,95761,1453,1212,5102,2382,1229,294,2026-07-29 11:16:21,BV1hx316GEy3,2026-08-02,84.7275,3.5303125000000004,0.05548727879343083,0.001380214263488813,0.002956277570243461,0.000841919112027391,0.0007022752675686153,0.0007121256632358318,0.059823770627163105,0.024874426958782805,4.122448979591836,488857.2895458971,腰部普通,0
哈弗克小兵最爽的一次,三角洲行动零一,网络游戏,1398754,163883,5618,471,54768,3539,46456,14,2026-07-31 09:22:45,BV1bZGw6sEbZ,2026-08-02,38.62083333333333,1.6092013888888888,0.11716356128382832,0.002530108939813577,0.03915484781455495,0.004016431767129888,0.00033672825957959724,0.03321241619326915,0.15884851803819686,0.02159467424931201,33.642857142857146,869222.4662854677,腰部普通,0
在美国带柴西连吃了三顿炸鸡…可能不会再来美国了,KerryDowdle,美食侦探,2126017,45925,1811,3671,13364,12713,827,801,2026-07-31 10:07:08,BV14WGw6UEYb,2026-08-02,37.88111111111111,1.5783796296296295,0.02160142651728561,0.0059797264085846916,0.006285932802983231,0.0008518276194404842,0.0017267030320077402,0.00038899030440490366,0.03386708572885353,0.2768209036472509,4.583021223470662,1346961.7575455373,头部爆款,1
人民好律师后续,陈凡尘,搞笑,859474,84445,1555,406,15873,2943,1038,151,2026-07-30 13:21:25,BV1fc386VEn5,2026-08-02,58.643055555555556,2.443460648148148,0.09825195410216016,0.0034241873517988908,0.01846827245501318,0.0018092461203014867,0.0004723819452362724,0.0012077154166385488,0.12014441390897224,0.03485108650600983,2.6887417218543046,351744.5638632973,腰部普通,0
隔我这里赚钱来了？,一颗小兔娘,仿妆cos,1885091,160580,1895,481,14561,1632,2320,49,2026-07-31 09:11:09,BV16zGw6BEGW,2026-08-02,38.814166666666665,1.6172569444444445,0.08518421657097722,0.0008657406989901283,0.007724295537987291,0.00100525651016317,0.000255160095719517,0.001230709817191849,0.09377425280795464,0.010163158550255324,9.816326530612244,1165610.0822294266,头部爆款,1
一个月工资仅有10美元！古巴人靠什么生存？这里的物价究竟如何？,小钟Johnny,出行,966851,29056,3483,4573,4701,5065,1029,837,2026-07-31 10:00:00,BV1m63b6ZEtW,2026-08-02,38.0,1.5833333333333333,0.030052200390753073,0.005238656214866614,0.0048621762815573445,0.0036024165047147906,0.004729787733580459,0.0010642798114704334,0.04015303288717703,0.17431855726872247,5.4635603345280765,610642.7368421053,腰部普通,0
我 不 是 给（加了点音效）,89不玩抽象,搞笑,1121469,105751,1213,600,13713,9388,4387,287,2026-07-29 17:15:36,BV1nZ3J6sE4d,2026-08-02,78.74,3.2808333333333333,0.0942968552853445,0.00837116317972231,0.01222771204554027,0.0010816170576270945,0.0005350125594198324,0.003911833496958008,0.11489573051060707,0.08877457423570463,2.0905923344947737,341824.4348488697,腰部普通,0
腰斩是治愈疯狂的解药吗？（阿晴教学篇op/ed）【25】,九晴九晴九,同人·手书,604339,65489,2371,960,17034,8561,1428,380,2026-07-31 11:00:00,BV1Pr3s6rEbk,2026-08-02,37.0,1.5416666666666667,0.10836467611721236,0.01416589033638405,0.02818616703538908,0.003923294707109752,0.001588512407771135,0.0023629122065595633,0.15071673348898548,0.13072424376612865,2.526315789473684,392003.6756756757,腰部普通,0
《原神》7.0版本「无神怜爱的雪国」前瞻特别节目,原神,手机游戏,1391376,104497,11361,44846,21887,41250,5378,4023,2026-07-31 13:20:00,BV1k5GA6CE3r,2026-08-02,34.666666666666664,1.4444444444444444,0.07510335092742723,0.02964691068409977,0.015730471130736768,0.008165298237140788,0.03223140258276699,0.0038652384402203285,0.12048073274226377,0.39474817458874417,11.14740243599304,963260.3076923077,腰部普通,0
挑战！徒手一笔破解人民币防伪花纹？,设计人阿蒙,绘画,2350927,148316,5277,2296,8243,1998,1721,61,2026-07-29 11:23:09,BV1Mb3163EqT,2026-08-02,84.61416666666666,3.5255902777777774,0.06308830516643009,0.0008498775164009772,0.003506276460306934,0.0022446464734974755,0.000976636024853175,0.0007320516545175584,0.067444459143138,0.013471237088378867,37.63934426229508,666817.9835921881,腰部普通,0
《原神》动画短片：钟摆与蒲公英,好奇-HQ,手机游戏,255668,42982,1030,751,14864,15507,2276,523,2026-07-31 01:00:00,BV17W3b6zEFg,2026-08-02,47.0,1.9583333333333333,0.1681164635386517,0.06065287795109282,0.058137897585931755,0.0040286621712533445,0.002937403194768215,0.008902170001720982,0.2869072390756763,0.3607789307151831,1.435946462715105,130553.87234042554,尾部低播放,0
｜妖怪澡堂｜第三回：开澡堂竟有被非礼的风险？！,叫兽易小星,影视剪辑,1033976,53610,538,694,10381,6120,1388,358,2026-07-30 09:50:39,BV1fR346zEft,2026-08-02,62.155833333333334,2.589826388888889,0.051848398802293284,0.005918899471554466,0.010039884871602435,0.000520321554852337,0.0006711954629507841,0.0013423909259015683,0.06780718314545019,0.11415780637940683,1.9385474860335195,399245.2947564589,腰部普通,0
你会为谁爆灯！绝区零真功夫大赛！【绝区零生日会】,猹泡饭233,MMD·3D,199430,12546,143,282,2424,1985,170,209,2026-07-30 12:30:00,BV1PV3k69EpX,2026-08-02,59.5,2.4791666666666665,0.06290929148072005,0.00995336709622424,0.012154640726069298,0.0007170435741864314,0.0014140299854585568,0.0008524294238579953,0.08501729930301359,0.15821775864817472,1.3492822966507176,80442.35294117648,尾部低播放,0
玩这个阵容 真的想要多少分自己填吧！,禹汁波の纱世里,日常,672892,40498,1341,770,3560,730,926,285,2026-07-31 07:15:00,BV11Y3a6FEaP,2026-08-02,40.75,1.6979166666666667,0.06018499253966461,0.0010848694887143852,0.005290596410716727,0.0019928903895424527,0.0011443143922055842,0.001376149515821261,0.06656045843909572,0.018025581510198035,2.7017543859649122,396304.490797546,腰部普通,0
我打cs的状态be like,凌墨OM,电子竞技,702282,64885,1155,74,17182,1098,9706,18,2026-07-31 16:00:08,BV1iSGK6jEfL,2026-08-02,31.997777777777777,1.3332407407407407,0.09239166033018076,0.0015634745016959,0.024465955271529102,0.0016446384785598948,0.00010537077698132658,0.013820658937577782,0.11842109010340575,0.01692224705247746,4.111111111111111,526748.0797277589,腰部普通,0
来场虚狩盛宴吧~【绝区零生日会】,疯兔AD,同人·手书,227321,21546,222,347,10341,7243,662,127,2026-07-30 12:30:00,BV14d3q6SEXD,2026-08-02,59.5,2.4791666666666665,0.0947822682462245,0.03186243241935413,0.04549073776729823,0.000976592571737763,0.0015264757765450618,0.0029121814526594553,0.17213543843287685,0.3361644852872923,2.732283464566929,91692.50420168068,尾部低播放,0
【TF家族】《2026TF家族运动会》Day2（上）,TF家族,明星综合,2035208,54502,5666,1065241,32252,6239,1349,8368,2026-07-30 10:00:00,BV1VJ3s6dEWs,2026-08-02,62.0,2.5833333333333335,0.026779572407341166,0.003065534333591456,0.015847028903188273,0.0027839906289676536,0.5234064528048239,0.0006628315140270676,0.0456921356441209,0.11447286338116032,127.29935468451242,787822.4516129032,腰部普通,0
资产上亿企业家夫妇，被羁押712天后无罪释放，获国赔41万，当事人称企业倒闭负债3000多万：如今和妻子打零工为生,红星视频,热点,1158157,93067,1372,236,5682,3299,3343,51,2026-07-31 10:03:03,BV1PxGw67E9d,2026-08-02,37.94916666666666,1.5812152777777777,0.08035784440278822,0.0028484911803840066,0.00490607059319246,0.0011846407697747368,0.0002037720274539635,0.002886482575333051,0.08811240617636469,0.03544758077514049,4.627450980392157,732447.387953183,腰部普通,0
五万润人从海里冲进国门是什么体验？,波士顿圆脸,社科·法律·心理,1218563,57885,3439,5525,5954,3259,1237,800,2026-07-31 12:11:43,BV1BWGN6LEkZ,2026-08-02,35.804722222222225,1.491863425925926,0.04750267323068237,0.002674461640473246,0.004886083033868581,0.0028221766129449197,0.004534029016144426,0.0010151301163747791,0.0550632179050242,0.056301287034637645,6.90625,816806.0016912728,腰部普通,0
谁能抵挡住迪迦的魅力~~~~【奥特曼光之创想季】,Milk缪客,特摄,590859,71879,1302,909,13233,8198,1583,124,2026-07-31 15:55:52,BV1fyGK6SEiv,2026-08-02,32.068888888888885,1.3362037037037036,0.12165169693615567,0.01387471461042313,0.02239620620147954,0.0022035714104380235,0.0015384381045223988,0.0026791501864234955,0.15792261774805832,0.1140527831494595,7.330645161290323,442192.30822534824,腰部普通,0
各自经历成长后的不同类型的朋友…,JohnsonBrothers,日常,1608528,127901,472,284,20426,1201,1703,60,2026-07-28 01:00:00,BV1df3P6BEZY,2026-08-02,119.0,4.958333333333333,0.0795143137079367,0.0007466453801239394,0.012698566639809814,0.00029343598619358815,0.00017655894084529458,0.0010587319586603404,0.09295952572787045,0.009390075136238183,4.733333333333333,324409.00840336137,腰部普通,0
挑战从东北徒步到西藏( 十倍速1小时5分版）,阿丑徒步,出行,6660795,461983,8997,18332,190154,47812,13403,3929,2026-07-29 09:35:20,BV1c4326hEkj,2026-08-02,86.41111111111111,3.600462962962963,0.06935853753193125,0.007178122131066937,0.02854824386578479,0.001350739663959032,0.002752224021306766,0.002012222264759687,0.10508490352878297,0.10349298567263297,4.665818274370069,1849982.9240066863,头部爆款,1
我很少用炸裂来形容一副牌的,马格南DD,野生技能协会,5303401,83221,481,296,50392,4378,1219,130,2026-07-29 10:26:37,BV17Q316sEjP,2026-08-02,85.55638888888889,3.564849537037037,0.01569200594109327,0.0008255080089172967,0.009501827223700415,9.069651719717215e-05,5.581324135210594e-05,0.00022985250408181468,0.026019341173710984,0.05260691412023408,2.276923076923077,1487692.8029921786,头部爆款,1
地狱猫复刻中途加油，全速怕什么怕拉爆直升机！,争取最后的自由,汽车生活,4505914,162320,4958,8023,22355,13659,7726,958,2026-07-28 01:06:42,BV1d73P6iEko,2026-08-02,118.88833333333334,4.953680555555556,0.03602376787484182,0.003031349466501136,0.004961257582812278,0.0011003316974092271,0.0017805488520198122,0.0017146354768422124,0.044016374924155235,0.08414859536717595,8.37473903966597,909609.319669718,腰部普通,0
我的朋友患上了朊病毒病，我们眼睁睁地看着她忘记了眼前人,Chubbyemu,科学科普,1385196,74917,5678,6429,23981,25914,6471,1734,2026-07-31 04:02:39,BV1MzGc6UEtT,2026-08-02,43.95583333333333,1.8314930555555555,0.05408404298019919,0.018707821853369486,0.01731235146506343,0.0040990589057433025,0.0046412204482253775,0.004671541067112524,0.0901042162986321,0.3459027990976681,3.707612456747405,756320.6400364002,腰部普通,0
美军传来噩耗，国防部长成了健身卖药黑私教,克里斯丧钟,健身,1347309,80914,2558,774,7594,3531,4668,285,2026-07-31 07:41:51,BV1g6GA6dEPj,2026-08-02,40.3025,1.6792708333333335,0.06005600793878761,0.0026207796429772233,0.00563642044994875,0.0018985993561981699,0.0005744784603977261,0.0034646840479800847,0.06831320803171359,0.043638925278690954,2.7157894736842105,802317.8710998077,腰部普通,0
在课堂上搞笑被抓了,良心发作的chunchun,搞笑,2275781,124799,2892,2734,35840,55335,5193,707,2026-07-30 09:00:00,BV1aj3n6GEyE,2026-08-02,63.0,2.625,0.05483787763409572,0.024314729756509963,0.015748439766392286,0.0012707725391854488,0.0012013458236974472,0.002281854009678436,0.09490104715699797,0.44339297590525567,3.867043847241867,866964.1904761905,腰部普通,0
当北京人说想要奢侈一把,抵抗Resistance,搞笑,2068938,71062,4587,1981,4912,1278,3965,91,2026-07-30 14:32:39,BV1xP3b6pEsd,2026-08-02,57.45583333333333,2.3939930555555553,0.034347090149632324,0.0006177082155192664,0.002374164909726633,0.002217079487157179,0.0009574960680310381,0.0019164421553473328,0.03733896327487822,0.017984295404013396,21.76923076923077,864220.5520182169,腰部普通,0
【花小烙】游隼：地球上俯冲速度最快的“鸟中战斗机”是如何炼成的？,画渣花小烙,科学科普,2836289,240264,3084,4259,36279,16080,1866,454,2026-07-30 10:00:00,BV1UFge6qEty,2026-08-02,62.0,2.5833333333333335,0.0847106906242629,0.005669379953876351,0.012791009660863191,0.001087336304586733,0.0015016100263407573,0.0006579019274834124,0.10317108023900244,0.06692638098092099,9.381057268722467,1097918.322580645,腰部普通,0
【第二集】🐧赛伊德：“我变成女孩了？！”🐧,徐Toso,影视剪辑,1886040,148361,2369,4207,51916,10123,5752,273,2026-07-30 11:59:56,BV1zL346TEuB,2026-08-02,60.00111111111111,2.500046296296296,0.07866270068503319,0.00536733049139997,0.027526457551271446,0.001256070921083328,0.0022305995631057667,0.0030497762507688065,0.11155648872770461,0.06823221736170557,15.41025641025641,754402.0295920447,腰部普通,0
假装摘葡萄，测试家人反应,拉木小伙,日常,593493,65565,1334,1221,11103,1184,1967,185,2026-07-29 09:30:33,BV1M3326rE9S,2026-08-02,86.49083333333333,3.603784722222222,0.11047308055865865,0.00199496876964008,0.018707887034893417,0.002247709745523536,0.0020573115436913324,0.003314276663751721,0.13117593636319216,0.01805841531304812,6.6,164686.03031149736,尾部低播放,0
“欢迎玩家进入副本，好戏开场…”,社恐内向昭爷爷,亲子,1192917,160300,4472,2004,14087,2093,9679,392,2026-07-28 12:46:34,BV1hM3q6QEmu,2026-08-02,107.2238888888889,4.467662037037037,0.13437649056891637,0.0017545227371225324,0.011808868513065033,0.0037487939227959697,0.0016799157024336145,0.008113724592741994,0.14793988181910392,0.013056768558951964,5.112244897959184,267011.46821551997,腰部普通,0
丧 尸 下 乡,次级英雄娄不凡,鬼畜剧场,6146061,227033,5801,6806,55218,31174,41461,443,2026-07-26 11:35:03,BV1yD376HEKM,2026-08-02,156.41583333333332,6.517326388888889,0.036939594319028074,0.005072191766401277,0.008984290914131832,0.0009438565611372878,0.0011073759274436098,0.006745946712862108,0.050996076999561185,0.13731043504688745,15.363431151241535,943034.0960793612,腰部普通,0
就算只有一个人喜欢 我们也会继续坚持的！,枫清云武侠梦,运动综合,1191526,151936,3252,554,22605,20030,1612,31,2026-07-30 07:14:58,BV1Me3s6jEN6,2026-08-02,64.75055555555555,2.6979398148148146,0.12751379323657225,0.01681037593808276,0.01897147019871996,0.0027292732177056985,0.0004649499885021393,0.0013528869701542393,0.163295639373375,0.1318318239258635,17.870967741935484,441642.91340271645,腰部普通,0
从刺杀权贵的革命者到大汉奸，汪精卫为什么转变？【历史调研室103】,历史调研室,人文历史,986750,55265,3926,11323,20178,18195,4645,2310,2026-07-31 10:52:06,BV1W4Gw62ErS,2026-08-02,37.13166666666667,1.5471527777777778,0.05600709399543957,0.01843932100329364,0.020448948568533062,0.003978718013681277,0.011475044337471497,0.004707372688117557,0.09489536356726627,0.32923188274676557,4.901731601731602,637784.460702904,腰部普通,0
我装老外给国人唱《中国人能飞》！！,你哇哥233,翻唱,758528,72135,1167,890,6709,2013,2293,287,2026-07-31 10:23:00,BV1mpGw6EEMc,2026-08-02,37.61666666666667,1.5673611111111112,0.09509866478231523,0.0026538242490718868,0.008844762487343907,0.0015385061592980088,0.0011733251771852851,0.0030229602598717516,0.10659725151873102,0.027906009565398213,3.1010452961672472,483952.29065130703,腰部普通,0
180卢比成吉思鸡套餐，依旧撑爆鳞片,印度老吃家,美食侦探,3254523,209001,3154,965,18636,4254,5461,151,2026-07-29 15:01:41,BV15g3n6jEk1,2026-08-02,80.97194444444445,3.3738310185185187,0.06421862743019484,0.001307103990354347,0.005726184758872498,0.0009691128315885308,0.0002965104256445568,0.0016779724709273833,0.07125191617942168,0.02035396959823159,6.3907284768211925,964637.2275719641,腰部普通,0
热钱，军队与麦子：香港凭什么躲过97风暴？,空山猎人,财经商业,697501,51889,1377,3467,25851,22260,1779,3601,2026-07-31 03:00:00,BV18c3h6AEdF,2026-08-02,45.0,1.875,0.07439272488498225,0.03191393273988138,0.03706231245546601,0.001974190718006139,0.004970602192685029,0.002550533977729064,0.14336897008032964,0.4289926574033032,0.9627881144126631,372000.5333333333,腰部普通,0
刚认识就给我花钱，你是不是喜欢我？,桃鱼七夕大脸萌,喵星人,864486,85494,336,401,20741,24034,279,304,2026-07-31 03:22:00,BV1LPGw6aEPC,2026-08-02,44.63333333333333,1.8597222222222223,0.09889576002387546,0.027801491290778566,0.023992291373139647,0.00038867026186658894,0.000463859449430066,0.0003227351281570783,0.15068954268779367,0.2811191428638267,1.319078947368421,464846.84092606424,腰部普通,0
空爆手雷开创者，打出0比400惊人战损比，他就是二级战斗英雄蔡兴海,传奇档案1,影视剪辑,516513,68376,1371,931,10687,580,1264,96,2026-07-30 08:46:39,BV1Kn3t6XEz9,2026-08-02,63.2225,2.6342708333333333,0.1323800175407008,0.0011229146217036164,0.020690669934735426,0.002654337838544238,0.0018024715738035634,0.0024471794514368465,0.15419360209713986,0.008482508482508483,9.697916666666666,196074.3722567124,尾部低播放,0
王者荣耀这自动寻路太好用了，以后跑图方便了,磊哥游戏,单机游戏,2203596,94607,3542,897,2926,3218,1164,144,2026-07-31 01:00:00,BV1bC3h6eE1u,2026-08-02,47.0,1.9583333333333333,0.04293300586858934,0.001460340280160247,0.0013278296021593794,0.0016073726762981962,0.0004070619115300627,0.0005282274972363355,0.04572117575090897,0.03401439639772955,6.229166666666667,1125240.510638298,腰部普通,0
这大狗叫魔了！,七成熟的橘子,单机游戏,2133590,135436,2243,1824,37349,8154,10500,310,2026-07-29 10:10:38,BV16U3164EYy,2026-08-02,85.82277777777777,3.575949074074074,0.06347798780459225,0.003821727698386288,0.0175052376510951,0.0010512797679029242,0.0008548971451872196,0.004921282908150113,0.08480495315407365,0.06020555834490091,5.883870967741935,596649.9957923628,腰部普通,0
你们起过最爆笑的外号是什么,脱缰凯Kk,小剧场,1654757,154431,2717,6772,21747,5700,2045,201,2026-07-31 10:00:20,BV1TpGw6JEKH,2026-08-02,37.99444444444445,1.583101851851852,0.09332548525251744,0.0034446145264833447,0.01314211089604093,0.0016419329242903942,0.004092443784797405,0.0012358310011681473,0.10991221067504171,0.03690968782174563,33.691542288557216,1045262.5003655504,腰部普通,0
13 年老玩家带女儿玩 MC？！,大橙橙橙子,单机游戏,1464935,106207,4648,1661,22042,15090,9014,347,2026-07-30 09:37:40,BV1PW3t6DE9b,2026-08-02,62.37222222222222,2.5988425925925926,0.07249946243348682,0.010300798328936095,0.015046401376170273,0.003172837020072563,0.0011338387027410772,0.006153174031612324,0.09784666213859318,0.14208103044055476,4.786743515850144,563687.4677117663,腰部普通,0
免试演员，毕业季,俊俊大俊俊,搞笑,1014094,72239,744,484,5549,1816,2454,132,2026-07-28 05:03:02,BV1ib3Y6QEDj,2026-08-02,114.94944444444444,4.789560185185185,0.07123501371667715,0.0017907610142649498,0.005471879332685135,0.0007336597987957724,0.0004772733099692928,0.0024198940137699267,0.07849765406362724,0.025138775453702293,3.6666666666666665,211730.0881063656,尾部低播放,0
《冠军结算画面》,柯洁,影视剪辑,3031117,281802,14748,6141,9103,25513,18004,11,2026-07-30 13:43:28,BV1jp3b6gEsL,2026-08-02,58.275555555555556,2.428148148148148,0.09296968741226419,0.008417029101812962,0.0030031833149297767,0.004865533069162292,0.0020259857999542744,0.0059397245305938375,0.10438989982900693,0.0905351984726865,558.2727272727273,1248324.5729103112,头部爆款,1
【同人动画】耗时1.5年手搓还原无限城 猗窝座•登场【B萌应援】,Fusilade_炮弹雨,同人·手书,153176,20690,1023,464,7492,14143,1431,248,2026-07-31 07:59:34,BV1xNGA6SE2y,2026-08-02,40.007222222222225,1.6669675925925926,0.13507337964171934,0.09233169687157257,0.04891105656238575,0.006678591946519037,0.0030291951741787224,0.009342194599676189,0.27631613307567765,0.6835669405509908,1.8709677419354838,91889.00892894338,尾部低播放,0
？！泉奈！？,晓贪猫,日常,639727,62699,1302,1026,29875,3683,3654,91,2026-07-31 13:22:59,BV1bWGP64Ehj,2026-08-02,34.61694444444444,1.442372685185185,0.09800899446170007,0.0057571432814309854,0.046699607801452804,0.002035243158409759,0.0016038091248298102,0.005711811444569324,0.15046574554458386,0.05874096875548254,11.274725274725276,443524.0673722728,腰部普通,0
买奕派M8黄金大六座送130亿公里的老司机？,所长Wy,汽车生活,1571812,44318,1148,1429,4615,2642,1238,609,2026-07-26 10:11:15,BV1h5gY6MEUv,2026-08-02,157.8125,6.575520833333333,0.028195483938282695,0.0016808625967991084,0.0029361017729855735,0.0007303672449376897,0.0009091418057630302,0.0007876260010739197,0.03281244830806738,0.05961460354709148,2.3464696223316914,239039.92396039606,尾部低播放,0
猪八戒嫦娥《都是月亮惹的祸》完整版,左左柚柚yoyo,影视剪辑,234063,8646,653,303,3562,2978,1350,253,2026-07-31 14:05:35,BV1nzGP6jEhM,2026-08-02,33.90694444444444,1.4127893518518517,0.036938772894477126,0.012723070284496055,0.015218125034712876,0.0027898471778965493,0.0012945232693761936,0.005767677932864229,0.06487996821368607,0.34443673374971084,1.1976284584980237,165674.3800434195,尾部低播放,0
21岁小伙60万彩礼娶00后女生，2个月后就被女生杀害，死因竟是小伙太过讨好！,挖沟连彭沟长,社科·法律·心理,2270374,97023,7736,8285,16264,3382,16428,542,2026-07-30 02:57:24,BV1fS3p64EhA,2026-08-02,69.04333333333334,2.876805555555556,0.042734368874907835,0.0014896224146330075,0.007163577454639632,0.0034073681252516103,0.0036491785053916225,0.007235812249435556,0.051387568744180476,0.03485771415025303,15.285977859778598,789199.6717037609,腰部普通,0
尼古喵喵这烟抽的有问题啊，我好心帮她改了一下,最上川下山,动漫杂谈,2091394,73471,1418,617,4349,506,1038,173,2026-07-30 06:56:52,BV1dL3s6bEUW,2026-08-02,65.05222222222223,2.7105092592592595,0.035130157206150536,0.00024194389005610613,0.0020794742645336077,0.0006780166721335148,0.0002950185378747381,0.0004963196796012612,0.03745157536074025,0.006887071089273319,3.566473988439306,771587.1077937384,腰部普通,0
和解剖了4000具尸体的法医，一起看了影片中的尸体...,影视飓风,影视杂谈,8878285,504390,9241,23137,140472,112799,27095,969,2026-07-27 09:00:00,BV1QEgZ6rEGj,2026-08-02,135.0,5.625,0.05681164774503184,0.012705043823215858,0.015821974626856427,0.0010408541739761678,0.0026060213205590945,0.003051828140232038,0.08533866619510412,0.2236344891849561,23.87719298245614,1578361.7777777778,头部爆款,1
争夺蜜瓜的修行【绝区零生日会】,Subutai制,MMD·3D,1604035,179108,2350,1910,58987,36791,10392,275,2026-07-30 12:30:00,BV1GS3z6aE1X,2026-08-02,59.5,2.4791666666666665,0.11166090515481271,0.022936531933530128,0.03677413522772259,0.001465055313630937,0.0011907470846957828,0.006478661625213914,0.17137157231606542,0.20541237688992117,6.945454545454545,647005.7142857143,腰部普通,0
这扳机纪律你就学吧,杨齐家_,单机游戏,4508985,177940,3882,21918,36234,14295,2067,881,2026-07-30 09:38:31,BV1RK3t6wEH1,2026-08-02,62.35805555555555,2.5982523148148147,0.03946342691315229,0.003170336561332539,0.00803595487676273,0.000860947641209718,0.004860960947973879,0.00045841802534273235,0.05066971835124756,0.0803360683376419,24.87854710556186,1735391.5069335247,头部爆款,1
路边一块，用心雕琢，也可以变成大家喜欢的样子。,小梨家的和田玉,手工,3438822,214831,8883,2254,17424,5124,2815,195,2026-07-27 11:47:30,BV12v3w6jEBc,2026-08-02,132.20833333333334,5.508680555555556,0.06247226521174984,0.00149004513755001,0.005066851381083406,0.0025831520212444845,0.0006554570140588841,0.0008185942744346756,0.06902916173038326,0.02385130637570928,11.558974358974359,624255.1125118184,腰部普通,0
理发师差点被“打到”主动办卡……,山城小栗旬的理发日记,美妆护肤,1633268,89492,848,652,5759,1030,647,129,2026-07-30 08:16:50,BV1N43t6UEFD,2026-08-02,63.71944444444444,2.6549768518518517,0.05479321213664873,0.0006306374703967751,0.0035260594097233275,0.0005192044416470537,0.00039919964145504596,0.0003961382945113723,0.05894990901676883,0.011509408662226791,5.054263565891473,615172.2184925237,腰部普通,0
我是诺基亚,海臣W,单机游戏,1020710,70206,1091,1546,9637,3834,401,2558,2026-07-30 12:00:00,BV1VA3x64Eup,2026-08-02,60.0,2.5,0.06878153442211794,0.0037562089134034154,0.009441467213998099,0.0010688638300790625,0.001514631971862723,0.00039286379089065453,0.08197921054951945,0.054610717032732244,0.6043784206411259,408284.0,腰部普通,0
塑料神剧，雷霆台词，土出天际。《这一秒过火》爆笑解说,一只吐槽圆,娱乐杂谈,1338749,49635,2646,7933,6531,2422,8771,481,2026-07-31 02:42:21,BV1DVGw6sE5X,2026-08-02,45.29416666666667,1.8872569444444445,0.037075657946336465,0.0018091516781711882,0.004878435016571441,0.001976472064591645,0.005925681363720906,0.006551638880776008,0.0437632446410791,0.04879621235015614,16.492723492723492,709362.3387853476,腰部普通,0
跟资本对赌！全场都说走 她非要赌上身家再贪一手！《一掷千金》,沫子瞪片,影视杂谈,1271219,47454,2118,7625,6323,4575,1476,1032,2026-07-31 03:43:25,BV1VbGc6xEsJ,2026-08-02,44.27638888888889,1.844849537037037,0.03732952386646203,0.003598907819974371,0.0049739659334858905,0.0016661173251815778,0.005998179699957285,0.001161090260608125,0.04590239761992229,0.09640915412820837,7.388565891472868,689063.7824273033,腰部普通,0
零基础学物理（36）：电场线、等势线,简单物理一不能学不会,校园学习,1091435,142147,2659,3076,29688,2521,13679,206,2026-07-27 06:34:27,BV124gZ6KEhc,2026-08-02,137.42583333333334,5.726076388888889,0.130238630793405,0.0023098031490652216,0.027200886905770844,0.002436242194908538,0.002818308007348124,0.012533041362976265,0.1597493208482411,0.017735161487755634,14.932038834951456,190607.8308906016,尾部低播放,0
媳妇跑了、被孤立7年后，这只企鹅爱上了二次元少女,辟谣的大舌头LOOONG,人文历史,3033618,204093,10190,4079,60004,15062,22880,448,2026-07-29 10:00:00,BV1Z43y6QE2b,2026-08-02,86.0,3.5833333333333335,0.06727709289699627,0.004965028556660727,0.01977968221443834,0.003359025427723596,0.0013445990892722815,0.007542149341149743,0.09202180366809533,0.0737996893573028,9.104910714285714,846591.0697674418,腰部普通,0
“也许你不该去找他的，托尼。”,乐马不要加班_Edit,影视剪辑,1668212,87499,3935,223,20956,11588,3054,98,2026-07-29 10:00:00,BV1fb3y6nEcM,2026-08-02,86.0,3.5833333333333335,0.05245076764823656,0.0069463593356240095,0.012561952557588603,0.0023588129086710803,0.00013367605556128357,0.0018307025725747088,0.07195907954144917,0.13243579926627733,2.2755102040816326,465547.5348837209,腰部普通,0
你到底在等什么？,指挥官30,手机游戏,1489412,97415,1129,451,19938,3723,608,134,2026-08-05 13:35:35,BV1yGMy6HETf,2026-08-10,106.40694444444445,4.433622685185186,0.065405005465244,0.0024996441548745412,0.013386490776225786,0.0007580172578171789,0.00030280405958861616,0.0004082147854321034,0.08129114039634433,0.038217933583123746,3.3656716417910446,335935.6683591557,腰部普通,0
沉浸在自己的艺术中无法自拔,赛赛酱nia,绘画,2543298,161977,7221,1390,12237,2796,5917,104,2026-08-03 12:30:00,BV1K63f6gEcr,2026-08-10,155.5,6.479166666666667,0.06368777862444747,0.0010993599648959737,0.004811469202586563,0.0028392268621294085,0.0005465344603738924,0.00232650676405203,0.06959860779193,0.01726170999586361,13.365384615384615,392534.7395498392,腰部普通,0
【2026EWC王者荣耀电竞世俱杯】8月8日 决赛 AG.AL VS KSG,哔哩哔哩王者荣耀赛事,电子竞技,510943,3573,7824,6360,1183,763,292,16356,2026-08-08 13:15:23,BV1Smu36GE6H,2026-08-10,34.743611111111115,1.4476504629629632,0.006992952247119542,0.0014933172584808874,0.0023153267585621098,0.015312862687227343,0.012447572429801367,0.0005714923191040879,0.01080159626416254,0.2135460397425133,0.3888481291269259,352946.3866258384,腰部普通,0
父母去世后患上抑郁症，一个人住了十年，也沉寂了十年。退役女兵的断舍离vlog：用断舍离帮助姐姐走出阴霾,大莉想干啥干啥,日常,507250,51364,1138,754,3645,6131,265,456,2026-08-05 11:05:00,BV12sMC6WELH,2026-08-10,108.91666666666667,4.538194444444445,0.10125973385904387,0.012086742237555447,0.0071858058156727455,0.002243469689502218,0.0014864465253819615,0.0005224248398225727,0.12053228191227205,0.1193637567167666,1.6535087719298245,111773.5271614384,尾部低播放,0
花5万去全球最顶级的音乐节到底值不值？！,杰克小兔,出行,876695,34841,1340,2931,6098,6131,1985,1163,2026-08-06 10:13:52,BV1wpun6HE5C,2026-08-10,85.7688888888889,3.573703703703704,0.03974130113665528,0.006993310102144988,0.006955668733139803,0.0015284677111196026,0.0033432379561877277,0.0022641853780391128,0.05369027997194007,0.17597083895410578,2.5202063628546862,245318.32314229454,尾部低播放,0
《明日方舟：终末地》干员叙事 [梨诺：心与星的焦点],明日方舟终末地,手机游戏,1400987,65312,7465,4858,9551,14533,9227,653,2026-08-08 03:30:00,BV1egub6hEwp,2026-08-10,44.5,1.8541666666666667,0.04661856248487673,0.010373401037982509,0.0068173366348153125,0.005328386344769794,0.0034675553734617097,0.006586071105584849,0.06380930015767455,0.22251653601175894,7.439509954058193,755588.4943820224,腰部普通,0
很久没做巨型美食了，今天炖个2米大鲟鱼，看看手艺有没有退步,李维刚的日常,美食侦探,1525314,121204,3316,4113,5265,6886,1836,508,2026-08-06 09:00:00,BV1hZu76fEUV,2026-08-10,87.0,3.625,0.07946167149845867,0.0045144802971715985,0.0034517482957607416,0.0021739786037497854,0.002696493967799417,0.0012036865851883611,0.08742790009139102,0.05681330649153493,8.096456692913385,420776.275862069,腰部普通,0
[菲比｜我的世界] 超越生死 【bilibilionly同人扶持计划】,Lm海洋,单机游戏,430342,88145,1727,444,22670,27163,4695,196,2026-08-07 01:00:00,BV1dEuW6SEz6,2026-08-10,71.0,2.9583333333333335,0.20482546439808338,0.06311956536893912,0.05267903202569119,0.0040130872654772255,0.0010317375482755576,0.01090992745304897,0.3206240617927137,0.30816268648250045,2.2653061224489797,145467.71830985913,尾部低播放,0
这拍卖的东西是人用的吗？！！「拍卖大赛」,夏天y,单机游戏,493686,45516,1052,2682,13591,23745,432,1716,2026-08-08 00:00:00,BV17PuK6TEur,2026-08-10,48.0,2.0,0.09219625429929146,0.04809737363425335,0.027529644348837114,0.0021309091203720585,0.005432602909541693,0.0008750501330805411,0.16782327228238192,0.5216846823095175,1.562937062937063,246843.0,腰部普通,0
原神至冬32分钟实机演示【创作体验服】,提瓦特图研所,手机游戏,782207,29797,4970,4699,6790,2906,9738,1948,2026-08-07 04:03:02,BV1Heu46TEgc,2026-08-10,67.94944444444444,2.8312268518518517,0.03809349698992722,0.003715129115438752,0.008680566653072652,0.006353816828537714,0.0060073612227965235,0.01244938999523144,0.05048919275843862,0.09752659663724536,2.412217659137577,276278.4619283945,腰部普通,0
CF的老玩家现在都在做什么？还记得当年三亿鼠标的枪战梦想吗？,国电武术馆馆长,网络游戏,389712,6916,604,434,2864,4189,152,245,2026-08-08 10:45:53,BV1R7uG6QEXe,2026-08-10,37.235277777777775,1.5514699074074072,0.017746438395533113,0.010748963337028369,0.007349016709775424,0.0015498624625364373,0.0011136428952662478,0.0003900316130886398,0.035844418442336906,0.6056969346443031,1.7714285714285714,251188.88747976458,腰部普通,0
阴间网页解谜游戏《邺山彼处》全结局完整攻略、剧情解读与彩蛋 表面看似美好的旅游小村庄，背后竟是全体村民隐藏的可怕秘密,神戳戳的苏神,单机游戏,1396702,99206,443,3818,61061,5091,6444,1145,2026-08-05 17:54:20,BV1iUM161EPD,2026-08-10,102.09444444444445,4.253935185185186,0.07102875201725208,0.003645015185773343,0.043717987086722865,0.00031717574686654707,0.002733582396244868,0.004613725762546341,0.11839175428974828,0.05131746063746145,3.3344978165938866,328331.75382271316,腰部普通,0
依然做自己！要被nba抛弃？威少26赛季有多弱？,业余球探刀先生,篮球,278666,8514,2110,3619,1205,770,446,754,2026-08-08 13:30:50,BV1vBu36EEkP,2026-08-10,34.486111111111114,1.4369212962962965,0.030552704671542277,0.002763164505178242,0.004324173024337379,0.007571788449254663,0.012986873174337738,0.0016004822978045402,0.0376400422010579,0.09043927648578812,4.79973474801061,193932.68143374947,尾部低播放,0
啊？你在用红笔攻击纸上的人？,冷库管理员雪糕,绘画,273776,44197,402,67,14056,1688,388,22,2026-08-08 02:12:01,BV1yVuu6oELp,2026-08-10,45.79972222222222,1.9083217592592592,0.16143489568114078,0.006165624452106832,0.05134124247560049,0.0014683536906083805,0.00024472561510139674,0.0014172169949155514,0.21894176260884812,0.038192637509333216,3.0454545454545454,143464.27622680875,尾部低播放,0
鸭够燥的！,魔鬼厨房Neo,美食记录,174827,11753,247,354,1420,1019,346,208,2026-08-08 12:00:00,BV1jVug62Eh2,2026-08-10,36.0,1.5,0.06722645815577685,0.005828619149216082,0.00812231520302928,0.001412825250104389,0.0020248588604734967,0.001979099338202909,0.08117739250802222,0.08670126776142262,1.7019230769230769,116551.33333333333,尾部低播放,0
史上第一冤种！史上第一混乱！《低智商犯罪》完结篇,东倾电影,影视杂谈,238104,6658,280,1861,2537,2091,149,4288,2026-08-08 08:36:09,BV1TDuu6YECh,2026-08-10,39.3975,1.6415625,0.02796257097738803,0.008781876826932768,0.010655007895709438,0.0011759567247925276,0.007815912374424621,0.0006257769714074522,0.04739945570003024,0.31405827575848605,0.4340018656716418,145047.17304397488,尾部低播放,0
⚡小嘴一张，骚话之王⚡,洛温阿特金森,鬼畜剧场,350893,37224,554,222,5396,4265,1383,119,2026-08-07 10:00:00,BV1ajub6tEau,2026-08-10,62.0,2.5833333333333335,0.10608362093287697,0.012154702430655499,0.015377907225279501,0.001578828873759237,0.0006326714981490084,0.003941372441171525,0.13361623058881197,0.11457661723619171,1.865546218487395,135829.54838709676,尾部低播放,0
晚自习的消遣方式！,一串大福,搞笑,2872898,138949,1098,2156,23037,3442,721,172,2026-08-06 10:02:05,BV1pJun6pEyg,2026-08-10,85.96527777777777,3.581886574074074,0.048365448407844625,0.0011980933538190356,0.008018732304453552,0.0003821924760294309,0.0007504617288883907,0.00025096609764774106,0.05758227406611721,0.024771678817407827,12.534883720930232,802062.807011875,腰部普通,0
为什么国内报道美国那么多缺点，但我出国的同学没一个愿意回来的？,我捞捞捞,影视杂谈,212003,4096,2586,414,1641,520,261,1504,2026-08-08 12:00:00,BV1BpuN6NEWR,2026-08-10,36.0,1.5,0.01932048131394367,0.002452795479309255,0.007740456502974015,0.012197940595180257,0.00195280255468083,0.0012311146540379145,0.02951373329622694,0.126953125,0.2752659574468085,141335.33333333334,尾部低播放,0
蛋炒饭要想做到粒粒分明 好吃不成坨 注意这个细节#美食 #热门,刘小欠教做菜7,美食制作,1585313,105983,2887,789,50680,2316,4003,119,2026-08-05 09:06:29,BV1L4Mk6PEbi,2026-08-10,110.89194444444445,4.620497685185185,0.06685304416225692,0.0014609102429614846,0.03196845039433853,0.0018210914816190872,0.0004976935154130446,0.0025250534121652947,0.10028240479955693,0.02185256125982469,6.630252100840337,343104.3813922963,腰部普通,0
物理经济学家，希望得到你的智齿,我叫孙火旺,搞笑,176422,16542,567,583,783,1962,444,149,2026-08-08 09:55:27,BV1Yquu63Es1,2026-08-10,38.075833333333335,1.5864930555555556,0.09376381630408906,0.011121061999070411,0.004438221990454705,0.003213884889639614,0.003304576526737028,0.0025166929294532427,0.10932310029361418,0.11860718171926006,3.912751677852349,111202.50377536057,尾部低播放,0
- 天鹅湖转了一圈圈圈圈圈…,-别吵吵-,仿妆cos,347443,81534,672,52,27681,3686,1757,16,2026-08-08 10:35:56,BV1dJuG6nEKL,2026-08-10,37.40111111111111,1.5583796296296297,0.23466870824854724,0.010608934415141477,0.07967062223156028,0.0019341302026519458,0.000149664837109972,0.0050569445923504,0.32494826489524903,0.04520813402997523,3.25,222951.45123436616,尾部低播放,0
🚀 中 国 人 能 飞 🚀,兔总裁s,宅舞,760690,25730,1306,905,5925,2596,1507,48,2026-08-08 04:25:00,BV197uM6KEpc,2026-08-10,43.583333333333336,1.8159722222222223,0.033824554023320935,0.0034126911093875297,0.0077889810566722315,0.001716862322365221,0.00118970934283348,0.0019810961101105577,0.045026226189380694,0.10089389817333852,18.854166666666668,418888.56596558314,腰部普通,0
BBW版哈基米  传奇老吴撼地掌,大大波杰克,搞笑,802458,55784,765,357,7497,1152,1851,188,2026-08-07 10:00:00,BV1v1u46fEXa,2026-08-10,62.0,2.5833333333333335,0.0695164108277318,0.0014355891523294678,0.009342545030394113,0.0009533209214687871,0.000444883096685434,0.0023066627786127126,0.08029454501045538,0.020651082747741287,1.898936170212766,310628.9032258064,腰部普通,0
"""梦中情约""",老子名字深蓝,手机游戏,420655,28677,789,776,1704,2624,437,191,2026-08-07 16:00:00,BV1egub6hExA,2026-08-10,56.0,2.3333333333333335,0.06817225517347945,0.006237890908226456,0.004050825498329985,0.0018756463134872996,0.0018447421283474582,0.0010388560697008238,0.0784609715800359,0.09150190047773477,4.06282722513089,180280.71428571426,尾部低播放,0
抓人填线又失败，不给念经就造反，以色列天龙人：消灭所有犹太人！,金花顺子,人文历史,224062,17626,845,989,2101,1945,291,569,2026-08-08 12:15:00,BV1XWuG6mE4C,2026-08-10,35.75,1.4895833333333333,0.07866572645071454,0.008680633039069543,0.009376868902357383,0.0037712775928091333,0.004413956851228678,0.001298747668056163,0.09672322839214147,0.11034834902984228,1.7381370826010545,150419.24475524476,尾部低播放,0
《异环》残虹角色短片丨灵魂的颜色,异环,单机游戏,2707496,66157,11909,3502,9566,10336,10603,1034,2026-08-08 03:00:00,BV1RgM16rEe6,2026-08-10,45.0,1.875,0.024434754474244837,0.003817549499611449,0.0035331538809290947,0.004398529120633973,0.0012934460475657213,0.003916164603751954,0.031785457854785384,0.1562344120803543,3.386847195357834,1443997.8666666667,头部爆款,1
当中式志怪遇到后室：水中好像有什么在看着我？《诡案录》【AI全民制作人】,喵君Mill,短片,235297,14006,488,605,7284,3997,946,734,2026-08-07 04:04:31,BV1G9u46WEjK,2026-08-10,67.92472222222223,2.8301967592592594,0.05952477082155744,0.01698704190873662,0.030956620781395428,0.002073974593811226,0.0025712185025733433,0.004020450749478319,0.10746843351168948,0.28537769527345425,0.8242506811989101,83138.03597937258,尾部低播放,0
【我的世界宝可梦】新服开荒！2026暑假必玩！和朋友一起联机自由探索原汁原味！体验我的世界神奇宝贝带来的乐趣！,归途宝可梦,单机游戏,321544,62347,837,577,8898,13110,1190,101,2026-08-07 09:11:17,BV1pYub61Ev3,2026-08-10,62.81194444444444,2.617164351851852,0.19389881322618366,0.04077202497947404,0.02767272908217849,0.0026030652103600127,0.0017944666981812754,0.00370089319035653,0.2623435672878362,0.21027475259435097,5.712871287128713,122859.6896379404,尾部低播放,0
我好像出了个假国！中国人在纽约建了个新县城？,世茹很如意,出行,5258689,84292,4517,11727,49016,21400,6478,2478,2026-08-05 10:00:00,BV1LPMr6cE6u,2026-08-10,110.0,4.583333333333333,0.016029090140147098,0.004069455333829401,0.009320954329111305,0.0008589593337807198,0.0022300234906456723,0.0012318659650722833,0.029419499803087803,0.2538793717078726,4.732445520581114,1147350.3272727274,腰部普通,0
米其林餐厅干不过中餐外卖？戈登肺都快气炸了！《地狱厨房》,沫子瞪片,影视杂谈,751018,40407,1134,2734,5768,2838,467,1064,2026-08-07 09:55:25,BV1ZKub6PEpi,2026-08-10,62.076388888888886,2.5865162037037037,0.05380297143344101,0.003778870812683584,0.007680242018167341,0.0015099504938629966,0.0036403921077790414,0.0006218226460617455,0.06526208426429193,0.07023535526022719,2.569548872180451,290358.9001006824,腰部普通,0
抽象新闻：7月人类迷惑行为大赏（下）,我是M菌,搞笑,4870867,82615,2076,8499,21091,3430,3880,675,2026-08-04 13:00:00,BV16QuA6qEDG,2026-08-10,131.0,5.458333333333333,0.016961046154616827,0.0007041867495047597,0.004330029951546614,0.0004262074903708108,0.0017448639020527558,0.0007965727662036348,0.0219952628556682,0.04151788416147189,12.591111111111111,892372.5801526718,腰部普通,0
逆天！1.9元套餐收60元服务费，老板要起诉勇哥并报警！【网络狠人111】,喵喵即正义,日常,1927841,79461,4930,3915,8880,2642,3580,452,2026-08-06 11:57:19,BV1LGuJ6uEvx,2026-08-10,84.04472222222222,3.501863425925926,0.04121761078844158,0.0013704449692687312,0.004606188995876735,0.002557264836674809,0.0020307691350064656,0.001856999617707062,0.04719424475358704,0.033249015240180715,8.66150442477876,550518.6140976531,腰部普通,0
街头搞笑大冒险，你能坚持第几关？,社恐阿健,搞笑,2045063,142435,4866,2646,20521,2276,5782,184,2026-08-03 13:30:36,BV1kaMR6EEQ9,2026-08-10,154.49,6.437083333333334,0.06964822110614685,0.001112924149524978,0.010034409697891948,0.0023793888012251943,0.0012938476711964375,0.0028272967629848077,0.08079555495356378,0.015979218590936217,14.380434782608695,317700.25244352384,腰部普通,0
2年后重返，打出史上最逆天的一次机瞄！,突击手蜜獾,手机游戏,345730,25090,753,342,2909,3828,320,168,2026-08-08 09:56:45,BV1vvuu6kEd3,2026-08-10,38.05416666666667,1.5855902777777777,0.07257108147976744,0.011072223989818645,0.00841408035171955,0.0021780001735458307,0.0009892112342000984,0.0009255777629942441,0.09205738582130564,0.1525707453168593,2.0357142857142856,218044.97974378627,尾部低播放,0
1538/位的洗浴会所包含五顿豪华海鲜自助餐，各种服务细节非常棒 跟着我的视频一起看看吧！,朱海爱吃自助餐,美食记录,167022,8852,326,348,1960,543,1646,2451,2026-08-07 17:53:57,BV1qnuN6iExh,2026-08-10,54.100833333333334,2.2542013888888888,0.05299900611895439,0.0032510687214857923,0.01173498102046437,0.0019518386799343799,0.002083557854653878,0.009854989163104262,0.06798505586090454,0.06134206958879349,0.1419828641370869,74093.64612375041,尾部低播放,0
[明日方舟] 我做了一个奇象巡展全自动像素画转换拼豆软件,JaYJoker,出行,54669,2386,463,123,2420,1249,1329,155,2026-08-08 18:59:44,BV1zXuG6ZEyK,2026-08-10,29.004444444444445,1.2085185185185185,0.0436444785893285,0.022846585816459052,0.04426640326327535,0.00846915070698202,0.0022499039675135815,0.024309937990451627,0.1107574676690629,0.5234702430846605,0.7935483870967742,45236.37756665645,尾部低播放,0
看到你们私信我许愿得到1万美金，给你们机会！#野兽先生# #MrBeast# #整活# #挑战#,野兽先生MrBeast,日常,1816728,106397,27614,227,2663,3436,722,21,2026-08-07 10:27:44,BV1QYut6dEbN,2026-08-10,61.53777777777778,2.564074074074074,0.05856517871690203,0.0018913122933097305,0.001465822071328234,0.01519985380310096,0.0001249499099479944,0.00039741777525309236,0.06192231308154,0.03229414363186932,10.80952380952381,708531.7925754731,腰部普通,0
老师：逼疯我，就你这题足以…【小学生作业】,比比老师,搞笑,2302538,73475,1151,2843,7169,1676,522,698,2026-08-05 10:00:00,BV1oA3t6PEAK,2026-08-10,110.0,4.583333333333333,0.03191043969741216,0.0007278924386915656,0.003113520819200378,0.0004998831723949833,0.00123472446491654,0.00022670635620345898,0.0357518529553041,0.022810479755018712,4.073065902578796,502371.9272727273,腰部普通,0
B站升级攻略，秒升LV6！,2333游戏,影视剪辑,784614,61631,12168,1631,23802,41582,11969,187,2026-08-03 13:39:52,BV1VQMR6iET2,2026-08-10,154.33555555555554,6.430648148148148,0.0785494523421708,0.05299676019036112,0.03033593588694568,0.015508262661639991,0.0020787291585416525,0.015254634763080954,0.1618821484194776,0.674692930505752,8.72192513368984,122011.65138010973,尾部低播放,0
航天基地所有藏宝图位置 (1~11),周一不佳班,日常,326329,5415,237,70,4675,1214,427,257,2026-08-07 20:40:11,BV1vhuT6qELE,2026-08-10,51.33027777777778,2.138761574074074,0.01659368306218571,0.003720171973683001,0.01432603292995719,0.0007262609207272416,0.00021450744494053546,0.0013084954141372664,0.0346398879658259,0.2241920590951062,0.2723735408560311,152578.48465006033,尾部低播放,0
四岁被强奸九岁孤儿流浪卖血为生 不是游戏而是现实,波士顿圆脸,社科·法律·心理,762290,52708,3930,6721,7856,5402,3199,1262,2026-08-07 11:43:32,BV1Xjuh6NEtN,2026-08-10,60.27444444444444,2.511435185185185,0.06914428891891537,0.007086541867268362,0.01030578913536843,0.005155518241089349,0.008816854477954585,0.004196565611512679,0.08653661992155216,0.10248918570236017,5.3256735340729,303527.6420815898,腰部普通,0
为了留住玩家，这款活了快10年的游戏的新玩法有多离谱？,艾力弗恩,单机游戏,229412,14167,169,652,2144,1481,390,268,2026-08-07 13:30:52,BV16Puh6VETS,2026-08-10,58.48555555555556,2.436898148148148,0.061753526406639586,0.006455634404477534,0.00934563144037801,0.0007366659111118861,0.0028420483671298797,0.0016999982564120447,0.07755479225149513,0.1045387167360768,2.4328358208955225,94140.98827820734,尾部低播放,0
我最爱吃农村大席了！,邢三狗子,搞笑,3545576,79664,949,638,14062,1443,459,224,2026-08-05 08:16:06,BV1ZnMk6MEzY,2026-08-10,111.73166666666667,4.655486111111111,0.022468563640999376,0.00040698605811862447,0.003966069264909284,0.0002676574976816179,0.00017994255376277367,0.00012945710372588262,0.026841618964027283,0.018113577023498695,2.8482142857142856,761590.9306523069,腰部普通,0
长大后才真正看懂的电影桥段，这里全是暗示段子！,电影冷知识,影视杂谈,1727699,76285,677,740,10071,934,463,179,2026-08-05 07:33:58,BV146Mk6sEUB,2026-08-10,112.43388888888889,4.68474537037037,0.04415410323210235,0.000540603426870074,0.0058291403768827785,0.00039185066380197016,0.0004283153489120501,0.0002679864953328097,0.050523847035855204,0.012243560332961919,4.134078212290503,368792.50917823316,腰部普通,0
我已经戒掉核电站了,嘴子吃嘴子吃嘴子,手机游戏,390052,34044,1134,222,7821,781,1030,74,2026-08-07 00:30:37,BV1Eeus6bEih,2026-08-10,71.48972222222223,2.978738425925926,0.08728067026960508,0.0020022971296134876,0.0200511726641576,0.002907304667070032,0.0005691548819131808,0.002640673551218812,0.10933414006337616,0.0229409000117495,3.0,130945.36821532232,尾部低播放,0
争议在质量面前全是纸老虎！作画打戏全程在线！但剧本人设有待打磨！《喜羊羊与灰太狼之破界山海诀》一部水深火热的佳作！,朋友吃醋,国产原创相关,292843,18001,1281,1681,6664,4607,275,1323,2026-08-08 04:00:00,BV1gwuu6KEBP,2026-08-10,44.0,1.8333333333333333,0.061469797809747886,0.015731979251680933,0.02275622091018054,0.004374357590927562,0.005740277213387378,0.0009390697404411237,0.09995799797160936,0.2559302260985501,1.2705971277399848,159732.54545454547,尾部低播放,0
小小的唢呐，小小的我【bilibilionly】,浑元Rysn,仿妆cos,1086632,96877,1392,1233,21416,8143,3104,233,2026-08-07 04:00:00,BV1nJuE6yEHt,2026-08-10,68.0,2.8333333333333335,0.08915345765631787,0.007493797348136259,0.01970860420087021,0.0012810224620662745,0.0011346987756664629,0.002856532846446635,0.11635585920532435,0.08405503886371378,5.291845493562231,383517.1764705882,腰部普通,0
带君哥在上海逛菜场，炫本帮面…,野文不懂吃,美食记录,2068926,39653,1851,2405,8188,5269,3339,780,2026-08-04 10:00:00,BV11xMR6pEiF,2026-08-10,134.0,5.583333333333333,0.019165982736936944,0.0025467319759140735,0.003957608923663775,0.0008946670881413835,0.0011624388692490692,0.00161388082512376,0.02567032363651479,0.13287771417042846,3.0833333333333335,370553.91044776124,腰部普通,0
《鬼灭押韵梗》哪有什么鬼杀队，不过是一群手握尖刀的孩子们.....,橙子微漫,动漫杂谈,600508,14822,137,349,14913,904,339,150,2026-08-04 13:01:01,BV1YxuA6sEKL,2026-08-10,130.98305555555555,5.457627314814815,0.024682435537911235,0.0015053921013541867,0.024833973902096226,0.00022814017465212788,0.0005811746055006761,0.00056452203800782,0.05102180154136165,0.060990419646471464,2.3266666666666667,110030.96498911013,尾部低播放,0
有个姐姐也还不错,刺妮酱,同人·手书,613822,71814,886,395,19951,7423,1660,135,2026-08-07 10:22:50,BV19but6bE2q,2026-08-10,61.61944444444445,2.567476851851852,0.11699482911984256,0.012093082359381058,0.032502908009162265,0.001443415192026353,0.0006435090303052025,0.0027043670640674333,0.16159081948838588,0.10336424652574706,2.925925925925926,239075.96267411983,尾部低播放,0
凡人群像——假如他们是真的在拍戏就好了【凡人官方二创大会】,敬J_Jing,日常,83454,4327,286,473,1200,2558,424,280,2026-08-08 12:43:30,BV164u36dE3L,2026-08-10,35.275,1.4697916666666666,0.05184892275984375,0.030651616459366836,0.01437917894888202,0.0034270376494835476,0.005667793035684329,0.00508064322860498,0.0968797181680926,0.5911717125028888,1.6892857142857143,56779.47554925585,尾部低播放,0
有些善意当时没有声音，但总有一天，你会听到它的回响。,小唐勇闯美国-B站版,日常,2047077,373827,2933,678,29425,159371,3370,95,2026-08-03 02:27:44,BV1BG3f6bExg,2026-08-10,165.5377777777778,6.897407407407408,0.1826150164356299,0.07785295814471073,0.0143741539766213,0.0014327746342712071,0.00033120395568901417,0.0016462497502536544,0.27484212855696194,0.42632287127468055,7.136842105263158,296789.34113730333,腰部普通,0
CV翻唱丨蕾米埃尔EP《Two to Tango》交缠舞步,醋醋cucu,日常,180012,22648,886,330,4924,5180,980,99,2026-08-08 11:45:52,BV1tRu36qENv,2026-08-10,36.23555555555556,1.509814814814815,0.12581383463324666,0.028775859387151968,0.027353731973423993,0.004921894095949159,0.0018332111192587161,0.005444081505677399,0.18194342599382263,0.22871776757329565,3.3333333333333335,119227.86704280632,尾部低播放,0
原来师傅的《九摇坤典》是这样用的！,坤拳_程坤,运动综合,402158,28060,367,87,2430,587,725,31,2026-08-07 12:35:00,BV1m8uh6xE8Z,2026-08-10,59.416666666666664,2.475694444444444,0.06977357158131879,0.0014596253213910951,0.006042401245281705,0.0009125766489787596,0.00021633288409033267,0.0018027740340861055,0.07727559814799159,0.020919458303635067,2.806451612903226,162442.50210378683,尾部低播放,0
【ZYL】三天使队，绝境基塔布鲁51149分,Z.Y.L,手机游戏,895044,94630,12369,1690,15648,39698,30504,275,2026-08-07 10:00:00,BV1bnub69Ewz,2026-08-10,62.0,2.5833333333333335,0.10572664584087486,0.04435312677365582,0.017482939386220118,0.013819432340756431,0.0018881753299279142,0.034081006073444435,0.1675627120007508,0.41950755574342175,6.1454545454545455,346468.6451612903,腰部普通,0
美国良子减肥燃尽，沦为健身教练爆金币流量包,克里斯丧钟,健身,818931,36946,943,503,2747,935,1405,332,2026-08-07 01:00:00,BV1aFun6KESV,2026-08-10,71.0,2.9583333333333335,0.045114912001133184,0.0011417323315395314,0.0033543729569402063,0.0011515011643227573,0.0006142153612453308,0.0017156512575540552,0.049611017289612924,0.025307205110160776,1.5150602409638554,276821.74647887325,腰部普通,0
疯狂爆肝一年！《肉络骨巢》第一季【黑雾篇】完结 一口气看完大合集,陌小绿,同人·手书,375970,16827,575,3284,26318,8957,933,19889,2026-08-06 11:05:18,BV1rruJ6EEtX,2026-08-10,84.91166666666666,3.537986111111111,0.04475623055030987,0.02382370933851105,0.07000026597866851,0.0015293773439370162,0.008734739473894193,0.002481580977205628,0.13858020586748943,0.532299280917573,0.1651163959977877,106266.66928376548,尾部低播放,0
“这照片是你吗”,爽哥好爽w,综合,2223593,140762,3005,8464,16011,13279,7920,130,2026-08-05 03:34:34,BV1S5Mr6pEgE,2026-08-10,116.42388888888888,4.85099537037037,0.06330385101949862,0.005971866254301034,0.007200508366414177,0.001351416378806733,0.003806451990089913,0.0035618029018799754,0.07647622564021384,0.09433653969110982,65.1076923076923,458378.7099822011,腰部普通,0
“不是哥们，你有驾照吗？？？”,尽墨for车,运动综合,254026,12542,325,584,1200,651,190,402,2026-08-08 08:46:15,BV1Euug6JEv2,2026-08-10,39.229166666666664,1.634548611111111,0.04937289883712691,0.0025627297993118816,0.00472392589734909,0.0012793965971987118,0.002298977270043224,0.0007479549337469393,0.05665955453378788,0.051905597193430075,1.4527363184079602,155410.48964418483,尾部低播放,0
我吃遍了吉隆坡最經典的華人街頭小吃，最好吃的是...,丹牛食走起,美食侦探,287654,9815,456,1148,2262,2265,736,942,2026-08-08 03:00:00,BV1Afun6dEMB,2026-08-10,45.0,1.875,0.03412085352541595,0.007874043121249836,0.007863613925062749,0.001585237820437053,0.003990905740924861,0.0025586294645650676,0.049858510571728534,0.23076923076923078,1.2186836518046709,153415.46666666667,尾部低播放,0
选一只企鹅领养，你会选哪只？,咕嘎苏打饼,日常,802874,50466,981,2401,8905,660,2714,161,2026-08-05 12:03:32,BV1njMy6UE6T,2026-08-10,107.94111111111111,4.497546296296297,0.06285668735069264,0.0008220467968822007,0.011091404130660601,0.0012218604662749073,0.0029905066050214604,0.003380356070815595,0.07477013827823543,0.013078111996195458,14.91304347826087,178513.78220634707,尾部低播放,0
喷气和杨哥小童发射区打牌，输掉二十年劳动合同,俊杰动画,日常,206606,18682,364,139,1578,1012,237,127,2026-08-08 12:04:28,BV1J3uG6dE3L,2026-08-10,35.925555555555555,1.496898148148148,0.09042331781264823,0.004898212055797024,0.007637725913090617,0.001761807498330155,0.0006727781380986032,0.001147110926110568,0.10295925578153586,0.05416978910180923,1.094488188976378,138022.75075000775,尾部低播放,0
做了一个明日方舟奇象巡展的像素画拼豆转换网站,CEPATO,日常,155519,13916,988,19,10603,3226,3967,37,2026-08-08 13:56:20,BV1Xcu36CEwP,2026-08-10,34.06111111111111,1.4192129629629628,0.08948102804158978,0.020743446138413956,0.06817816472585343,0.0063529215079829475,0.00012217156746121053,0.025508137269401165,0.17840263890585717,0.23181948835872376,0.5135135135135135,109581.15804925788,尾部低播放,0
AZ3捕鱼达人！！！,超级蓝狼狼,同人·手书,587185,33185,854,874,6580,1911,235,184,2026-08-08 02:00:00,BV1DduK6hEUg,2026-08-10,46.0,1.9166666666666667,0.05651540826145082,0.003254510929264201,0.01120600832786941,0.0014543968255319873,0.0014884576411182166,0.00040021458313819325,0.07097592751858443,0.05758625885189091,4.75,306357.39130434784,腰部普通,0
鉴定咬伤粉丝的毒蛇(37)广西一男孩被五步蛇咬伤后毒牙断在了伤口里？,世界记忆大师龙雅,科学科普,7565273,183294,4797,3709,40887,12234,2029,358,2026-08-02 10:30:00,BV1853z6xE7x,2026-08-10,181.5,7.5625,0.024228339149162233,0.001617126044228675,0.005404563721626437,0.0006340815460327737,0.0004902665112019091,0.00026819917800719156,0.031250028915017346,0.06674522897639858,10.360335195530727,1000366.6776859504,腰部普通,0
什么？竟然是魔法少女方..方...方源？如果方源转生成为魔法少女会怎么样？《魔法少女方源》第一集,吉小满丿,综合,147263,10674,741,564,3581,693,1522,300,2026-08-07 14:07:13,BV19vu86AEbC,2026-08-10,57.87972222222222,2.4116550925925924,0.07248256520646734,0.004705866375124777,0.024317038224129617,0.005031813829678874,0.0038298825910106408,0.010335250538152829,0.10150546980572174,0.06492411467116357,1.88,61063.04357215874,尾部低播放,0
《小杨说点事08#》,小杨Johnson,搞笑,920521,71271,1255,6386,19157,28382,912,585,2026-08-07 04:00:00,BV14Rup6TExP,2026-08-10,68.0,2.8333333333333335,0.07742463235493813,0.030832539398883894,0.020811040704122992,0.0013633583590162528,0.0069373756818149725,0.0009907432855958745,0.129068212457945,0.3982264876317156,10.916239316239317,324889.76470588235,腰部普通,0
连续撤离成功100局会发生什么？黑屋坐穿还是外挂横行？（第二期）,X鸽-三角洲行动,手机游戏,132112,9846,273,411,1783,1933,30,286,2026-08-08 13:14:21,BV18mu36GEDP,2026-08-10,34.76083333333333,1.4483680555555554,0.07452767348916071,0.014631524766864478,0.013496124500423883,0.0020664284849218843,0.0031109967300472327,0.00022708005328811917,0.10265532275644908,0.19632338005281333,1.437062937062937,91214.38400498647,尾部低播放,0
【7月特辑】胖人大舞台，想看你就来,川岛咩咩子,日常,108253,7323,935,1649,1169,1091,206,3750,2026-08-08 11:51:24,BV1nguG64EFT,2026-08-10,36.14333333333333,1.505972222222222,0.06764708599299789,0.010078242635308028,0.010798776939207227,0.008637174027509631,0.01523283419397153,0.0019029495718363464,0.08852410556751314,0.14898265738085484,0.4397333333333333,71882.4679516739,尾部低播放,0
动漫瞎扯淡:最性感的是？,木叶铁头娃,动漫杂谈,680552,55709,1764,863,32131,1531,2544,88,2026-08-06 04:01:26,BV1PQuE6XECs,2026-08-10,91.97611111111111,3.832337962962963,0.08185855011813939,0.0022496444063054696,0.047213144623775995,0.0025920135419483007,0.0012680882577672243,0.003738141978864216,0.13132133914822086,0.027482094455114972,9.806818181818182,177581.41546416038,尾部低播放,0
“闰土哥，你来了。”  “老爷……”,洲宝八丶,影视剪辑,5377985,174165,3802,452,40598,2764,5219,98,2026-08-04 10:12:13,BV14vuc6rEn6,2026-08-10,133.79638888888888,5.574849537037037,0.032384805833411585,0.0005139471381939518,0.0075489239929081246,0.0007069562298890756,8.404634821406159e-05,0.0009704378126751934,0.04044767696451366,0.01587000832543852,4.612244897959184,964687.0223619223,腰部普通,0
佐娅 你的兴趣有点怪,蹿稀青年宫二狗,同人·手书,265481,37342,650,290,11819,1518,450,116,2026-08-08 12:51:07,BV1rxu364EWh,2026-08-10,35.14805555555556,1.4645023148148149,0.14065790018871407,0.0057179233165461935,0.04451919346393904,0.0024483861368610185,0.0010923568918303004,0.0016950365562883973,0.1908950169691993,0.04065127738203631,2.5,181277.28260611856,尾部低播放,0
一年卖出8000万日元的柴鱼作坊，把新鲜鲣鱼做成本枯节全过程耗时6个月最硬食物！,大鹏和你看世界美食,美食侦探,371427,9819,891,2933,2392,1856,312,1472,2026-08-07 10:00:00,BV1Mxub6HE8o,2026-08-10,62.0,2.5833333333333335,0.02643588107488147,0.004996944217840921,0.006440027246269119,0.002398856302853589,0.007896571870111758,0.0008400035538611894,0.03787285253899151,0.1890212852632651,1.9925271739130435,143778.1935483871,尾部低播放,0
千年铁树开花了！千纱终于向伊织表露心意！【碧蓝之海#86】,阿阿阿阿伟蜀黍,综合,682853,36738,6395,2219,12832,26993,5967,384,2026-08-07 10:23:20,BV1Lbut68EaF,2026-08-10,61.611111111111114,2.5671296296296298,0.05380074481623424,0.039529737732718465,0.01879174580766285,0.009365119579177364,0.0032496013051125207,0.008738337533846962,0.11212222835661555,0.7347433175458653,5.778645833333333,265998.64382326417,腰部普通,0
非遗文化博大精深，非遗文化燃起来了#万物皆可跳梦的翅膀＃梦的翅膀受了伤,陈之猴,日常,4888211,678335,10591,10054,90631,49617,22524,27,2026-08-04 03:20:12,BV1cxuF6ZEq3,2026-08-10,140.66333333333333,5.860972222222222,0.13876958257325636,0.010150339254995335,0.01854072993166621,0.0021666413336085535,0.002056785191964913,0.004607820734415924,0.1674606517599179,0.07314527482733457,372.3703703703704,834027.327661793,腰部普通,0
圆梦魔法学院！脑洞即是终极魔法buff，玩乐搭子变身传奇巫师，自由拼搭魔法世界，闯入无限创意魔法次元！,雨哥到处跑,日常,103180,7638,235,896,708,742,61,1470,2026-08-08 11:00:00,BV1yJup6cEjU,2026-08-10,37.0,1.5416666666666667,0.07402597402597402,0.007191316146540027,0.006861794921496414,0.002277573173095561,0.008683853459972864,0.0005911998449311882,0.08807908509401047,0.09714584969887405,0.6095238095238096,66927.56756756756,尾部低播放,0
接龙挑战|这串数字，竟是生命最好的答案？！,唐立梅科普工作室,日常,207050,24102,766,607,3836,1811,449,169,2026-08-08 10:30:00,BV1Ygub6hESJ,2026-08-10,37.5,1.5625,0.11640666505674958,0.008746679546003382,0.018526925863318038,0.003699589471142236,0.0029316590195604926,0.002168558319246559,0.143680270466071,0.07513899261472078,3.591715976331361,132512.0,尾部低播放,0
蕾米埃尔：叽里咕噜说什么呢给你一拳,呵纹Hevon,同人·手书,290797,40239,370,938,5732,3231,664,125,2026-08-08 10:27:12,BV1ijuG6pE66,2026-08-10,37.54666666666667,1.5644444444444445,0.13837488007097734,0.011110843646942713,0.019711345027630958,0.001272365258238565,0.0032256178708858756,0.0022833798147848844,0.16919706874555102,0.08029523596510847,7.504,185878.76420454544,尾部低播放,0
外星人访谈第37集：抑郁症的命名有什么问题？抑郁症的本质是什么？我们要如何改变？【AI全民制作人】,大漠浮沙,科学科普,461545,37414,1170,234,8617,657,418,155,2026-08-07 08:08:59,BV1bpub6pE8j,2026-08-10,63.85027777777778,2.6604282407407407,0.08106251828099102,0.0014234798340356845,0.018669902176385835,0.0025349640880087533,0.0005069928176017507,0.0009056538365706486,0.10115590029141254,0.017560271556101993,1.5096774193548388,173485.22802911326,尾部低播放,0
我拍下了我此生难忘的照片...,ALSM倫多,单机游戏,178218,17205,697,1588,13160,8248,1071,2877,2026-08-08 03:15:00,BV1GXuP6dEMV,2026-08-10,44.75,1.8645833333333333,0.09653907012759654,0.04628039816404628,0.07384214838007384,0.003910940533503911,0.008910435534008911,0.006009493990506009,0.21666161667171666,0.4793955245568149,0.5519638512339242,95580.60335195532,尾部低播放,0
当你从戒网瘾学校逃出来，回家看见父母的样子（接上集从围墙上跳下来）,能大动画抽象版,综合,3111652,56369,239,354,33430,1430,212,155,2026-08-07 09:30:00,BV1h5ub6ZEop,2026-08-10,62.5,2.6041666666666665,0.018115457641150103,0.00045956295883987024,0.010743489310501304,7.680807493897133e-05,0.0001137659352652546,6.8131012079757e-05,0.029318509910491276,0.02536855363763771,2.2838709677419353,1194874.368,头部爆款,1
方块回归接力生存第一期,李飞雪_,单机游戏,887915,20649,196,797,13827,1140,49,1003,2026-08-08 07:35:18,BV1Mhug6NEox,2026-08-10,40.41166666666667,1.6838194444444445,0.023255604421594408,0.0012839066802565562,0.015572436550795966,0.0002207418502897237,0.0008976084422495397,5.518546257243092e-05,0.04011194765264693,0.05520848467238123,0.7946161515453639,527321.9779766569,腰部普通,0
当欺负过你的老师，成为了你的下属……哈哈哈,二阳咂-,小剧场,309812,32233,368,241,2458,597,110,281,2026-08-08 09:27:30,BV1zsuu6JEih,2026-08-10,38.541666666666664,1.6059027777777777,0.1040405148929028,0.0019269750687513718,0.00793384375040347,0.0011878171278065408,0.0007778911081559139,0.00035505403276825945,0.11390133371205763,0.01852139112090094,0.8576512455516014,192920.76972972974,尾部低播放,0
【不齐舞团】今年的风吹一夏，期待很久了吗？,不齐舞团,舞蹈综合,415720,41916,383,179,1851,1421,294,24,2026-08-08 10:40:00,BV1JHuE6VEMo,2026-08-10,37.333333333333336,1.5555555555555556,0.1008274800346387,0.0034181660733185798,0.004452516116616954,0.0009212931781006447,0.0004305782738381603,0.000707206773790051,0.10869816222457424,0.033901135604542415,7.458333333333333,267248.5714285714,腰部普通,0
青年强则国强之清华毕业生,魏中咸,人文历史,1142159,73187,2129,2862,3578,1112,726,332,2026-08-07 00:00:00,BV14Vup6NEkF,2026-08-10,72.0,3.0,0.06407776850683661,0.0009735947446896623,0.003132663665916917,0.0018640136793563768,0.0025057807187965947,0.0006356382955437903,0.0681840269174432,0.015193955210624837,8.620481927710843,380719.6666666667,腰部普通,0
【深度】物业正在批量“抛弃”小区，二手房的致命一击已经到来！,CLS同学,财经商业,419894,15880,2331,1163,3137,558,1060,700,2026-08-08 06:00:49,BV1nLMk6rENx,2026-08-10,41.98638888888889,1.7494328703703703,0.03781906862208081,0.0013289068193401191,0.007470933140268735,0.005551401067888562,0.0027697466503450873,0.0025244466460582907,0.04661890858168966,0.03513853904282116,1.6614285714285715,240017.21192714572,尾部低播放,0
东北13元一屉的爆汁大馅蒸饺配着爆辣炒米粉，依旧姐妹放纵日！,方芳的快乐生活,美食侦探,261967,14170,433,1171,1714,6257,263,1217,2026-08-08 09:18:51,BV1Fsuu6nEv7,2026-08-10,38.685833333333335,1.6119097222222223,0.054090782426794215,0.023884687766016332,0.006542808827066005,0.0016528799428935706,0.004470028667732958,0.001003943244759836,0.08451827901987655,0.4415666901905434,0.9622021364009861,162519.64758847986,尾部低播放,0
我的流浪猫们，生活环境再一次升级,五月妈院儿里的小流浪,喵星人,190465,36709,382,483,2906,18364,245,251,2026-08-08 03:00:00,BV1ajub64E46,2026-08-10,45.0,1.875,0.19273357309741948,0.09641666447903814,0.015257396372036857,0.0020056178300475154,0.002535898984065314,0.0012863255716273332,0.30440763394849446,0.500258792121823,1.9243027888446216,101581.33333333333,尾部低播放,0
【本家投稿】MOPPARA MUKBANG feat. 初音ミク【appy】,appy_7,VOCALOID·UTAU,581464,55372,1884,1664,30383,7540,880,153,2026-08-07 11:00:00,BV1JUMB6YEfr,2026-08-10,61.0,2.5416666666666665,0.09522859540745429,0.012967268824897156,0.052252590014171124,0.00324009740929791,0.0028617420854945446,0.0015134212952134611,0.16044845424652257,0.13616990536733367,10.875816993464053,228772.7213114754,尾部低播放,0
如果做饭可以不开火，6个免流汗的适夏料理,泡厨房的顾小胖,美食制作,288480,16575,374,364,10466,3693,1005,329,2026-08-08 09:00:00,BV1aHug63EXf,2026-08-10,39.0,1.625,0.057456322795341096,0.012801580698835274,0.036279811425402105,0.0012964503605102607,0.0012617859123682752,0.0034837770382695507,0.10653771491957847,0.2228054298642534,1.1063829787234043,177526.15384615384,尾部低播放,0
卢雅娜毁了发育路,爱鸽manaka,日常,832652,15660,2309,647,5279,891,808,382,2026-08-07 15:09:21,BV1xgu86nE4W,2026-08-10,56.844166666666666,2.3685069444444444,0.01880737691136273,0.001070074893232707,0.006339983570567296,0.0027730672597916055,0.0007770353040646032,0.000970393393638639,0.02621743537516273,0.056896551724137934,1.693717277486911,351551.4286133142,腰部普通,0
Who is the Boss?,柯洁,影视剪辑,3879324,516199,19878,11230,27876,35255,23619,30,2026-08-07 02:42:41,BV1TAut67EKg,2026-08-10,69.28861111111111,2.887025462962963,0.1330641627252583,0.009087923566064603,0.007185788039359434,0.0051240886298746895,0.002894834254627868,0.006088431902053038,0.14933787433068235,0.06829730394673372,374.3333333333333,1343709.6588745143,头部爆款,1
【吉吉国大电影】♿棍出没之雪岭旋风♿（86分钟完整版）,Minecraft_凋独秀,鬼畜剧场,106179,12545,864,1022,6343,4371,2285,5175,2026-08-08 04:32:05,BV1MsuM6hEqz,2026-08-10,43.46527777777778,1.8110532407407407,0.11814953992785768,0.04116633232560111,0.05973874306595466,0.008137202271635634,0.009625255464828262,0.021520262952184517,0.21905461531941345,0.34842566759665206,0.197487922705314,58628.31506630452,尾部低播放,0
“再晚几秒就会夹到孩子的手！”男子狂奔救下6岁男童，摔倒后忍痛起身的一幕，看得心疼......谢谢你，好心人！,人民日报,日常,4109908,134932,2566,2412,4878,1334,1989,27,2026-08-06 14:53:51,BV1iRuH67EWx,2026-08-10,81.1025,3.3792708333333334,0.03283090521734307,0.00032458147481646794,0.0011868878816752102,0.0006243448758463693,0.0005868744507176317,0.00048395243883804696,0.034342374573834746,0.009886461328669256,89.33333333333333,1216211.4854659226,头部爆款,1
禁止出境的【国家宝藏】—曾侯乙编钟,镜伊娃娃,手工,917856,152651,3621,3265,22787,85870,2906,851,2026-08-06 00:17:42,BV1k1MS6PEzA,2026-08-10,95.705,3.9877083333333334,0.1663125806226685,0.093554980301921,0.02482633441411289,0.003945063277899802,0.003557202872781787,0.0031660739811037895,0.2846938953387024,0.562524975270388,3.836662749706228,230171.2972154015,尾部低播放,0
暴雨.寻鱼,三叶草钓鱼,运动综合,1134726,87350,1451,2197,4628,2778,758,484,2026-08-06 09:00:00,BV1yTMy6REmN,2026-08-10,87.0,3.625,0.07697893588408126,0.0024481681040180625,0.004078517633331747,0.001278722792991436,0.001936150224811981,0.0006680026720106881,0.08350562162143108,0.031803091013165426,4.539256198347108,313027.8620689655,腰部普通,0
什么！竟然是夏日服饰？！,神Baka,同人·手书,298826,20627,342,301,3401,1219,861,213,2026-08-07 08:31:13,BV1X5ub6ZEGZ,2026-08-10,63.47972222222222,2.6449884259259258,0.06902679151077885,0.004079296982190304,0.011381205116020695,0.0011444787267506844,0.0010072751367016257,0.0028812753910302316,0.08448729360898985,0.059097299655790955,1.4131455399061033,112978.18813531881,尾部低播放,0
鲁豫对话钟美美：从13岁到19岁，欢迎来到成人世界 | 陈鲁豫·慢谈EP23【视频播客】,陈鲁豫-慢谈,人文历史,2733174,52957,2484,13102,24994,17244,8338,11140,2026-08-03 04:00:00,BV1CTGc66EFB,2026-08-10,164.0,6.833333333333333,0.01937564165325735,0.006309148264984227,0.009144679409360692,0.0009088334661459534,0.004793694071434896,0.003050665636362705,0.03482946932760227,0.3256226750004721,1.1761220825852783,399976.68292682926,腰部普通,0
一个视频告诉你，自律的杀伤力有多大,猪坚强jqsg999,日常,753801,43836,1020,244,2017,1122,557,61,2026-08-07 13:00:49,BV1yRu86JEoU,2026-08-10,58.98638888888889,2.4577662037037036,0.058153279181110136,0.0014884565024456057,0.00267577251821104,0.0013531422749505507,0.0003236928579293474,0.0007389218109288791,0.06231750820176678,0.025595401040240898,4.0,306701.6703476791,腰部普通,0
中国选秀歌手，成邪教教主，与女信徒签订身体契约，69岁女信徒被活活折磨致死,挖沟连彭沟长,社科·法律·心理,637323,16360,1090,1262,3964,7563,867,861,2026-08-07 03:08:03,BV1ZHut6PERo,2026-08-10,68.86583333333333,2.869409722222222,0.025669872262573296,0.011866824200601579,0.006219766115454801,0.0017102787754403968,0.0019801576280786977,0.001360377704868646,0.043756462578629675,0.46228606356968216,1.4657375145180023,222109.4446931836,尾部低播放,0
憋笑挑战！！太上老菌蛋！！,MC贝勒,鬼畜调教,1177204,66200,1956,1925,8539,1000,965,152,2026-08-05 09:00:43,BV1hvMk6ZEU5,2026-08-10,110.98805555555556,4.624502314814815,0.05623494313644874,0.0008494704401276244,0.007253628088249785,0.0016615641808896335,0.001635230597245677,0.0008197389747231576,0.06433804166482615,0.015105740181268883,12.664473684210526,254557.9869705699,腰部普通,0
jennie的危害性被严重低估了,_刘芹菜,娱乐杂谈,1530044,59803,3481,6163,11511,13202,3842,602,2026-08-05 11:10:50,BV1HFM16JEcW,2026-08-10,108.81944444444444,4.534143518518518,0.039085804068379734,0.008628510029776921,0.0075233130550493976,0.0022750979710387414,0.0040279887375787886,0.0025110388982277636,0.05523762715320605,0.22075815594535392,10.237541528239202,337449.3978302489,腰部普通,0
当我掰开许愿柳 想满足私欲 不劳而获：,大海的鹅纸_,日常,98684,21310,177,128,1064,3600,67,97,2026-08-08 09:32:00,BV1Bxuu6UEJr,2026-08-10,38.46666666666667,1.6027777777777779,0.21594179400916055,0.03648007782416603,0.010781889668031291,0.0017936038263548296,0.0012970694337481254,0.0006789347817275343,0.2632037615013579,0.1689347724073205,1.3195876288659794,61570.606585788555,尾部低播放,0
曼玉火山主题SPA日,是曼玉不是鳗鱼,汪星人,2465996,139631,1814,1751,23090,2503,2895,95,2026-08-03 09:45:00,BV1Nr346JEsS,2026-08-10,158.25,6.59375,0.05662255737641099,0.0010150057015502053,0.009363356631559823,0.0007356054105521663,0.0007100579238571352,0.0011739678409859546,0.06700091970952102,0.017925818765173924,18.431578947368422,373989.91469194315,腰部普通,0
『抽象宝贝』抽象宝贝中心大对决！,王葳-,鬼畜剧场,111858,25959,771,586,9053,5825,3860,310,2026-08-08 10:00:00,BV1rpuu6DEhZ,2026-08-10,38.0,1.5833333333333333,0.2320710186128842,0.05207495217150315,0.08093296858517049,0.006892667489138014,0.005238784887982979,0.03450803697545102,0.3650789393695578,0.22439231095188567,1.8903225806451613,70647.15789473684,尾部低播放,0
为家乡献声！周深《每个人》MV正式上线！,卡布叻_周深,MV,690850,47734,3974,3739,17412,35123,4099,231,2026-08-07 04:00:00,BV1qXuH6UERW,2026-08-10,68.0,2.8333333333333335,0.06909459361655931,0.05084026923355287,0.025203734529926903,0.005752334081204314,0.005412173409567924,0.005933270608670479,0.1451385973800391,0.7358067624753845,16.186147186147185,243829.41176470587,尾部低播放,0
偏振悖论：明明多挡了一层，消失的光为什么又出现了？,科学认识论,科学科普,503769,29472,280,153,5095,694,438,319,2026-08-07 12:00:00,BV1FEut6TEka,2026-08-10,60.0,2.5,0.058503004353185686,0.0013776155341039247,0.01011376245858717,0.0005558103019439465,0.00030371062927651366,0.000869446115183745,0.06999438234587678,0.023547774158523344,0.47962382445141066,201507.6,尾部低播放,0
100万现金和100万房贷的的区别,金刚杰公主,日常,999047,59869,1280,247,10705,1451,2297,90,2026-08-03 10:09:35,BV1v2MX6cE6b,2026-08-10,157.84027777777777,6.5766782407407405,0.05992610958243206,0.001452384122068331,0.010715211596651609,0.0012812210036164465,0.00024723561554161117,0.002299191129146076,0.072093705301152,0.02423624914396432,2.7444444444444445,151907.53803510935,尾部低播放,0
当我试图驯服AI做短剧（6）,打工喵i,影视剪辑,3865681,176954,1337,862,19418,4332,6172,74,2026-08-02 12:35:00,BV1zT3R6jEct,2026-08-10,179.41666666666666,7.475694444444444,0.04577563435782725,0.0011206304917555276,0.005023177028833988,0.000345864027580134,0.0002229878771683437,0.0015966138954559364,0.05191944187841677,0.024480938549001435,11.64864864864865,517099.9201114724,腰部普通,0
暑假作业小剧场，经典剧情再现,脱缰凯Kk,小剧场,383400,31424,720,942,3256,1029,169,228,2026-08-08 07:15:51,BV13pug66Eut,2026-08-10,40.73583333333333,1.6973263888888888,0.08196139801773604,0.0026838810641627545,0.0084924360980699,0.0018779342723004694,0.0024569640062597807,0.00044079290558163796,0.0931377151799687,0.03274567209775967,4.131578947368421,225884.66337990714,尾部低播放,0
【小师妹达妮娅】师兄，你怎可如此不知礼数！,这下晚了,GMV,315119,26943,614,517,8181,2691,1828,174,2026-08-07 03:40:00,BV1j6us6sEVr,2026-08-10,68.33333333333333,2.847222222222222,0.08550103294311039,0.00853963106001225,0.025961620847997104,0.0019484702604412936,0.001640650040143565,0.005800983120662353,0.12000228485111973,0.09987751920721523,2.971264367816092,110675.94146341465,尾部低播放,0
每天一只小龟龟第十五天,东营港哥,美食记录,1100973,46972,1750,1921,5091,1113,1061,640,2026-08-04 15:28:23,BV1NrMB6MEGc,2026-08-10,128.52694444444444,5.355289351851852,0.0426640798639022,0.001010923973612432,0.004624091598976541,0.001589503103164201,0.0017448202635305316,0.0009636930242612671,0.04829909543649118,0.02369496721451077,3.0015625,205586.09024912634,尾部低播放,0
恋爱军师的神级救场瞬间,不凉少年派,搞笑,544358,33308,395,331,3109,1530,376,146,2026-08-07 10:00:00,BV1E1ub6qEjB,2026-08-10,62.0,2.5833333333333335,0.06118767428787673,0.002810650344075039,0.005711314980215226,0.0007256254156272159,0.0006080557280319202,0.0006907219146223625,0.06970963961216699,0.045934910532004325,2.267123287671233,210719.2258064516,尾部低播放,0
陈翔六点半：已知的数字，未知的人,陈翔六点半,小剧场,8753061,138426,1242,2101,17035,4372,2038,376,2026-08-02 10:58:52,BV1Gz396iEa1,2026-08-10,181.01888888888888,7.542453703703703,0.015814581893122875,0.000499482409639325,0.0019461763147771963,0.00014189321884081467,0.00024003031625165186,0.00023283283413653806,0.018260240617539395,0.03158366202880962,5.587765957446808,1160505.7642848813,头部爆款,1
那些快被遗忘的童年神作！你还记得吗？,贪玩的薛定鹅,日常,171902,13098,76,559,2069,1739,260,264,2026-08-08 08:00:00,BV1eLug6LEmX,2026-08-10,40.0,1.6666666666666667,0.07619457597933707,0.010116229014205768,0.012035927447033775,0.0004421123663482682,0.003251852799851078,0.0015124896743493386,0.09834673244057661,0.1327683615819209,2.117424242424242,103141.2,尾部低播放,0
还来！！！！！！！！！！！,布白一点不白,单机游戏,3008226,298461,2601,1289,74422,10455,4109,138,2026-08-03 05:52:29,BV1xwMQ6GEix,2026-08-10,162.12527777777777,6.755219907407407,0.09921495259997087,0.003475470260545584,0.0247394976308296,0.000864629186769877,0.0004284917423092547,0.0013659213104334582,0.12742992049134605,0.03502970237317438,9.340579710144928,445318.73739614943,腰部普通,0
你可能不认识我，但可能听过我的歌——我是Jagwar Twin,JagwarTwin,MV,362323,79706,1274,609,14152,3489,776,89,2026-08-07 09:00:00,BV16dux6AEoA,2026-08-10,63.0,2.625,0.21998603456032326,0.00962952945300188,0.03905907160185801,0.0035161996340282013,0.001680820704178316,0.00214173541287746,0.2686746356151831,0.04377336712418137,6.842696629213483,138027.80952380953,尾部低播放,0
方块赛跑第一期！,把我的装备还给我,手机游戏,469153,41859,503,939,5635,1441,593,100,2026-08-06 01:30:00,BV1d7MS6pEC1,2026-08-10,94.5,3.9375,0.08922249244915838,0.0030714926687029605,0.012011007070188191,0.0010721449079511374,0.002001479261562859,0.0012639799809443827,0.10430499218804953,0.03442509376717074,9.39,119149.96825396825,尾部低播放,0
猫是猫,待到春来冬夏去,日常,257659,50713,1263,2047,7061,5528,1570,53,2026-08-08 10:28:34,BV1ijuG6pEBt,2026-08-10,37.52388888888889,1.5634953703703705,0.19682215641603826,0.02145471340026935,0.027404437648209455,0.0049018276093596574,0.00794460895990437,0.006093324898412243,0.24568130746451705,0.10900558042316566,38.62264150943396,164796.77834860754,尾部低播放,0
a day in paris,CORTIS_BIGHIT,MV,401671,49316,1926,55528,16061,9292,956,2064,2026-08-07 12:00:00,BV1kRut6rEpz,2026-08-10,60.0,2.5,0.1227770986703048,0.023133360386983378,0.03998546073776797,0.004794969016931767,0.13824249198971297,0.002380057310585031,0.18589591979505615,0.18841755211290453,26.9031007751938,160668.4,尾部低播放,0
老赖借钱不还怎么办？,星星学院Master,财经商业,1562578,201603,512,43,234168,7186,5352,47,2026-08-06 04:29:24,BV1pFuJ67EPK,2026-08-10,91.51,3.8129166666666667,0.12901947934759098,0.004598810427383465,0.14986003898685377,0.0003276636430309399,2.7518626270176594e-05,0.0034251090185577937,0.2834783287618282,0.03564431084854888,0.9148936170212766,409811.73642224894,腰部普通,0
浅谈侠隐柱间，时隔半年终于见到个数值正常的忍者了，古风长发男一键横扫决斗场。——【火影月旦评】,子姬o_O,手机游戏,225273,13027,517,196,2495,1304,938,223,2026-08-08 10:03:49,BV182uu6NEXC,2026-08-10,37.93638888888889,1.5806828703703706,0.05782761360660177,0.005788532136563192,0.011075450675402734,0.002294993186045376,0.0008700554438392528,0.004163836766944996,0.0746915964185677,0.10009979273815921,0.8789237668161435,142516.2530844762,尾部低播放,0
【登陆少年】2026TOP登陆少年组合‘浪漫主义’系列演唱会「梦寐以求」Day1,登陆少年组合,明星综合,212086,10333,1794,85909,4407,2166,381,10911,2026-08-08 11:00:00,BV13xuG6jEHN,2026-08-10,37.0,1.5416666666666667,0.048720801938836135,0.010212838188282112,0.020779306507737426,0.008458832737663024,0.40506681251944965,0.0017964410663598729,0.07971294663485567,0.20961966515048872,7.873613784254422,137569.29729729728,尾部低播放,0
4岁萌娃在家遇火情，上演教科书式自救。为小朋友点赞！,新华网,日常,2486999,167198,3408,240,7442,1659,2382,47,2026-08-06 09:28:24,BV1mgun6bE8H,2026-08-10,86.52666666666667,3.605277777777778,0.06722881673856725,0.0006670690257615705,0.0029923614766230303,0.0013703262446024304,9.650184821143877e-05,0.0009577808434985298,0.07088824724095184,0.00992236749243412,5.1063829787234045,689821.742815317,腰部普通,0
谁敢挑战听完QQ音乐巅峰潮流榜？,阿张RayZhang,乐评盘点,515354,17426,1807,6746,2784,2661,1561,814,2026-08-07 08:36:38,BV1Waub6jES1,2026-08-10,63.38944444444444,2.641226851851852,0.033813650422816165,0.005163441052169965,0.00540211194635144,0.00350632768931647,0.01309003131827831,0.0030289859009535194,0.04437920342133757,0.1527028577986916,8.287469287469287,195119.1733639495,尾部低播放,0
【扒】当牛灭绝后，纯素肠燥的能擦出火！《飞出个未来》复播,周扒片,动漫杂谈,738715,30677,291,432,2994,1099,144,446,2026-08-07 08:30:58,BV1aVub6bEzQ,2026-08-10,63.48388888888889,2.645162037037037,0.04152751737814989,0.0014877185382725408,0.004052983897714274,0.0003939272926636118,0.0005847992798305165,0.00019493309327683883,0.04706821981413671,0.035824885093066465,0.968609865470852,279270.22604160284,腰部普通,0
最后的无言,creeper_qwq,单机游戏,146367,27475,929,494,11028,5823,1490,405,2026-08-06 08:17:12,BV1eiun6rEnC,2026-08-10,87.71333333333334,3.6547222222222224,0.1877130774013268,0.03978355776916928,0.0753448523232696,0.00634705910485287,0.0033750777156052935,0.010179890275813537,0.30284148749376566,0.21193812556869882,1.219753086419753,40048.73451394695,尾部低播放,0
三角洲策划你到底要干什么？!😡假装学人类做游戏这一块！,乔伊奥斯托雷,网络游戏,363810,20396,1399,679,4044,4281,1459,511,2026-08-07 10:30:00,BV1iDub6PE83,2026-08-10,61.5,2.5625,0.05606223028503889,0.011767131194854457,0.011115692256947307,0.0038454138149033837,0.0018663588136664743,0.00401033506500646,0.07894505373684066,0.20989409688174152,1.3287671232876712,141974.63414634147,尾部低播放,0
我感觉这像是另一种数值检测，评分太低下把就完了,磊哥游戏,单机游戏,739162,57999,2339,571,1892,2410,659,142,2026-08-08 01:00:00,BV1D6u86fEXY,2026-08-10,47.0,1.9583333333333333,0.07846588433929233,0.003260448994942922,0.002559655393540252,0.003164394273515143,0.000772496421623406,0.0008915501608578363,0.08428598872777551,0.04155244055931999,4.02112676056338,377444.4255319149,腰部普通,0
接下来该到什么话题了？,不凉少年派,搞笑,2268301,186775,4875,1488,17913,1662,1637,121,2026-08-06 09:00:00,BV1rpM26pEjq,2026-08-10,87.0,3.625,0.08234136474832926,0.0007327069908270551,0.007897100076224451,0.002149185668039647,0.0006559975946754862,0.0007216855258627493,0.09097117181538077,0.00889840717440771,12.297520661157025,625738.2068965518,腰部普通,0
植物大战僵尸海绵宝宝版，day7小蜗,铜锣戏语,单机游戏,606094,34004,1199,409,3319,2359,891,261,2026-08-07 14:59:47,BV1P3u86SEKE,2026-08-10,57.00361111111111,2.375150462962963,0.056103508696670815,0.0038921355433315626,0.0054760482697403376,0.0019782409989209594,0.0006748128178137385,0.001470068999198144,0.06547169250974272,0.06937419127161511,1.5670498084291187,255181.30722712495,腰部普通,0
今年我还想带豆豆回国，有戏没？,西班牙陈挺,美食记录,267722,22909,547,1250,1003,799,124,590,2026-08-08 10:00:00,BV1FQM66uEzm,2026-08-10,38.0,1.5833333333333333,0.08557010630430073,0.0029844390823316725,0.0037464235288844397,0.002043164177766489,0.00466902234407333,0.0004631670165320743,0.09230096891551684,0.034877122528264,2.1186440677966103,169087.57894736843,尾部低播放,0
被批侮辱农民、虚构画面？课本名画《父亲》背后的真实历史是什么样的？,二二酸酸,亲子,484028,32041,1540,750,6523,3477,340,499,2026-08-07 09:35:00,BV1SJub6sEiv,2026-08-10,62.416666666666664,2.600694444444444,0.06619658366871338,0.0071834687249497965,0.01347649309544076,0.0031816341203401454,0.0015494971365292917,0.0007024387018932788,0.08685654548910393,0.10851721232171281,1.503006012024048,186114.9052069426,尾部低播放,0
只要有人在传递温暖，这座城市就不会冷,猪头新一呀,美食侦探,311463,66089,987,396,3361,17423,285,346,2026-08-07 10:17:20,BV1qAub6KEav,2026-08-10,61.71111111111111,2.571296296296296,0.21218892773780512,0.055939228736639666,0.010791008883880269,0.0031689157299582935,0.0012714190770653337,0.0009150364569788386,0.27891916535832506,0.2636293483030459,1.1445086705202312,121130.73100468132,尾部低播放,0
【本家投稿】お返事まだカナ💦❓おじさん構文/还没回复吗？💦❓ 叔叔式回复😁❗️ / 雨衣,吉本おじさん,综合,147445,27361,2285,968,9963,5620,813,189,2026-08-08 04:00:00,BV1QBu86cEhn,2026-08-10,44.0,1.8333333333333333,0.18556749974566789,0.03811590762657262,0.06757095866255214,0.015497304079487266,0.006565159890128522,0.005513920444911662,0.29125436603479266,0.20540184934761158,5.121693121693122,80424.54545454546,尾部低播放,0
对 抗 路 迎 来 大 变21.0,一只白色QvQ,手机游戏,771730,35036,684,306,1416,978,483,126,2026-08-06 10:00:00,BV1uuun6cE5f,2026-08-10,86.0,3.5833333333333335,0.04539929768183173,0.0012672825988363807,0.0018348386093581953,0.0008863203451984502,0.00039651173337825407,0.0006258665595480285,0.04850141889002631,0.02791414545039388,2.4285714285714284,215366.51162790696,尾部低播放,0
新三国up锐评神探狄仁杰10：一个仁之方谦，一个义之方谦,吃蛋挞的折棒,影视剪辑,523079,31397,3140,7140,4377,13797,390,1751,2026-08-08 02:00:00,BV194uN6aEXT,2026-08-10,46.0,1.9166666666666667,0.060023438142230906,0.02637651291678695,0.008367760892714102,0.006002917341357615,0.013649945801685787,0.0007455852748819968,0.09476771195173196,0.43943688887473326,4.077669902912621,272910.7826086956,腰部普通,0
写透《百万英镑》的文豪，为何亏成北美顶级韭菜？【马克・吐温】,柳行长,财经商业,268866,20387,323,364,2909,859,187,1125,2026-08-08 08:40:39,BV1jgug6UEa2,2026-08-10,39.3225,1.6384375,0.0758258760869727,0.0031949000617407927,0.010819516041448157,0.0012013419324124286,0.0013538342520065757,0.0006955137503440376,0.08984029219016164,0.042134693677343404,0.32355555555555554,164099.0272744612,尾部低播放,0
心脏移植：一个疯狂的猜想，如何改变全人类的命运？,大圆镜科普,科学科普,573059,59244,790,1175,6992,1514,494,475,2026-08-08 00:02:49,BV1GVuK6cEMv,2026-08-10,47.95305555555556,1.9980439814814817,0.10338202523649398,0.0026419618224301513,0.012201186963296973,0.0013785666048347553,0.002050399697064351,0.0008620403832764166,0.1182251740222211,0.025555330497603133,2.473684210526316,286810.0028384241,腰部普通,0
【节奏术力口1.0】震撼首发！x 可以随时玩的术曲？！全新音游来了【B站AI创造公开赛】,墨白茜兔,音游,320986,44076,3226,795,22529,22639,2132,161,2026-08-06 10:00:00,BV1rvu76yEJJ,2026-08-10,86.0,3.5833333333333335,0.13731440000498465,0.07052955580617223,0.07018686173228739,0.010050282566840922,0.002476743533985906,0.006642034232022581,0.2780308175434443,0.5136355386151193,4.937888198757764,89577.48837209302,尾部低播放,0
这狗可能有病,潘宏爱玩狗,汪星人,2107118,180787,3835,2432,10466,5169,2878,211,2026-08-05 09:36:57,BV1RVM16zEuM,2026-08-10,110.38416666666667,4.599340277777778,0.0857982324672847,0.0024531136841885455,0.004966973847691491,0.0018200214700837827,0.001154183106973601,0.0013658466208347135,0.09321831999916473,0.028591657585998992,11.5260663507109,458134.8351590279,腰部普通,0
逆天小游戏2355,小白云玩游戏,单机游戏,1673256,128000,713,798,5448,1023,229,50,2026-08-07 10:00:00,BV1WYub61EtF,2026-08-10,62.0,2.5833333333333335,0.07649755924975019,0.0006113828368163628,0.0032559273655674925,0.0004261153105083741,0.00047691447094766134,0.0001368589145952562,0.08036486945213404,0.0079921875,15.96,647712.0,腰部普通,0
建议严查“赵一鸣必吃榜零食”！中国人能肥！,穿毛裤的小拉泽,美食测评,3371952,45120,1230,3419,23176,5004,3735,873,2026-08-06 08:50:00,BV1uvMk6ZEay,2026-08-10,87.16666666666667,3.6319444444444446,0.013380973394639069,0.0014840068897777905,0.0068731701993385436,0.0003647738757847087,0.0010139527490308285,0.0011076670130535666,0.021738150483755405,0.11090425531914894,3.9163802978235966,928415.0822179732,腰部普通,0
43岁生日 我决定送自己一份特别的礼物,李白白LEO,美妆护肤,560695,41668,1798,838,3055,766,1794,169,2026-08-07 06:57:35,BV17kub6zEdS,2026-08-10,65.04027777777777,2.710011574074074,0.07431491274222171,0.0013661616386805662,0.005448595047218185,0.003206734499148378,0.0014945736987132042,0.003199600495813232,0.08112966942812046,0.018383411730824615,4.958579881656805,206897.64035106453,尾部低播放,0
《绝区零》叶瞬光——流光,Na2SO4-,翻唱,124226,17937,490,281,6473,5849,1210,292,2026-08-06 13:57:33,BV1ZSuH6DEUf,2026-08-10,82.04083333333334,3.418368055555556,0.14439006327177886,0.04708354128765315,0.0521066443417642,0.003944423872619259,0.0022620063432775748,0.00974031201197817,0.2435802489011962,0.32608574455037076,0.9623287671232876,36340.73276518806,尾部低播放,0
于是，大果磨平了我的棱角♿（Life Goes On）【B萌应援】,大水母绚烂,MAD·AMV,199653,11690,823,132,3504,2906,1822,88,2026-08-08 12:05:55,BV1B3uG6dES9,2026-08-10,35.90138888888889,1.4958912037037038,0.058551587003450985,0.014555253364587559,0.017550450030803445,0.004122151933604805,0.0006611470902014996,0.009125833320811608,0.09065729039884199,0.2485885372112917,1.5,133467.59410422065,尾部低播放,0
“最严丝合缝的一集”【真正的和平模式】,极光子,单机游戏,2720614,77404,981,841,39237,3016,1526,130,2026-08-05 03:28:00,BV138Gc6REs5,2026-08-10,116.53333333333333,4.855555555555555,0.02845093056199814,0.0011085732852951576,0.014422112067349504,0.0003605803689902353,0.0003091213968611497,0.0005609027962070327,0.0439816159146428,0.03896439460492998,6.469230769230769,560309.519450801,腰部普通,0
一碗面养出个状元,WHXTA,日常,394128,35837,1593,2367,13915,21792,1852,2749,2026-08-05 04:52:00,BV1XcGu62EQ4,2026-08-10,115.13333333333334,4.7972222222222225,0.09092731295416717,0.05529168189014736,0.03530578898225957,0.004041834124954329,0.006005663134819145,0.004698981041692039,0.1815247838265741,0.6080866143929459,0.8610403783193888,82157.54487550666,尾部低播放,0
【5个月爆肝240分钟】自制《轩辕剑:天之痕》动画大长篇-总集篇 AI制作同人作品,海月梦香,GMV,83921,5047,554,584,4445,4771,731,15090,2026-08-08 02:00:00,BV1Swuu6NED1,2026-08-10,46.0,1.9166666666666667,0.06013989347124081,0.05685108614053693,0.05296648038035772,0.0066014465985867665,0.00695892565627197,0.00871057303892947,0.16995745999213546,0.9453140479492768,0.03870112657388999,43784.86956521739,尾部低播放,0
别人随手不要的饼渣，却是这个眼镜小哥一天的口粮,小唐勇闯美国-B站版,日常,1913107,134809,2420,863,14151,7592,498,86,2026-08-05 06:27:32,BV1LNMC6MEV4,2026-08-10,113.5411111111111,4.730879629629629,0.0704660011175538,0.0039684136851728625,0.007396868026723021,0.001264957997644669,0.0004510986578377477,0.00026030953835828316,0.08183128282944968,0.05631671475940034,10.034883720930232,404387.1647078396,腰部普通,0
经常借车的仁义伍叔叔2,大瑶同学remix,搞笑,520911,50579,880,811,1559,4516,398,253,2026-08-07 12:50:00,BV1h5ub6ZEXF,2026-08-10,59.166666666666664,2.4652777777777777,0.09709720086540695,0.008669427215013696,0.002992833708637368,0.0016893480844136523,0.0015568878368857637,0.00076404606545072,0.10875946178905802,0.08928606734020048,3.205533596837945,211299.10985915494,尾部低播放,0
再见了，所有的崩坏。,果蝇轰,手机游戏,574859,48131,3772,2404,11865,10949,1651,585,2026-08-07 10:42:10,BV1vtut6cEJA,2026-08-10,61.297222222222224,2.554050925925926,0.08372661817941443,0.01904640964132074,0.020639843857363283,0.006561609020646802,0.004181895038609468,0.002872008614286286,0.12341287167809846,0.22748332675406702,4.109401709401709,225077.34445099017,尾部低播放,0
《 峡 谷 推 土 机 5 6 . 0 》,天劫星李信,手机游戏,672938,37563,395,195,2401,592,582,127,2026-08-06 10:00:00,BV1gcM26BENX,2026-08-10,86.0,3.5833333333333335,0.05581940683985746,0.0008797244322656767,0.003567936422077517,0.0005869782951772674,0.0002897740950875118,0.000864864222261189,0.060267067694200656,0.015760189548225646,1.5354330708661417,187796.6511627907,尾部低播放,0
世界上最帅的二战冲锋枪！德国的象征！后坐力竟然很小？,老李船长,出行,994947,58297,1671,2576,8088,4494,663,806,2026-08-07 09:05:00,BV1iPu46oErv,2026-08-10,62.916666666666664,2.6215277777777777,0.05859307078668512,0.004516823509191947,0.008129076222150526,0.0016794864450066184,0.002589082634552393,0.0006663671532252472,0.07123897051802759,0.07708801482065973,3.196029776674938,379529.45165562915,腰部普通,0
随机修改大脑的某个部位，可以获得哪些超能力？,李白尼的猜想,科学科普,616678,27001,573,756,10877,5152,217,253,2026-08-07 06:11:42,BV1wSux6ME9c,2026-08-10,65.805,2.7418750000000003,0.04378460071544631,0.008354441053515774,0.017638054219544074,0.0009291721125125268,0.0012259234154615537,0.0003518854248084089,0.06977709598850616,0.1908077478611903,2.9881422924901186,224911.0553909277,尾部低播放,0
00后女生隐居深山，遭遇特大暴雨，屋无干处，菜亦遭殃,黄豆的山居生活,三农,235779,10235,883,616,1816,3991,191,383,2026-08-07 09:57:24,BV1vgub6hEko,2026-08-10,62.04333333333334,2.585138888888889,0.043409294296777916,0.016926867956857904,0.00770212784005361,0.003745032424431353,0.002612616051471929,0.0008100806263492508,0.06803829009368943,0.3899364924279433,1.608355091383812,91205.54451190028,尾部低播放,0
妙脆角幼崽的诞生,多影织,特摄,2986006,38174,285,266,32331,1370,1208,125,2026-08-05 08:55:00,BV1wUM663EVA,2026-08-10,111.08333333333333,4.628472222222222,0.012784301170191888,0.00045880684767545676,0.010827506709631528,9.54452201368651e-05,8.90822054610741e-05,0.00040455377517660714,0.024070614727498874,0.03588830093781108,2.128,645138.5806451613,腰部普通,0
融合植物568：究极小松炉！,蓝飘飘fly,单机游戏,187889,9789,1228,745,1337,994,463,324,2026-08-08 23:00:00,BV11Eu36wEms,2026-08-10,25.0,1.0416666666666667,0.05209991005327614,0.0052903576047559995,0.007115903538791521,0.006535773781328338,0.003965107057890563,0.00246422089638031,0.06450617119682366,0.1015425477576872,2.299382716049383,180373.43999999997,尾部低播放,0
为了上冰岛冰川用卫星拍COS 我准备了13年【BiliBilionly同人扶持计划】,名羲MX,出行,124450,10595,205,337,2931,1603,183,975,2026-08-07 04:00:00,BV1fXuW64EW1,2026-08-10,68.0,2.8333333333333335,0.0851345922057051,0.012880674969867417,0.02355162715950181,0.0016472478907191643,0.0027079148252310164,0.0014704700683005223,0.12156689433507432,0.1512977819726286,0.34564102564102567,43923.529411764706,尾部低播放,0
幽默“混的人”螺蛳粉边上摆摊卖潮牌！小吃风味衣服耍起，四天卖出一件绷不住了,网友暮雨,日常,401051,14886,987,1885,3020,1033,500,667,2026-08-07 03:30:00,BV1T1uE6oEeC,2026-08-10,68.5,2.8541666666666665,0.03711747383749199,0.002575732263477712,0.007530214361764464,0.002461033634126333,0.004700150354942389,0.0012467242320802093,0.047223420462734166,0.06939406153432756,2.8260869565217392,140514.2189781022,尾部低播放,0
出差回家看望家里80多个孩子,喵君是个大聪明,小宠异宠,147999,16439,1128,446,671,1444,572,136,2026-08-08 10:29:07,BV1ijuG6pEuU,2026-08-10,37.514722222222225,1.563113425925926,0.1110750748315867,0.009756822681234333,0.004533814417664984,0.007621673119412969,0.003013533875228887,0.003864890978993101,0.125365711930486,0.08783989293752661,3.2794117647058822,94682.18847415458,尾部低播放,0
至冬赛级建模！奥黛塔,自由魂儿儿儿,手机游戏,162935,9391,225,192,1114,664,105,200,2026-08-08 09:56:55,BV13yuu6qEKa,2026-08-10,38.05138888888889,1.585474537037037,0.05763648080522908,0.004075244729493356,0.006837082272071685,0.0013809187712891643,0.0011783840181667537,0.0006444287599349434,0.06854880780679412,0.0707059951016931,0.96,102767.33948972516,尾部低播放,0
看完7月新番，我走火入魔！浑身燥热！【泛式】,泛式,动漫杂谈,1756082,160501,8406,10348,38049,80376,11310,830,2026-08-05 12:58:12,BV1tcMy6fEEU,2026-08-10,107.03,4.459583333333334,0.09139721265863439,0.04577007224036235,0.021666983660216323,0.004786792416299467,0.005892663326655589,0.006440473736420053,0.15883426855921307,0.5007819265923577,12.467469879518072,393777.14659441274,腰部普通,0
沪漂小伙下班花82块在出租屋里涮火锅，吃得满头大汗太爽啦,小岳来了24,美食记录,347192,7832,270,514,1963,1361,237,687,2026-08-07 11:40:00,BV1kmux6BEmy,2026-08-10,60.333333333333336,2.513888888888889,0.02255812345906588,0.00392002119864513,0.005653932118251573,0.0007776676881955805,0.0014804488582686238,0.0006826194151938984,0.03213207677596258,0.17377425944841676,0.7481804949053857,138109.52486187845,尾部低播放,0
《少女前线2：追放》版本活动【寂静的匹丝缇】介绍PV公开！,少女前线2-追放制作组,手机游戏,311836,7679,816,132,2460,539,496,172,2026-08-08 09:00:00,BV1Xvut6sE7U,2026-08-10,39.0,1.625,0.024625123462332765,0.0017284726587052169,0.007888762041585963,0.002616760091843148,0.00042329942662168576,0.0015905796636693646,0.03424235816262394,0.07019143117593436,0.7674418604651163,191899.07692307694,尾部低播放,0
自制沙拉,大鱼蛋哟,美食制作,922686,55750,1181,740,7668,1201,1068,226,2026-08-03 14:16:02,BV1egMR6YEuB,2026-08-10,153.73277777777778,6.405532407407407,0.06042142180546795,0.00130163457557609,0.008310519505010373,0.001279958729188478,0.0008020063163416373,0.0011574901970984712,0.07003357588605441,0.021542600896860987,3.274336283185841,144045.1692872553,尾部低播放,0
火鸡面酱辣度挑战重磅来袭！,猎奇三健客,美食测评,1202780,15147,413,708,4691,2985,764,351,2026-08-07 10:18:55,BV1wout63Ejc,2026-08-10,61.68472222222222,2.570196759259259,0.01259332546267813,0.002481750611084321,0.0039001313623439034,0.0003433711900763232,0.0005886363258451254,0.0006351951312792032,0.018975207436106353,0.19706872648049117,2.017094017094017,467971.9541575665,腰部普通,0
菲尔兹奖得主出的围棋死活题到底有多变态？,棋手战鹰,桌游棋牌,221850,6559,751,418,996,1183,271,668,2026-08-08 10:11:53,BV1VpuG6EEE7,2026-08-10,37.801944444444445,1.5750810185185184,0.029565021410863195,0.005332431823304035,0.0044895199459093985,0.0033851701600180304,0.0018841559612350687,0.0012215460897002479,0.039386973180076626,0.18036286019210246,0.625748502994012,140849.89749204554,尾部低播放,0
好会阴阳艺术！求借我一张齐豫的巧嘴,IVEN小耗子,乐评盘点,337410,5092,728,193,1247,527,1060,145,2026-08-07 19:13:58,BV1CguN6VE25,2026-08-10,52.76722222222222,2.198634259259259,0.015091431789217865,0.0015618979876115113,0.003695800361577902,0.002157612400343795,0.0005720043863548798,0.0031415784950060755,0.02034913013840728,0.1034956794972506,1.3310344827586207,153463.45058485382,尾部低播放,0
什么年代了还在做诸葛王朗传统鬼畜,浅澄月,鬼畜剧场,852184,68485,660,655,8735,3177,770,135,2026-08-04 09:52:01,BV19puc6UEVg,2026-08-10,134.13305555555556,5.588877314814815,0.08036409977188025,0.0037280681167447404,0.010250133773926758,0.0007744806285966411,0.0007686133511072726,0.000903560733362748,0.09434230166255175,0.04638972037672483,4.851851851851852,152478.56626608322,尾部低播放,0
备受期待的王者万象棋，真的好玩吗？,清酒好可怜,电子竞技,329336,27882,881,795,2401,1610,119,307,2026-08-08 07:28:19,BV1Kaug6eEiC,2026-08-10,40.528055555555554,1.6886689814814815,0.08466125780358054,0.00488862438360823,0.007290426798163578,0.0026750795540117084,0.0024139480651978527,0.00036133310661452133,0.09684030898535234,0.057743346962197836,2.58957654723127,195026.9730844888,尾部低播放,0
极度痛苦后的“重生”？从人类向怪物的转变！Walten Files 5第五卷《沃尔顿档案》,阿力阿力栗,单机游戏,154081,8110,544,1068,5974,976,502,2114,2026-08-08 09:00:00,BV1sDuT69E4d,2026-08-10,39.0,1.625,0.052634653201887316,0.00633433064427152,0.03877181482467014,0.0035306105230365845,0.006931419188608589,0.003258026622360966,0.09774079867082898,0.12034525277435265,0.5052034058656575,94819.07692307692,尾部低播放,0
🎵”只因为你那渴望自由的心脏“ |《反乌托邦×拼接遗憾》/AI東 雪蓮,东洋雪莲,翻唱,178261,21583,480,75,11189,2562,788,117,2026-08-08 05:18:04,BV1BKuM6CEbu,2026-08-10,42.69888888888889,1.7791203703703704,0.12107527726199224,0.01437218460571858,0.06276751504815972,0.00269268095657491,0.0004207313994648297,0.004420484570377144,0.19821497691587056,0.11870453597738961,0.6410256410256411,100196.14353743267,尾部低播放,0
用爱感化反派后，她们觉醒记忆找上门了【雅娴篇】,圆桌动漫,同人·手书,196646,13688,2171,10223,7624,8885,655,13392,2026-08-08 02:00:00,BV1cwuh61Epg,2026-08-10,46.0,1.9166666666666667,0.069607314666965,0.04518271411572063,0.03877017584898752,0.01104014320148897,0.051986818953856165,0.0033308584969945995,0.15356020463167316,0.6491087083576855,0.7633661887694145,102597.91304347826,尾部低播放,0
她把中餐厅拍成了变形记，坏了也没变好啊！,刘哔电影,影视杂谈,1351194,39305,3235,6104,5699,9249,4251,979,2026-08-05 13:29:33,BV1pVMy6DEmX,2026-08-10,106.5075,4.4378125,0.029089087133305803,0.006845057038441556,0.004217751114939824,0.0023941787781769307,0.004517486016071711,0.0031461063326213706,0.04015189528668718,0.23531357333672562,6.234933605720123,304472.9807760017,腰部普通,0
什么是步坦协同？本期视频够硬核了吧！,长欢与大头,人文历史,395605,37624,1097,342,4104,4012,237,119,2026-08-05 10:29:40,BV14mMy6tEjE,2026-08-10,109.50555555555556,4.562731481481482,0.09510496581185779,0.01014142895059466,0.010373984150857548,0.0027729679857433553,0.000864498679238129,0.000599082418068528,0.11562037891330999,0.10663406336381033,2.8739495798319328,86703.54624321444,尾部低播放,0
当MC的方块和生物都是破碎状态！该怎样生存呢？,小橙子姐姐解说,单机游戏,3779386,116013,704,2393,43115,5995,250,387,2026-08-03 09:05:00,BV1eyMD69EnZ,2026-08-10,158.91666666666666,6.621527777777778,0.030696255952686494,0.0015862364944993711,0.011407937691466285,0.00018627364339075182,0.0006331716315824845,6.614831086319313e-05,0.043690430138652155,0.05167524329170007,6.183462532299742,570772.5055060304,腰部普通,0
亮记闲谈-“二蝇吃屎蛾”为什么长这样？法布尔为什么不认可进化论？,无穷小亮的科普日常,科学科普,673914,53900,1643,2519,3755,1522,546,1334,2026-08-07 08:00:00,BV1yWMD6ME4o,2026-08-10,64.0,2.6666666666666665,0.07998053164053573,0.002258448407363551,0.005571927575328602,0.002437996539617815,0.003737865662384221,0.0008101923984365957,0.0878109076232279,0.02823747680890538,1.8883058470764618,252717.75,腰部普通,0
【模拟恐怖】A市虎年春晚录像带｜恐怖｜怪诞｜伪录像带【AI全民制作人】,SillyZ_随机混搭版,影视剪辑,121656,4094,477,1095,2662,1695,440,907,2026-08-07 11:03:29,BV1K1ut6UEEc,2026-08-10,60.941944444444445,2.539247685185185,0.03365226540409022,0.013932728348786743,0.021881370421516406,0.003920891694614322,0.009000789110278162,0.0036167554415729598,0.06946636417439338,0.41402051783097216,1.207276736493936,47910.25338322903,尾部低播放,0
热血高校,脱缰凯Kk,日常,1361764,97933,3380,3450,9725,3893,707,269,2026-08-06 09:31:34,BV1Tgun68EKn,2026-08-10,86.4738888888889,3.6030787037037038,0.0719162791790648,0.0028587919786394705,0.007141472384348536,0.0024820747207298767,0.0025334786350645192,0.0005191795347798885,0.08191654354205281,0.039751666955980106,12.825278810408921,377944.5612998143,腰部普通,0
四秒表又秒了！谁被秒了你别问！aespa芝加哥音乐节Reaction！,奥里卡豆,乐评盘点,151438,7621,2592,4835,1471,3153,411,2004,2026-08-08 11:10:01,BV14iuG6zEP1,2026-08-10,36.83305555555555,1.534710648148148,0.05032422509541859,0.02082040174857037,0.009713546137693313,0.01711591542413397,0.03192725735944743,0.0027139819596138353,0.08085817298168227,0.41372523290906704,2.412674650698603,98675.27809410328,尾部低播放,0
留子单曲《普通留子》,加拿大俩哥特,美食测评,355809,22263,321,54,2125,690,454,132,2026-08-07 11:28:00,BV1Nuut6VEc2,2026-08-10,60.53333333333333,2.522222222222222,0.06257008676003137,0.0019392426835746145,0.005972305366081241,0.000902169422358625,0.00015176681871453503,0.0012759654758592392,0.07048163480968722,0.030993127610834118,0.4090909090909091,141069.64757709252,尾部低播放,0
想报化妆课的姐妹可以先跟这个视频试一试,群宝无敌,搞笑,162913,20634,342,269,26682,3493,853,1646,2026-08-07 04:37:15,BV1Uju46UEhQ,2026-08-10,67.37916666666666,2.8074652777777778,0.12665655902230025,0.021440891764315923,0.1637806682094124,0.002099279983795032,0.0016511880574294256,0.005235923468354275,0.3118781189960286,0.16928370650382862,0.16342648845686514,58028.500401954116,尾部低播放,0
【散人】国产悬疑推理《杀死影子》 十年谜案 探寻真相（已更新至P4）,逍遥散人,单机游戏,572059,58063,763,7978,19707,8415,1029,35316,2026-08-06 04:26:52,BV17uuJ63Ew1,2026-08-10,91.55222222222223,3.814675925925926,0.10149827203138138,0.01471002116914514,0.03444924387169855,0.0013337785088601002,0.0139461139497849,0.0017987655119489424,0.15065753707222507,0.14492878425158878,0.22590327330388493,149962.67339830333,尾部低播放,0
和美国Cosplay网红约会一天？！,邵艾伦Alan,设计·创意,631706,13979,1784,2462,8611,3201,957,1009,2026-08-07 01:49:39,BV1k4us6PEgU,2026-08-10,70.1725,2.9238541666666666,0.022128965056529462,0.005067230642102497,0.013631341161869604,0.0028240985521745875,0.003897382643191611,0.0015149452435151796,0.04082753686050156,0.2289863366478289,2.4400396432111,216052.49919840394,尾部低播放,0
卢本伟的打牌日记3|巴旦木公主请“开”牌,三国百将牌,桌游棋牌,2613784,23614,1343,847,6366,4598,8453,770,2026-08-05 02:55:00,BV1ZFuP6wEPW,2026-08-10,117.08333333333333,4.878472222222222,0.009034411412725764,0.0017591354144030264,0.002435549379749819,0.0005138144544461211,0.0003240512605479259,0.0032340086250432325,0.013229096206878609,0.1947149995765224,1.1,535779.2113879004,腰部普通,0
“精日”病得狠狠治,环球网,日常,308786,75143,1998,1874,3763,4368,1688,521,2026-08-06 10:07:41,BV1x5un6oEw5,2026-08-10,85.87194444444444,3.577997685185185,0.24334976326646934,0.014145719041666397,0.01218643332275427,0.006470500605597404,0.006068927995440208,0.0054665690802044135,0.26968191563089,0.05812916705481549,3.5969289827255277,86301.341467754,尾部低播放,0
其实第一次见面，我还觉得你挺高冷的,三角猫不理,同人·手书,514631,19074,305,1055,7972,635,120,152,2026-08-08 09:00:00,BV1iDuJ6GEsU,2026-08-10,39.0,1.625,0.03706344934525903,0.0012338937996350784,0.015490710819985582,0.0005926576517932266,0.0020500125332519807,0.00023317678103340064,0.05378805396487969,0.03329139142287931,6.940789473684211,316696.0,腰部普通,0
1800元暑假神机！2K分辨率游戏通吃，堪称最稳定的炸弹，就问送你你敢不敢要吧！《人人有机用 番外》35,香蕉丸子加番茄,数码,117625,5798,2129,607,2105,3337,524,573,2026-08-08 09:45:00,BV1C5uT6EENg,2026-08-10,38.25,1.59375,0.049292242295430395,0.02836981934112646,0.01789585547290117,0.01809989373007439,0.0051604675876726885,0.004454835281615303,0.09555791710945802,0.5755432907899276,1.0593368237347296,73803.92156862745,尾部低播放,0
超高校级的福瑞控,文静若叶睦,综合,128468,16287,1362,598,3573,2059,5391,286,2026-08-08 08:30:54,BV1tcut6UEAZ,2026-08-10,39.485,1.6452083333333334,0.12677865304978672,0.01602733754709344,0.027812373509356416,0.010601861942273562,0.00465485568390572,0.04196375751159822,0.17061836410623657,0.12641984404739975,2.090909090909091,78086.15930100037,尾部低播放,0
看完3609条热门后，我做了个播放量预测工具...【B站AI创造公开赛】,Git源宝,校园学习,168728,5324,146,269,3062,2154,630,293,2026-08-08 06:30:00,BV1NbuM6ZEXb,2026-08-10,41.5,1.7291666666666667,0.03155374330283059,0.012766108766772557,0.01814755108814186,0.0008652979944051965,0.0015942819211986156,0.003733820112844341,0.06246740315774501,0.40458302028549964,0.9180887372013652,97577.63855421686,尾部低播放,0
咪听说最近很多小猫都丢了妙脆角～,月亮一猫,喵星人,968334,187125,2644,1357,30858,1469,3966,10,2026-08-03 08:28:38,BV1boMX6WEc9,2026-08-10,159.52277777777778,6.646782407407407,0.1932442731536846,0.0015170385424863736,0.0318671037059527,0.0027304628361701643,0.0014013759715139611,0.004095694254255247,0.22662841540212364,0.007850367401469606,135.7,145684.62462692545,尾部低播放,0
搬瓜的精神小伙写作文：妈妈，你是否也打听我呢？,丁一之旅_,三农,6666641,135272,2018,888,87382,18988,3095,406,2026-08-03 09:16:41,BV12PM96UETf,2026-08-10,158.72194444444443,6.613414351851851,0.02029087811988076,0.0028482109656122177,0.013107350463299283,0.0003027011653994868,0.00013320051282197438,0.0004642517873693814,0.03624643954879226,0.14036903424211958,2.187192118226601,1008048.285698785,腰部普通,0
异常管理局：否定文明,诸葛皮皮9527,小剧场,170492,24152,418,123,2000,536,77,104,2026-08-08 09:00:00,BV1qMuh66Evz,2026-08-10,39.0,1.625,0.1416606057762241,0.0031438425263355468,0.01173075569528189,0.002451727940313915,0.0007214414752598362,0.00045163409426835275,0.15653520399784154,0.022192779065915866,1.1826923076923077,104918.15384615384,尾部低播放,0
白色的性价比,白菜家的AMD,数码,328528,39112,1355,630,6237,529,2107,271,2026-08-05 08:46:40,BV1J7Mk6gEkd,2026-08-10,111.22222222222223,4.6342592592592595,0.11905225734183997,0.0016102128281303269,0.018984683192908976,0.004124458189256319,0.0019176447669605025,0.006413456387279014,0.13964715336287928,0.01352526078952751,2.3247232472324724,70891.15684315684,尾部低播放,0
一年倒闭2.5万家！曾排队3小时的烤鱼，为什么现在没人吃了？,财经不眠姐,财经商业,1331995,31835,5981,4201,5342,1843,2453,572,2026-08-04 09:00:00,BV1CCuc6NEhC,2026-08-10,135.0,5.625,0.023900239865765262,0.0013836388274730761,0.004010525565035904,0.004490257095559668,0.0031539157429269628,0.0018415985044988909,0.029294404258274242,0.05789225694989791,7.344405594405594,236799.11111111112,尾部低播放,0
上海街头偶遇非洲贵族，没想到还这么懂中国梗？,汤姆的混乱空间,搞笑,590830,34753,1026,2605,4229,1490,878,804,2026-08-07 10:00:00,BV1gfub6ZE9v,2026-08-10,62.0,2.5833333333333335,0.05882064214748743,0.0025218760049422,0.007157727265033935,0.0017365401215239577,0.004409051673070088,0.0014860450552612427,0.06850024541746356,0.0428739964895117,3.240049751243781,228708.38709677418,尾部低播放,0
《重返未来：1999》3.9版本PV：重燃！流金之海,重返未来1999,小剧场,1005092,31092,8098,7581,5936,6988,6310,648,2026-08-07 04:00:00,BV1eUGw6hEAR,2026-08-10,68.0,2.8333333333333335,0.030934481619593033,0.006952597374170723,0.005905927019616114,0.008056973888957429,0.007542593115854071,0.006278032259733437,0.04379300601337987,0.22475234787083495,11.699074074074074,354738.35294117645,腰部普通,0
养到绝世好猫了！,宫百万_,喵星人,2383907,188744,3535,995,10213,1323,6333,50,2026-08-06 00:00:00,BV15iMU6HE1Q,2026-08-10,96.0,4.0,0.07917422953160505,0.0005549713138977317,0.004284143634797834,0.0014828598598854738,0.00041738205391401593,0.0026565633642587566,0.08401334448030062,0.007009494341541983,19.9,595976.75,腰部普通,0
【黄金裔/准备出发】“曾许下心愿的出现”,故知_L,GMV,106245,19048,1839,723,7134,782,8320,77,2026-08-08 09:00:00,BV122u86RECB,2026-08-10,39.0,1.625,0.17928373099910583,0.0073603463692409055,0.06714668925596498,0.01730904983763942,0.006805026118876183,0.07830956750905925,0.2537907666243117,0.04105417891642167,9.38961038961039,65381.53846153846,尾部低播放,0
大白兔奶糖包装火到国外？80年代的审美为啥会消失？,三口草莓,人文历史,154807,14827,682,360,6880,3185,348,630,2026-08-08 09:15:29,BV1iauu6yESY,2026-08-10,38.74194444444444,1.614247685185185,0.09577732273088427,0.020574005051451162,0.04444243477362135,0.004405485540059558,0.0023254762381546053,0.002247960363549452,0.16079376255595676,0.214810818102111,0.5714285714285714,95900.40080016635,尾部低播放,0
不错…吃的脑瓜子嗡嗡的,李李真会吃,美食记录,391219,29782,1155,2552,2296,1632,493,365,2026-08-06 15:21:24,BV13xuH6MEWe,2026-08-10,80.64333333333333,3.360138888888889,0.07612615951679239,0.004171576533859552,0.005868835613812212,0.0029523105984116315,0.006523200560299985,0.0012601637446034062,0.08616657166446415,0.054798200255187696,6.991780821917808,116429.41346670524,尾部低播放,0
你们都是玩梗，我是真被电了,Serin塞琳,搞笑,486980,41285,2019,1062,14040,3447,889,145,2026-08-07 13:31:24,BV1zwuh6yEY2,2026-08-10,58.47666666666667,2.4365277777777776,0.08477760893671198,0.007078319438169945,0.028830752802989856,0.004145960819746191,0.0021807877120210276,0.0018255369830383178,0.12068668117787178,0.08349279399297566,7.324137931034483,199866.38545288722,尾部低播放,0
【咕嘎饭馆】水晶虾饺出笼啦！【bilibilionly同人扶持计划】,陈千语Sama,综合,403384,38837,424,469,6449,3278,597,81,2026-08-07 23:00:00,BV1WZu86EEsV,2026-08-10,49.0,2.0416666666666665,0.09627798821966166,0.00812625190885112,0.015987247882910578,0.0010511076294548122,0.001162663863712988,0.0014799793744917993,0.12039148801142335,0.08440404768648453,5.790123456790123,197575.8367346939,尾部低播放,0
《圆蛤小狗爱正义》,龙三条,综合,598807,32435,838,1317,4534,1476,536,1263,2026-08-07 03:30:00,BV12iuH68EjE,2026-08-10,68.5,2.8541666666666665,0.054166033463202666,0.0024649010449109645,0.007571721773459562,0.001399449238235358,0.0021993730868209624,0.0008951131165801335,0.06420265628157319,0.04550639741020503,1.0427553444180522,209800.99270072993,尾部低播放,0
完全看不懂中国网络梗的日本人，被40位中国人一人一句写出了一首神曲,梗王P_NERIAN,音乐综合,4336135,315505,9746,7277,77909,14631,19424,87,2026-08-02 21:59:47,BV1TY3o6TEqR,2026-08-10,170.0036111111111,7.083483796296296,0.07276180284977289,0.0033742030633271336,0.01796738339558155,0.0022476237478768536,0.0016782226568130374,0.004479565327186538,0.09410338930868158,0.04637327459152787,83.64367816091954,612147.2321666371,腰部普通,0
老红vs老白~谁更快嘛😅赢了必须要狠狠的嘲讽🤣,-超级小能猫-,搞笑,1426009,116466,1962,12109,11249,5171,975,242,2026-08-05 11:59:15,BV16jMy6UEmM,2026-08-10,108.0125,4.500520833333334,0.0816726963153809,0.0036262043226936154,0.007888449511889476,0.0013758678942419017,0.00849153125962038,0.0006837264000437585,0.09318735014996399,0.04439922380780657,50.03719008264463,316854.2159472283,腰部普通,0
【re0/菜月昴if线】傲慢、强欲、愤怒和嫉妒昴们的感知检定手书,在大肠里悲鸣的史,绘画,88196,19241,1034,402,7847,7604,720,109,2026-08-08 03:12:04,BV1oDuM6CECL,2026-08-10,44.79888888888889,1.8666203703703703,0.21816182139779583,0.08621706199827657,0.08897228899269809,0.011723887704657808,0.004558029842623248,0.008163635539026713,0.3933511723887705,0.39519775479444935,3.688073394495413,47249.02899377465,尾部低播放,0
一口气看完：长篇悬疑恐怖反转动画《爸爸的小秘密》,_愚蠢的人类啊_,同人·手书,97503,6820,291,260,4278,1193,421,2722,2026-08-07 11:23:21,BV1SBut6pE9b,2026-08-10,60.61083333333333,2.525451388888889,0.06994656574669497,0.012235520958329487,0.04387557305929048,0.0029845235531214425,0.0026665846179091926,0.004317815862076039,0.12605765976431493,0.1749266862170088,0.09551800146950772,38608.14760837584,尾部低播放,0
【邓肯】泰国爱侣湾君悦酒店恐怖传说——全球鬼楼巡礼！,勾手老大爷邓肯,人文历史,995563,45480,2261,4358,13156,7260,1748,1847,2026-08-06 09:00:00,BV1BAM167EtN,2026-08-10,87.0,3.625,0.045682694113782854,0.007292356184390139,0.013214633328076677,0.0022710767676179205,0.004377422624183502,0.001755790442192006,0.06618968362624968,0.15963060686015831,2.359501894964808,274638.0689655172,腰部普通,0
在CJ向粉丝们告白？Leedo's ChinaJoy2026 Vlog,leedo0804,仿妆cos,412238,38442,381,108,11991,887,535,484,2026-08-07 05:52:04,BV1gRu46XEc2,2026-08-10,66.13222222222223,2.7555092592592594,0.09325195639412184,0.0021516696665518464,0.029087565920657484,0.0009242233855200152,0.000261984581722209,0.0012977939927905724,0.12449119198133117,0.023073721450496854,0.2231404958677686,149605.01352509283,尾部低播放,0
《鸣潮》3.6版本前瞻通讯 | 回顾影像,鸣潮,手机游戏,1485319,64927,12199,7649,7041,5530,1532,3361,2026-08-07 11:50:00,BV1cout63E9X,2026-08-10,60.166666666666664,2.506944444444444,0.04371249543027458,0.0037231059455914857,0.004740395834160877,0.008213050529886173,0.005149735511361532,0.0010314282655779668,0.052175997210026935,0.08517257843424153,2.2758107706039867,592481.8171745153,腰部普通,0
宋美龄：唯一女性战犯，曾想用核弹炸中国,赛雷三分钟,人文历史,1358880,87907,3445,3743,11826,6171,2680,421,2026-08-06 01:11:41,BV1BQMS6FE9h,2026-08-10,94.80527777777777,3.950219907407407,0.06469077475568115,0.0045412398445778875,0.008702755210173083,0.0025351760273166135,0.002754474272930649,0.0019722124102201813,0.07793476981043213,0.07019918777799265,8.890736342042755,344001.1016733129,腰部普通,0
公式哥第一次来普坝,狂野的蜂,搞笑,766801,63657,1710,645,5199,2305,1634,235,2026-08-06 13:09:34,BV1hTup6uEuo,2026-08-10,82.84055555555555,3.4516898148148147,0.08301632366154973,0.0030059950365218615,0.006780116353525882,0.002230044040109494,0.0008411569624974407,0.002130930971660183,0.09280243505159748,0.036209686287446786,2.74468085106383,222152.34888976818,尾部低播放,0
我叫杨间  第四百二十三集 复生禁忌,我叫杨间动画,同人·手书,120865,11578,672,628,3517,3827,135,390,2026-08-08 10:30:00,BV1Q6uu6uEEE,2026-08-10,37.5,1.5625,0.09579282670748356,0.031663426136598685,0.029098581061514913,0.005559922227278368,0.0051958797004922844,0.0011169486617300293,0.15655483390559716,0.3305406806011401,1.6102564102564103,77353.6,尾部低播放,0
导弹告急，零件共享，东大断供，美军三年五亿造不出一发炮弹？,星辰趣味屋,人文历史,939943,66525,3139,8013,10907,27127,1375,1225,2026-08-06 10:18:38,BV12Vun64ELh,2026-08-10,85.68944444444445,3.5703935185185185,0.07077556830573768,0.028860260675381378,0.011603895129811062,0.003339564207616845,0.008524985025687729,0.0014628546624635749,0.11123972411093012,0.407771514468245,6.541224489795918,263260.33674574207,腰部普通,0
⚡如何无限螺旋升天⚡,浅墨哟_,单机游戏,783659,63563,705,559,6732,693,552,84,2026-08-06 04:00:00,BV1pGMy6HEiB,2026-08-10,92.0,3.8333333333333335,0.0811105340460583,0.0008843132025536617,0.008590471110521285,0.0008996259852818636,0.0007133204620887401,0.000704388005497289,0.09058531835913325,0.01090256910466781,6.654761904761905,204432.78260869565,尾部低播放,0
史蒂夫现世生存记 第四集 钢卷危机篇【AI全民制作人】,李想诗,单机游戏,155833,18087,360,263,5269,2318,96,132,2026-08-08 02:50:04,BV1dXuM63EgG,2026-08-10,45.16555555555556,1.8818981481481483,0.11606655843114103,0.014874898128124339,0.033811837030667445,0.0023101653693376883,0.0016877041448217001,0.0006160440984900503,0.16475329358993282,0.12815834577320728,1.9924242424242424,82806.28797756402,尾部低播放,0
误伤？凶杀？自残？这么多年听到的竟然是谣言？,小透明明TM,人文历史,1479889,59331,865,666,17326,5849,621,654,2026-08-07 09:30:00,BV11fje6UExt,2026-08-10,62.5,2.6041666666666665,0.04009152037754183,0.003952323451285874,0.011707634829368959,0.00058450329720675,0.00045003375253143985,0.0004196260665495858,0.055751478658196664,0.09858252852640273,1.018348623853211,568277.376,腰部普通,0
私房照模特，状告摄影师猥亵，到底摸没摸，各位来评判！《开庭》第一案,小片片说大片,影视杂谈,2340653,36135,1178,2599,15974,7695,1249,2385,2026-08-05 10:00:00,BV17ZM66NETP,2026-08-10,110.0,4.583333333333333,0.015437999566787559,0.0032875441169622323,0.006824591257226082,0.0005032783586460701,0.0011103738999330528,0.0005336117741502051,0.025550134940975872,0.2129514321295143,1.089727463312369,510687.9272727273,腰部普通,0
烂俗偶像剧装什么高智商？《天才，女友》又名《炽夏2.0》,开心嘴炮,影视杂谈,560602,14906,951,3648,3422,1737,1017,629,2026-08-07 08:34:36,BV1Paub67EsY,2026-08-10,63.42333333333333,2.642638888888889,0.02658927367365796,0.0030984548752947725,0.00610415232196817,0.0016963906657486059,0.006507290377130299,0.0018141212482295818,0.0357918808709209,0.1165302562726419,5.799682034976152,212137.19451306039,尾部低播放,0
我们玩到的AZ3还是太保守了【阿萨拉往事4】,阿氢HYDROGEN,网络游戏,229525,8387,439,613,4118,612,142,535,2026-08-08 10:36:56,BV1RJuG6nEb6,2026-08-10,37.38444444444445,1.5576851851851854,0.0365406818429365,0.0026663762117416405,0.01794140071887594,0.0019126456812983334,0.002670733035617035,0.0006186689903060669,0.05714845877355408,0.07297007273160844,1.1457943925233645,147350.05647030848,尾部低播放,0
【杀戮尖塔2】爬塔时也能看公式化弹幕了？原创模组「弹幕尖塔」正式发布！（支持多人联机）,Icnsis,日常,97866,5633,736,73,2245,1290,6735,91,2026-08-08 22:39:29,BV1Lsu56REKA,2026-08-10,25.341944444444444,1.055914351851852,0.057558293993828294,0.013181288700876708,0.02293952956082807,0.007520487196779269,0.0007459178877240308,0.06881858868248421,0.09367911225553308,0.22900763358778625,0.8021978021978022,92683.65358266378,尾部低播放,0
她的迷盲不迷茫,卖萝卜乐,短片,1369546,87623,700,426,9286,23563,1640,506,2026-08-03 10:00:00,BV1WAGg6NEzD,2026-08-10,158.0,6.583333333333333,0.06397959615814292,0.017204971574521777,0.006780349108390663,0.0005111182829930503,0.0003110519836500563,0.0011974771201551462,0.08796491684105535,0.26891341314495054,0.841897233201581,208032.30379746837,尾部低播放,0
被困在1000米高空缆车上该如何生存？！「缆车末日惊变100天」,时空小涵,单机游戏,3442635,85113,899,1487,76724,9026,565,1315,2026-08-05 02:02:07,BV1fDMB6cEuw,2026-08-10,117.96472222222222,4.915196759259259,0.02472321346875286,0.0026218289188368795,0.022286417235634914,0.00026113718125796083,0.0004319365834600531,0.0001641184732043914,0.049631459623224655,0.10604725482593728,1.1307984790874526,700406.3455882526,腰部普通,0
当王者英雄都升到100级，到底谁最逆天？,尴尬的铁根er,网络游戏,582535,30516,713,844,2483,1413,165,262,2026-08-07 12:31:37,BV1t4uh6tE4K,2026-08-10,59.473055555555554,2.4780439814814814,0.05238483524595089,0.0024256053284352013,0.004262404834044307,0.001223960792055413,0.0014488399838636305,0.0002832447835752358,0.05907284540843039,0.04630357845064884,3.2213740458015265,235078.55564844958,尾部低播放,0
晚上12点的食物，味道绝对比白天的要好,凉湉子的日常,美食记录,755074,51119,868,3453,8826,1040,1045,121,2026-08-06 13:10:23,BV1hMup6BEVR,2026-08-10,82.82694444444445,3.4511226851851853,0.0677006492078922,0.0013773484453179423,0.011688920556130923,0.0011495562024384366,0.004573061713156591,0.0013839703128435093,0.08076691820934107,0.020344685928910974,28.537190082644628,218790.83094940253,尾部低播放,0
自制短剧《全民围棋：我觉醒了金铲铲业余玩家》第一集,明月漫剧呀,桌游棋牌,2419401,134112,8225,1929,29913,10673,16617,122,2026-08-03 08:51:31,BV1gRMX6RE1P,2026-08-10,159.14138888888888,6.630891203703704,0.05543190235930298,0.004411422496725429,0.012363804098617799,0.0033996018022642797,0.000797304787424656,0.006868228954191554,0.07220712895464622,0.07958273681698878,15.811475409836065,364868.1490428672,腰部普通,0
小企鹅的深夜食堂，但是来的是尼古喵们和土方十四郎【6】,拉菲RaffyyOvO,同人·手书,78038,10517,184,731,2473,574,189,269,2026-08-08 14:09:35,BV1PHu36cE1J,2026-08-10,33.84027777777778,1.4100115740740742,0.13476767728542505,0.0073553909633768165,0.0316896896383813,0.002357825674671314,0.009367231348830057,0.002421897024526513,0.17381275788718317,0.054578301797090424,2.717472118959108,55345.64498255694,尾部低播放,0
格莱美唱作人锐评《歌手2026》歌王之战 REACTION｜张远 齐豫 胡彦斌 尤长靖 窦靖童 万妮达 艾略特 毛阿敏 龚琳娜  韩磊 韦礼安 欧阳娜娜 吴碧霞,JKAI杰凯,乐评盘点,271930,7389,1337,8187,1062,3772,164,5316,2026-08-08 03:10:35,BV1Z2uM6LEiP,2026-08-10,44.82361111111111,1.867650462962963,0.027172434082300592,0.013871216857279448,0.003905416835214945,0.004916706505350641,0.03010701283418527,0.0006030963850991064,0.04494906777479499,0.5104885640817431,1.5400677200902935,145600.0495770458,尾部低播放,0
我做老银币,壹根甘蔗,单机游戏,181857,21161,361,342,4407,1190,362,390,2026-08-08 02:00:00,BV1KkM66LEge,2026-08-10,46.0,1.9166666666666667,0.11636065699973056,0.006543602940772145,0.024233326184859533,0.001985076186234239,0.0018805984922219106,0.0019905750122348877,0.14713758612536224,0.05623552762156798,0.8769230769230769,94881.91304347826,尾部低播放,0
当瞳孔可以像细胞一样分裂 | Live2d,石心心Sxx,绘画,3460650,248889,2067,447,63460,6006,3664,60,2026-08-05 02:00:00,BV1GnMB6QEBH,2026-08-10,118.0,4.916666666666667,0.07191972606302284,0.001735512114776126,0.018337595538410415,0.0005972866369034718,0.00012916648606475662,0.0010587606374525018,0.09199283371620938,0.024131239227125345,7.45,703861.0169491525,腰部普通,0
“素昧平生聚微光 同舟共济护通途”,晨曦小晨,影视剪辑,4456003,112983,1642,927,53277,19078,123,74,2026-08-06 00:14:13,BV1RsMk6vEXL,2026-08-10,95.76305555555555,3.990127314814815,0.025355234276099006,0.004281415429926775,0.011956230729647174,0.0003684916729185326,0.0002080339712518147,2.760321301399483e-05,0.041592880435672955,0.16885726171193896,12.527027027027026,1116757.097813759,腰部普通,0
一个匿名歌手的互联网奇迹,HPSLab,乐评盘点,1239989,79594,540,361,69139,7182,427,339,2026-08-05 11:27:17,BV1A9My6WEW1,2026-08-10,108.54527777777778,4.522719907407407,0.06418927909844362,0.005791986864399604,0.055757752689741605,0.00043548773416538373,0.00029113161487722875,0.0003443578934974423,0.12573901865258483,0.0902329321305626,1.064896755162242,274168.86859810166,腰部普通,0
赖伟明——1度帅哥,十一的看脸日记,美妆护肤,470997,29164,1188,1233,1310,889,852,131,2026-08-07 03:37:31,BV1vyu468Eaf,2026-08-10,68.37472222222222,2.848946759259259,0.06191971498756892,0.0018874854829223965,0.0027813340636989197,0.0025223090592933714,0.00261785106911509,0.0018089287192912056,0.06658853453419024,0.03048278699766836,9.412213740458014,165323.20180053546,尾部低播放,0
自创诗《娶奥特之母》，雄心壮志！,芒小呆-,日常,457971,64249,6768,1019,15571,2560,29452,60,2026-08-06 10:43:34,BV1CBuJ6nEuq,2026-08-10,85.27388888888889,3.553078703703704,0.14029054241425767,0.005589873594616253,0.03399996943037878,0.01477822831576672,0.0022250317159820164,0.06430974887056168,0.1798803854392527,0.03984497813195536,16.983333333333334,128894.133282951,尾部低播放,0
😨什么叫要一事无成的我来硬刚鬼差！！！！！？【快克使命必达#02】,快克感冒药,预告·资讯,124028,9235,133,237,2319,1027,1354,322,2026-08-07 10:30:00,BV158ut6fERa,2026-08-10,61.5,2.5625,0.07445899313058342,0.00828038829941626,0.01869739091172961,0.001072338504208727,0.0019108588383268295,0.010916889734576064,0.10143677234172929,0.11120736329182458,0.7360248447204969,48401.170731707316,尾部低播放,0
【青鬼2：重置版】新隐藏结局/无伤完全攻略,青霧,单机游戏,97341,12006,769,1640,3383,5273,263,2667,2026-08-08 23:56:14,BV1DLu76tEyC,2026-08-10,24.06277777777778,1.0026157407407408,0.1233395999630166,0.05417039068840468,0.03475411183365694,0.007900062666296833,0.01684798800094513,0.002701841978200347,0.21226410248507824,0.43919706813260034,0.6149231346081739,97087.04545979267,尾部低播放,0
香港迪士尼的94倍？！我来到了迪士尼的祖师爷 太大了！,业余背包客Ar,出行,345249,7814,510,1590,4862,2824,1312,1389,2026-08-07 10:00:00,BV1xsu46VEYx,2026-08-10,62.0,2.5833333333333335,0.022632940283679317,0.008179603706310518,0.014082589667167755,0.001477194720332282,0.004605371775153585,0.003800155829560694,0.04489513365715759,0.36140261069874585,1.144708423326134,133644.7741935484,尾部低播放,0
《瑞莫》衍生剧里“阴谋论”数量爆炸！但我都整理出来了，快表扬我（总统柯蒂斯·第一季第二集彩蛋）,安迪视频,动漫杂谈,240993,13937,392,765,1718,1313,112,682,2026-08-08 10:00:09,BV15Lug6LEe9,2026-08-10,37.9975,1.5832291666666667,0.057831555273389686,0.005448291029200018,0.007128837767072072,0.0016266032623354204,0.0031743660604249915,0.0004647437892386916,0.07040868406966178,0.09420965774556934,1.1217008797653958,152216.11948154483,尾部低播放,0
三伏天极速高速救援！热坏了,南京卖胎翁,汽车生活,1004035,32694,708,406,1267,636,161,271,2026-08-05 10:44:06,BV1PUMy6oEZ3,2026-08-10,109.265,4.552708333333333,0.03256260986917787,0.0006334440532451558,0.0012619082004113403,0.0007051547007823432,0.00040436837361247364,0.0001603529757428775,0.03445796212283436,0.019453110662506882,1.4981549815498154,220535.76168031848,尾部低播放,0
【科学修仙】请注意盗车...【up动画】,么鸣堂,小剧场,1022137,42830,698,1448,14742,6365,1230,496,2026-08-06 09:00:00,BV1q2u76TEj7,2026-08-10,87.0,3.625,0.0419024064288838,0.006227149589536432,0.014422724155372518,0.0006828830186168781,0.0014166398437782802,0.0012033611932646994,0.06255228017379275,0.14861078683166004,2.9193548387096775,281968.8275862069,腰部普通,0
胖龙带儿子吃一个倒闭一个的旋转小火锅，二百多样的菜品，真丰盛,胖龙的小生活,美食记录,819189,17379,732,784,2537,1819,213,311,2026-08-07 09:00:00,BV1z9uW6dEzf,2026-08-10,63.0,2.625,0.021214884477208557,0.002220488800508796,0.003096965413353939,0.000893566686076107,0.0009570441009339725,0.00026001325701394915,0.02653233869107129,0.10466655158524656,2.5209003215434085,312072.0,腰部普通,0
河南精神病人结婚后，老婆竟然离奇失踪！,峰哥亡命天涯,出行,201836,6563,1393,1949,2170,2208,1134,1835,2026-08-08 11:37:14,BV1yFuG6PEZ8,2026-08-10,36.379444444444445,1.5158101851851853,0.032516498543371845,0.010939574704215303,0.010751303038110149,0.006901642918012644,0.009656354664182801,0.005618422877980142,0.0542073762856973,0.336431509980192,1.062125340599455,133153.8750515401,尾部低播放,0
安洁莉娜：要不你还是在披萨上放菠萝吧,不会画画的阿云,同人·手书,643674,48987,1450,643,10556,14049,5434,115,2026-08-07 03:15:00,BV1fLux68EEz,2026-08-10,68.75,2.8645833333333335,0.07610529553780329,0.02182626609122009,0.01639960601173886,0.002252693133480613,0.0009989528860882993,0.008442161715402517,0.11433116764076225,0.2867903729560904,5.591304347826087,224700.7418181818,尾部低播放,0
《长枪兵克制骑兵？？》Bro真以为游戏可以当真啊！！,长欢与大头,人文历史,665836,75275,5915,562,4124,5483,264,103,2026-08-07 11:01:00,BV141ut6UEJo,2026-08-10,60.983333333333334,2.5409722222222224,0.11305336449215722,0.00823476051159745,0.006193717371845319,0.008883568926882896,0.0008440516884037511,0.0003964940315633279,0.1274818423756,0.07283958817668548,5.456310679611651,262039.85788466793,腰部普通,0
【TF家族练习生】《突围II破局》EP06：加更,TF家族,明星综合,1917314,64103,3299,522919,26861,5899,1233,3366,2026-08-05 11:00:00,BV1xmMy6tEui,2026-08-10,109.0,4.541666666666667,0.033433751592070994,0.00307670000844932,0.014009703157646583,0.0017206362651083756,0.2727351910015782,0.0006430871521305326,0.050520154758166895,0.09202377423833517,155.35323826500297,422160.88073394494,腰部普通,0
何为张力,一颗附魔的金苹果,搞笑,1536176,115813,1377,268,37194,723,1952,15,2026-08-05 06:26:09,BV1oNMC6TEno,2026-08-10,113.56416666666667,4.731840277777778,0.07539045005259815,0.0004706491964462405,0.02421206945037548,0.0008963816646009312,0.00017445917655268666,0.0012706877336971804,0.10007316869941986,0.006242822481068619,17.866666666666667,324646.63002560963,腰部普通,0
【2026·8月电脑配置推荐】爆肝一个月！教你装机不花冤枉钱！学生党直接抄作业，从2千-5万预算，共计28套台式电脑配置，小白必看攻略！电脑装机！建议收藏！,古一搞机研究所,数码,1812782,57370,2664,829,9651,3049,1571,3175,2026-08-03 09:21:36,BV1KAM96JEma,2026-08-10,158.64,6.609999999999999,0.03164748988019519,0.001681945209076436,0.0053238613357811364,0.0014695644594882342,0.0004573081595029077,0.0008666237859819879,0.03865329642505277,0.05314624368136657,0.26110236220472444,274248.41149773076,腰部普通,0
【影Sir】伊藤润二改编！头悬梁把头勒断了，只好24小时抱着头，大结局逃离《聪明镇》,我是影Sir,影视杂谈,178586,7276,339,1021,1499,1636,97,1703,2026-08-08 03:00:00,BV17Tuh6GEU8,2026-08-10,45.0,1.875,0.04074227543032489,0.009160852474438087,0.008393715072850055,0.0018982451031995789,0.0057171334819078766,0.0005431556784966347,0.05829684297761303,0.22484881803188564,0.5995302407516148,95245.86666666667,尾部低播放,0
S10宝藏月大坝核电站全点位攻略！最阴间的点位！,小普-三角洲重生版,网络游戏,586434,33780,262,252,60231,2603,981,161,2026-08-08 02:05:00,BV1U2u86REck,2026-08-10,45.916666666666664,1.9131944444444444,0.05760239003877674,0.004438692163141973,0.10270721001851871,0.00044676809325516596,0.00042971587595535047,0.0016728225171119,0.16474829222043744,0.0770574304322084,1.565217391304348,306520.85662431945,腰部普通,0
闺蜜你怎么去韩国后就不笑了。。,nya酱的一生,日常,1971777,48094,2829,7236,11392,18894,5233,1059,2026-08-04 10:29:29,BV1Qxuc62E1y,2026-08-10,133.50861111111112,5.562858796296297,0.024391196367540547,0.009582219490337903,0.005777529609078512,0.0014347464241645988,0.0036697861877889844,0.0026539512328219673,0.03975094546695696,0.3928556576703955,6.8328611898017,354453.9008095607,腰部普通,0
70亿token，做了个AI德国军官监督我学习【B站AI创造公开赛】,叛逆蓝牙,计算机技术,392425,25531,455,238,15060,3198,1429,180,2026-08-07 13:59:06,BV1qAub6KEkJ,2026-08-10,58.015,2.417291666666667,0.06505956552207429,0.008149327897050392,0.038376759890424925,0.0011594572211250558,0.0006064853156654138,0.0036414601516213288,0.1115856533095496,0.12525948846500332,1.3222222222222222,162340.7739377747,尾部低播放,0
你是说我们在偷吃大赛被发现会死是吗？,时空小涵,单机游戏,3345605,43551,425,1399,23422,3723,612,2006,2026-08-06 09:00:37,BV1Bru766EmG,2026-08-10,86.98972222222223,3.6245717592592595,0.013017376528311022,0.0011128032149641095,0.007000826457397092,0.000127032330475355,0.00041816054196475676,0.00018292655588451117,0.021131006200672226,0.08548598195219398,0.69740777666999,923034.5602769165,腰部普通,0
19岁｜悠哈酱你还有多少长裙是我不知道的。,悠哈酱Yo,宅舞,522464,87215,997,116,30364,1618,1179,63,2026-08-07 16:25:39,BV1mkuN6HE6N,2026-08-10,55.5725,2.3155208333333333,0.16693016169535127,0.003096864090157408,0.058116922888466954,0.0019082654498683163,0.00022202486678507994,0.0022566148098242178,0.2281439486739756,0.01855185461216534,1.8412698412698412,225635.62913311442,尾部低播放,0
线下真实“混的入”,螃蟹账号,日常,362716,11929,1863,1214,2058,1027,513,615,2026-08-07 10:18:57,BV1iuub6wEWu,2026-08-10,61.68416666666667,2.570173611111111,0.032887989501428114,0.0028314163146924867,0.005673860541029346,0.005136249848366215,0.003346971184066873,0.001414329668390697,0.041393266357149947,0.08609271523178808,1.9739837398373983,141125.09693195173,尾部低播放,0
当代妈妈的蜜汁操作（妈妈用心良苦的教会了孩子怎么打爹！）,萧枭同学,搞笑,1023646,53340,643,417,3757,740,496,169,2026-08-05 09:30:00,BV1uiM66JEcH,2026-08-10,110.5,4.604166666666667,0.0521078575992091,0.0007229061609189114,0.0036702141169896625,0.0006281468398254865,0.00040736739067998115,0.00048454250785916225,0.05650097787711768,0.013873265841769778,2.467455621301775,222330.35294117645,尾部低播放,0
《人民的律师》第11集 双律之争,喂剧场AI漫,影视剪辑,152267,11521,422,121,1968,507,111,158,2026-08-08 09:11:09,BV1eeuu6VED5,2026-08-10,38.814166666666665,1.6172569444444445,0.07566314434513059,0.003329677474436352,0.012924665226214478,0.002771447523100869,0.0007946567542540405,0.0007289826423322191,0.09191748704578143,0.04400659664959639,0.7658227848101266,94151.39661206174,尾部低播放,0
“致那个失去了奇迹，却背负责任的大人。”,余翅link,综合,103899,20546,611,620,8247,4308,484,328,2026-08-07 09:20:31,BV1HZut66EFF,2026-08-10,62.658055555555556,2.610752314814815,0.1977497377260609,0.04146334420928017,0.07937516241734761,0.005880711075178779,0.005967333660574212,0.004658370147932126,0.3185882443526887,0.20967584931373504,1.8902439024390243,39796.574883960115,尾部低播放,0
我最爱吃铜锅涮肉啦！,邢三狗子,日常,2050121,92269,846,751,11709,1492,610,246,2026-08-06 08:30:00,BV1EnMk6MEJC,2026-08-10,87.5,3.6458333333333335,0.0450066118048642,0.0007277619223450714,0.005711370206929249,0.0004126585699088005,0.00036631984160934893,0.0002975434132912155,0.05144574393413852,0.016170111304988674,3.0528455284552845,562318.9028571428,腰部普通,0
万岁山中医NPC是“真郎中”，现场给游客点穴缓解腰痛：“能把到很多稀奇古怪的脉”,大象新闻,社会,2134397,91362,1660,120,3444,854,1468,50,2026-08-06 11:38:46,BV1gpuJ6aEmz,2026-08-10,84.35388888888889,3.5147453703703704,0.04280459539626415,0.00040011300615583697,0.0016135704838415722,0.0007777372250804325,5.622196807810356e-05,0.0006877820761554669,0.04481827888626155,0.009347431098268426,2.4,607269.3111692143,腰部普通,0
哥伦比娅：很凶很凶的桑多涅,殷秋染,同人·手书,384117,61313,579,147,18556,4465,1608,75,2026-08-08 04:00:00,BV1Piuh6pETF,2026-08-10,44.0,1.8333333333333333,0.15962063642067392,0.011624062460135844,0.048308197762660855,0.0015073532283132482,0.00038269589734377807,0.004186224509719695,0.2195528966434706,0.07282305546947629,1.96,209518.36363636365,尾部低播放,0
今日吃帝王蟹 蛋白质丰富 满足一下呦呦对蟹肉的想像,一个被磨平的90后,亲子,600741,55076,2299,670,3341,6887,413,167,2026-08-07 02:50:56,BV1NHus6BEdA,2026-08-10,69.1511111111111,2.8812962962962962,0.09168010839946,0.011464175077113099,0.005561464924152005,0.003826940395278498,0.0011152892844004322,0.0006874842902348932,0.10870574840072511,0.1250453918222093,4.0119760479041915,208496.77999871457,尾部低播放,0
当“扎球王”变成“蛙球王”...,英超联赛,足球,1003026,76295,2676,865,7257,1881,25486,16,2026-08-07 11:50:54,BV1XJuh6AEtC,2026-08-10,60.151666666666664,2.5063194444444443,0.07606482783098345,0.001875325265745853,0.007235106567526664,0.0026679268533417876,0.0008623904066295391,0.02540911202700628,0.08517525966425596,0.024654302378923913,54.0625,400198.78640104184,腰部普通,0
发现了大虾最好吃的做法,舌尖上的老六,美食制作,1246361,37948,827,174,12005,872,2218,34,2026-08-06 09:00:00,BV1zJMy62E33,2026-08-10,87.0,3.625,0.03044703741532349,0.0006996367826015095,0.009632040797168718,0.0006635316734076242,0.00013960642221635627,0.0017795807153786103,0.040778714995093716,0.02297881311268051,5.117647058823529,343823.724137931,腰部普通,0
小傻龙：“今天撞见一个小偶像~”,小陈的脚凑凑的,日常,202329,30609,481,191,4404,2281,582,52,2026-08-08 23:43:13,BV1geu56UEyC,2026-08-10,24.279722222222222,1.0116550925925927,0.15128330590276234,0.011273717559025152,0.02176652877244488,0.00237731615339373,0.0009440070380420009,0.00287650312115416,0.18432355223423236,0.07452056584664642,3.673076923076923,199998.00473646272,尾部低播放,0
这是一个快乐的世界,白蚀void,单机游戏,170014,14849,1224,1683,3741,1685,107,519,2026-08-08 12:00:00,BV1WcuG6YEnZ,2026-08-10,36.0,1.5,0.08733986612867176,0.009910948510122695,0.022004070253037984,0.007199407107649958,0.009899184773018693,0.0006293599350641712,0.11925488489183243,0.11347565492625766,3.2427745664739884,113342.66666666667,尾部低播放,0
我砸了2000个存钱罐！,名游社,单机游戏,343017,14103,194,396,2481,796,97,705,2026-08-08 03:45:00,BV1SzuN6WEQ9,2026-08-10,44.25,1.84375,0.04111458032692257,0.0023205846940530643,0.007232877670785996,0.0005655696364903197,0.0011544617322173537,0.00028278481824515984,0.05066804269176163,0.05644189179607176,0.5617021276595745,186043.11864406778,尾部低播放,0
应急车道正确使用方法，避免违章罚款,长春汽车陪练魏教练,汽车生活,994801,35295,1177,613,8452,535,619,83,2026-08-03 10:04:12,BV1kbMX6kEdC,2026-08-10,157.93,6.580416666666667,0.035479457700585346,0.0005377960014113375,0.00849617159612827,0.0011831512031049425,0.000616203642738598,0.0006222349997637718,0.04451342529812495,0.015157954384473721,7.385542168674699,151175.98936237572,尾部低播放,0
【我们一致认为大象应该长这样】恐怖寓言两则,一盏惊蛰,同人·手书,864871,31724,1822,2544,18255,976,1817,160,2026-08-06 00:30:00,BV1YoM16gEo3,2026-08-10,95.5,3.9791666666666665,0.036680614796888784,0.0011284919947599122,0.021107194020842414,0.0021066725557915573,0.002941479133882394,0.0021008913468020087,0.058916300812491114,0.030765351153700667,15.9,217349.78010471206,尾部低播放,0
许愿柳，丁猫……不笨…不笨,沒有你的地獄,同人·手书,463487,58629,473,53,7847,841,564,25,2026-08-07 11:48:04,BV1L5uh6qE4f,2026-08-10,60.19888888888889,2.508287037037037,0.12649545726201597,0.001814506124227864,0.016930356191220033,0.0010205248475146013,0.00011435056430924708,0.0012168626088757614,0.1452403195774639,0.01434443705333538,2.12,184782.28095756657,尾部低播放,0
【RAY】完结！歌王之夜！你真的看懂歌手2026了吗？,阿张RayZhang,乐评盘点,208329,7190,1062,3496,1237,2188,281,2249,2026-08-08 09:40:31,BV1hCuu6TEpr,2026-08-10,38.32472222222222,1.5968634259259258,0.034512717864531584,0.010502618454463852,0.005937723504648897,0.005097706032285472,0.016781149047900196,0.001348828055623557,0.050953059823644335,0.3043115438108484,1.5544686527345486,130461.37610622677,尾部低播放,0
当代学生精神状态系列并驾七区篇1.0,碧月狐,单机游戏,568949,59304,863,1343,7452,3626,615,83,2026-08-08 03:45:00,BV1DRuP6WEZJ,2026-08-10,44.25,1.84375,0.10423429868054958,0.006373154711582233,0.013097834779567236,0.0015168319128779557,0.0023604927682446056,0.00108094047093852,0.12370528817169904,0.061142587346553354,16.180722891566266,308582.5084745763,腰部普通,0
【异环】1.3夏活省流 方斯又有难了！残虹+灵可前瞻 新别墅＋新泳装＋水上摩托！都市玩法大减负！新增沙滩排球、吸血鬼幸存者玩法？,叫我棉被,手机游戏,150359,23063,1313,684,3453,1779,662,448,2026-08-08 15:27:09,BV1zju56cEMy,2026-08-10,32.5475,1.3561458333333334,0.1533862289586922,0.011831682839071822,0.022965037011419335,0.00873243370865728,0.004549112457518339,0.00440279597496658,0.18818294880918335,0.07713653904522395,1.5267857142857142,110872.29433904293,尾部低播放,0
【HP】全方位还原霍格沃茨的战斗！拉文克劳冠冕背后到底有多少不为人知的秘密！？|《死亡圣器》原著细节盘点【哈利波特十级学者】,唱唱反调呗,影视杂谈,148737,13337,772,2273,3604,7524,236,1656,2026-08-08 12:00:00,BV1Yquu63ErU,2026-08-10,36.0,1.5,0.08966834076255403,0.05058593356058008,0.024230689068624484,0.005190369578517787,0.015282007839340582,0.0015866932908422248,0.1644849633917586,0.564144860163455,1.372584541062802,99158.0,尾部低播放,0
网吧都进化成这样了，发展的确实太快我有点儿跟不上了感觉#日常vlog,演员王宁,美食记录,1106146,49665,4451,3233,7462,2543,13618,431,2026-08-06 08:30:00,BV1fPuJ6CEkH,2026-08-10,87.5,3.6458333333333335,0.044899136280382515,0.0022989731916040015,0.006745944929512017,0.004023881115151165,0.0029227606482326927,0.0123112138903906,0.053944054401498534,0.05120306050538609,7.5011600928074245,303400.0457142857,腰部普通,0
地球上就没有会拍照的男朋友…,嘉俊和果果,数码,1330384,73622,4502,1245,5916,913,7749,74,2026-08-05 10:39:46,BV1NDMy6xE6S,2026-08-10,109.33722222222222,4.555717592592592,0.055338909668186026,0.0006862680248710147,0.004446836402121492,0.00338398537565094,0.0009358200339150201,0.005824634090608426,0.060472014095178536,0.012401184428567547,16.824324324324323,292025.125122582,腰部普通,0
爻老板，这个凶是何意【狸狸周刊第02集】,狸狸周刊jump,同人·手书,206052,15983,127,48,4401,1231,143,147,2026-08-08 09:00:00,BV1RFu365EwL,2026-08-10,39.0,1.625,0.07756779841981636,0.005974220099780638,0.021358686156892435,0.0006163492710577912,0.0002329509055966455,0.0006939995729233398,0.10490070467648943,0.07701933304135644,0.32653061224489793,126801.23076923077,尾部低播放,0
时隔两年远嫁北欧挪威的我终于又拖家带口地回国了，我们一家五口辗转了30个小时跨越半个地球才顺利回家,挪威小熊一家,亲子,290123,23387,1234,2063,1359,7594,204,1524,2026-08-07 13:29:05,BV16Puh6VEqP,2026-08-10,58.515277777777776,2.438136574074074,0.08061063755717403,0.026175105041654746,0.004684220141112563,0.004253368398920458,0.007110777153138496,0.0007031500432575149,0.11146996273994134,0.3247103091461068,1.3536745406824147,118993.74427381263,尾部低播放,0
《外国人也想飞》,麦克阿瑟MacArthur,搞笑,2732185,191680,3117,600,18335,3551,13422,27,2026-08-05 11:30:17,BV1woMy6HESL,2026-08-10,108.49527777777777,4.520636574074074,0.07015630347139744,0.0012996923707582026,0.006710746161039607,0.0011408451477480479,0.00021960445577440767,0.004912551675673499,0.07816674200319525,0.018525667779632722,22.22222222222222,604380.5900410413,腰部普通,0
被迫出差 上门喂养阿姨给我拍的视频3,喵君是个大聪明,小宠异宠,716338,65829,1672,1305,4860,5563,3606,134,2026-08-06 09:44:06,BV1tKun6wEQk,2026-08-10,86.265,3.594375,0.09189656279577518,0.007765887053318405,0.006784506755190985,0.0023340936820327833,0.0018217657027827646,0.005033936493666398,0.10644695660428458,0.08450682829755883,9.738805970149254,199294.1749260998,尾部低播放,0
当黑鹰小刀用上北极星动作：变成弹簧黑鹰了,XM25,电子竞技,1464133,91727,2188,2237,6933,783,3852,56,2026-08-05 10:05:00,BV1UsM16wEaQ,2026-08-10,109.91666666666667,4.579861111111112,0.06264936313845805,0.0005347874817383393,0.004735225556694644,0.0014943997573990887,0.0015278666623865455,0.002630908530850681,0.06791937617689103,0.00853619981030667,39.94642857142857,319689.3889310083,腰部普通,0
你的干员好像有点去世！【三角洲动画】,某门卫,同人·手书,234229,33205,187,105,6602,1230,81,131,2026-08-08 08:42:07,BV1gtug6TEKv,2026-08-10,39.29805555555556,1.6374189814814815,0.14176297554956901,0.005251271191867787,0.028186091389196043,0.0007983639942107937,0.00044827924808627455,0.00034581541995226895,0.17520033813063285,0.03704261406414697,0.8015267175572519,143047.68825146847,尾部低播放,0
“我们捐钱买的物资，咋就成了你们的”，308名网友众筹16万救灾物资，被运输企业途中私换成商业横幅？涉事企业回应：非刻意引流营销（来源：澎湃新闻）,洛阳网,社会,1498807,73355,1693,578,2554,601,690,37,2026-08-07 02:58:49,BV1Fjut6BEuw,2026-08-10,69.01972222222223,2.8758217592592596,0.04894225874312036,0.0004009855838677028,0.0017040219321100049,0.0011295650474010329,0.00038564004571635976,0.00046036614454029106,0.05104726625909807,0.008193033876354713,15.621621621621621,521175.20676457207,腰部普通,0
你一句AI否定了小猫全部努力💥,枪弹轨迹,音MAD,1806623,74102,1853,410,13877,6194,6848,61,2026-08-05 13:00:00,BV1TmMy6tEpK,2026-08-10,107.0,4.458333333333333,0.04101685852554739,0.0034284961499991976,0.007681181962147055,0.0010256705466497437,0.0002269427545204506,0.0037904975194049894,0.05212653663769364,0.08358748751720602,6.721311475409836,405223.85046728974,腰部普通,0
在北极海边露营，用水下机器人抓帝王蟹,蜀犬吠日SCFR,出行,405600,24563,1337,2835,5616,19877,1782,1113,2026-08-07 08:30:00,BV15hMy6uERH,2026-08-10,63.5,2.6458333333333335,0.06055966469428008,0.049006410256410254,0.013846153846153847,0.0032963510848126234,0.006989644970414201,0.004393491124260355,0.12341222879684419,0.8092252575011196,2.547169811320755,153297.63779527557,尾部低播放,0
《外 卖 逆 天 评 价》5,铃乃Chan,同人·手书,2549060,127473,959,263,7564,882,990,57,2026-08-04 09:20:00,BV144Mo68EzB,2026-08-10,134.66666666666666,5.611111111111111,0.050007846029516766,0.00034600990168925016,0.0029673683632397826,0.00037621711532878784,0.000103175288145434,0.0003883784610797706,0.053321224294445795,0.006919112282601021,4.614035087719298,454287.92079207924,腰部普通,0
Bro小时候的歌品.,GkTz1,音乐综合,217156,28408,1131,1512,18375,1613,473,451,2026-08-07 13:45:52,BV15Yu86vEFf,2026-08-10,58.23555555555556,2.4264814814814817,0.13081839783381533,0.007427839893901158,0.08461658899592919,0.005208237396157601,0.006962736465950745,0.0021781576378271843,0.22286282672364569,0.05677978034356519,3.352549889135255,89494.19216973211,尾部低播放,0
无限暖暖你变了，说好的轻松愉快呢......,疯狂一秒zz,网络游戏,168347,8239,465,953,993,1245,139,459,2026-08-07 11:17:26,BV18iut6RE2c,2026-08-10,60.70944444444444,2.529560185185185,0.04894058106173558,0.007395439182165408,0.005898531010353615,0.0027621519837003334,0.005660926538637457,0.000825675539213648,0.0622345512542546,0.15111057167131933,2.076252723311547,66551.88557518966,尾部低播放,0
干员们，出了特勤处可没有人会惯着你,啊Pro派,影视剪辑,579553,71872,550,3786,18212,23788,452,94,2026-08-06 11:13:31,BV1YZuJ6qEHa,2026-08-10,84.77472222222222,3.532280092592593,0.12401281677430709,0.04104542638895839,0.03142421831998109,0.0009490072521408741,0.006532620830191544,0.000779911414486682,0.19648246148324658,0.3309772929652716,40.276595744680854,164073.34209293258,尾部低播放,0
你的城府太深了！,ENX叉叉酱,同人·手书,168432,20722,733,295,1217,586,305,141,2026-08-08 11:00:00,BV1Mbug6iEEP,2026-08-10,37.0,1.5416666666666667,0.12302887812292201,0.003479148855324404,0.007225467844590102,0.0043519046261992975,0.0017514486558373706,0.0018108197967132136,0.13373349482283653,0.028279123636714604,2.0921985815602837,109253.18918918919,尾部低播放,0
富冈义勇（四个）：《拼接乌托邦》【B萌应援】,鬼灭歌曲屋,日常,443367,22662,286,193,20327,1372,131,111,2026-08-04 08:35:19,BV1NBuc6zEsR,2026-08-10,135.4113888888889,5.642141203703704,0.05111341168828533,0.003094501846100409,0.0458468943335882,0.0006450637959072281,0.0004353052888464861,0.00029546628413932473,0.10005480786797394,0.060541876268643546,1.7387387387387387,78581.33711878001,尾部低播放,0
骗术最高的境界，就是瞒天过海,萧落AI,影视剪辑,271023,26835,243,25,5106,1507,913,28,2026-08-07 23:00:00,BV1qWuN6eEgY,2026-08-10,49.0,2.0416666666666665,0.09901373684152268,0.005560413691826893,0.01883972946945462,0.0008966028713430225,9.224309375957022e-05,0.0033687177840995043,0.12341388000280419,0.05615800260853363,0.8928571428571429,132745.9591836735,尾部低播放,0
当你救了一群乌鸦，那你就是它们老大了！,梨子的小可爱们,小宠异宠,571115,31349,1848,711,6759,1651,1066,151,2026-08-07 11:25:19,BV1Tyut6JEY5,2026-08-10,60.57805555555556,2.5240856481481484,0.054890871365661904,0.0028908363464451117,0.011834744315943373,0.003235775631877993,0.001244933157069942,0.0018665242551850329,0.06961645202805039,0.05266515678331047,4.708609271523179,226266.09379083916,尾部低播放,0
这是碳基生物能玩的武器吗？,著名神经哥,单机游戏,409664,16545,496,214,1855,841,430,211,2026-08-08 10:34:04,BV1q5uG69ER5,2026-08-10,37.43222222222222,1.5596759259259259,0.04038675597562881,0.002052901890329636,0.00452810107795657,0.0012107483205749101,0.0005223793157319169,0.0010496406811435714,0.046967758943915014,0.05083106678754911,1.014218009478673,262659.69307489094,腰部普通,0
我最爱吃黄焖鸡了！,邢三狗子,搞笑,3545664,194453,2396,1365,21725,2744,1430,248,2026-08-05 08:17:21,BV1zEMk6zEJk,2026-08-10,111.71083333333333,4.654618055555555,0.054842478023862384,0.0007739029981408278,0.0061272021263154095,0.0006757549502716557,0.0003849772567282179,0.00040330950704860923,0.06174358314831862,0.01411137909931963,5.504032258064516,761751.8682909,腰部普通,0
乡土中国,夏摇柳ex,日常,421818,48458,2198,579,11662,9756,2361,278,2026-08-06 15:57:48,BV1mauH6AEYR,2026-08-10,80.03666666666666,3.334861111111111,0.1148789288271245,0.023128458245025105,0.02764699467542874,0.005210778108094012,0.0013726299019956474,0.0055972006884485725,0.16565438174757835,0.2013289859259565,2.08273381294964,126487.42659614344,尾部低播放,0
限时返场《畅安青岛》云泥之别,交通故事会-蛇王,汽车生活,494677,41145,1062,838,4331,1050,1171,348,2026-08-08 03:30:00,BV1bPu86sEvx,2026-08-10,44.5,1.8541666666666667,0.08317548622636589,0.0021225971694661364,0.00875520794376937,0.002146855422831464,0.0016940346933453547,0.0023672012242331865,0.0940532913396014,0.025519504192489974,2.4080459770114944,266792.08988764044,腰部普通,0
历届最烂！收视率垫底！完结锐评《歌手2026》！,LexBurner,影视杂谈,1025645,18516,1501,2769,2302,1278,942,367,2026-08-08 09:16:57,BV1Lauu61EpM,2026-08-10,38.7175,1.6132291666666667,0.01805303004450858,0.00124604517157496,0.0022444413027899518,0.0014634693290563499,0.0026997645384124135,0.0009184464410200411,0.021543516518873488,0.06902138690861957,7.544959128065395,635771.4211919674,腰部普通,0
回归我荒废6年的游戏服务器,野兽游戏MrBeast,单机游戏,2349661,73842,1399,1964,39400,9216,1305,1185,2026-08-07 10:05:00,BV1Yuu46WENa,2026-08-10,61.916666666666664,2.579861111111111,0.0314266611226045,0.0039222679356724225,0.016768376374293993,0.0005954050392801345,0.0008358652588607463,0.0005553992682348645,0.05211730543257091,0.12480702039489722,1.6573839662447258,910770.3472409152,腰部普通,0
我变成赖泽平最痛恨的人！【如是书院】,温柔JUNZ,社科·法律·心理,1859713,395225,13606,5570,42625,138732,2919,101,2026-08-07 08:50:23,BV1rvub65EZe,2026-08-10,63.16027777777778,2.6316782407407406,0.21251935110417575,0.07459860741953193,0.022920203278677945,0.007316182658291898,0.0029950858008735756,0.0015695970292190246,0.31003816180238564,0.3510203048896198,55.148514851485146,706664.2765099372,腰部普通,0
囊 里 有 根 线 ？,快乐阿依,鬼畜剧场,4031021,186203,2668,836,17616,3476,4638,96,2026-08-06 03:33:47,BV1AcMS6NEYQ,2026-08-10,92.43694444444445,3.851539351851852,0.0461925154942135,0.0008623125505920213,0.004370108714392706,0.0006618670555176964,0.00020739162609175195,0.0011505769878152458,0.05142493675919823,0.018667798048366567,8.708333333333334,1046599.9777626189,腰部普通,0
啥都能修的异世界修理铺——顾客差点把我店烧了？【首届全国高校AIGC优才创作营】,万维界-万界修理铺,单机游戏,1714472,185504,1540,880,33597,10509,3784,218,2026-08-04 15:51:43,BV1ZRMB6tEcp,2026-08-10,128.13805555555555,5.339085648148148,0.10819890905188304,0.006129583918547518,0.0195961205548997,0.0008982357250512111,0.0005132775571721206,0.0022070934958401188,0.13392461352533025,0.056651069518716575,4.036697247706422,321117.1561922146,腰部普通,0
你说偷吃零食被发现会死是吗？,与山0v0,单机游戏,8390802,297787,2782,8788,92334,31554,11193,2742,2026-08-04 10:02:44,BV1fGuc6xEmp,2026-08-10,133.95444444444445,5.581435185185185,0.03548969454886434,0.003760546369703397,0.011004192447873278,0.00033155352730287286,0.0010473373105455235,0.0013339606869522127,0.05025443336644102,0.10596164372521298,3.2049598832968638,1503341.2951335032,头部爆款,1
那些无法解释的身体感受。。。终于拍出这些微妙的感觉了，你占了几个？,李如儒也是李蠕蠕,小剧场,2072096,92587,2145,1674,7412,3845,2248,141,2026-08-07 10:40:00,BV1vDub6PErF,2026-08-10,61.333333333333336,2.555555555555556,0.0446827753154294,0.0018556090065325159,0.0035770543449724335,0.0010351836980526,0.0008078776272913996,0.00108489181968403,0.05011543866693435,0.04152850832190264,11.872340425531915,810820.1739130435,腰部普通,0
【医学博士】发生关系前，怎么判断对方有无性病？｜最常见的性病之一，正在悄悄传播！,兔叭咯,科学科普,582297,30601,2130,1910,17134,4493,4638,388,2026-08-08 09:30:00,BV1wqu765Et4,2026-08-10,38.5,1.6041666666666667,0.05255221991526661,0.007715993728286424,0.02942484677063423,0.003657927140273778,0.0032801130694473783,0.007965007547694733,0.08969306041418726,0.1468252671481324,4.922680412371134,362990.33766233764,腰部普通,0
带书风波,脱缰凯Kk,小剧场,689716,59378,1680,3423,5630,2397,545,140,2026-08-08 09:33:22,BV17tuu6EEaL,2026-08-10,38.443888888888885,1.6018287037037036,0.08609050681729871,0.003475343474705531,0.008162780042800225,0.0024357851637485575,0.004962912271137686,0.0007901803060970023,0.09772863033480447,0.040368486644885314,24.45,430580.3725487363,腰部普通,0
【加油TV】你这一辈子有没有想跟谁拼过命……,大乾乾是顾乾宇,日常,1244525,132628,2491,2012,9637,3995,4519,156,2026-08-08 04:25:48,BV144uM6FEDf,2026-08-10,43.57,1.8154166666666667,0.10656917297764207,0.003210060063076274,0.007743516602719913,0.0020015668628593237,0.0016166810630561862,0.003631104236556116,0.11752274964343826,0.030121844557710286,12.897435897435898,685531.3288960294,腰部普通,0
完蛋！我被男同学包围了,Z贤者,日常,7884148,419600,12143,29985,156514,35766,84102,1257,2026-08-04 00:23:13,BV1uPMZ6NEBb,2026-08-10,143.61305555555555,5.983877314814815,0.05322071579579683,0.0045364445213357234,0.019851732869550394,0.001540179103690088,0.0038032010560938227,0.010667227454380613,0.07760889318668295,0.08523832221163012,23.85441527446301,1317565.1145922588,头部爆款,1
这就是传说中的熊孩子吧！,猫后生,动物二创,4799118,83643,1287,780,30809,4538,11417,79,2026-08-06 04:22:35,BV1ZuuJ6gEMc,2026-08-10,91.62361111111112,3.817650462962963,0.017428827547061772,0.0009455904189061406,0.0064197212904537875,0.00026817427702340306,0.0001625298648626685,0.002378978804021906,0.0247941392564217,0.054254390684217446,9.873417721518987,1257086.7989510223,头部爆款,1
世界上最小的人造山,Mr_Bluebell,日常,565261,53200,2574,5209,3111,1591,918,32,2026-08-04 15:45:11,BV1ZQMB68E7a,2026-08-10,128.24694444444444,5.343622685185185,0.0941158155259252,0.00281462899439374,0.00550365229513446,0.0045536486684911925,0.009215212087867375,0.0016240285461052504,0.10243409681545339,0.029906015037593985,162.78125,105782.35652138128,尾部低播放,0
【直到大地变成一颗酸橙】TO-EX-1至TO-EX-8突袭 摆完挂机 简单好抄,萧然Q,手机游戏,1232172,19845,961,631,4729,14493,461,1359,2026-08-08 10:42:36,BV1iJuG6nE8i,2026-08-10,37.29,1.55375,0.016105706021561923,0.011762156582035626,0.0038379382099252377,0.0007799235820973046,0.0005121038296601448,0.0003741360784046383,0.03170580081352279,0.7303099017384732,0.46431199411331864,793031.0539018504,腰部普通,0
孙老师也是自己家的小骄傲,阿布DD_,美食侦探,341081,22928,491,219,1482,2062,296,175,2026-08-08 14:10:05,BV1AHu36cEcU,2026-08-10,33.831944444444446,1.409664351851852,0.06722156907010358,0.006045484796866433,0.004345008956816709,0.0014395407542489907,0.0006420762223636028,0.0008678290494046869,0.07761206282378673,0.08993370551290998,1.2514285714285713,241959.01637998276,尾部低播放,0
【自制动画】《赤霄·绝影-驰！！！！！！！！》,旋风博文,同人·手书,875807,166163,1634,355,43486,33982,7345,50,2026-08-08 10:34:15,BV1j5uG69EQQ,2026-08-10,37.42916666666667,1.5595486111111112,0.18972559022707058,0.03880078601792404,0.04965249193029971,0.0018657078557262046,0.0004053404460115071,0.008386550918181745,0.2781788681752943,0.2045100293085705,7.1,561577.2370032283,腰部普通,0
不打游戏这件事害惨了我,大师兄雷雨飞,校园学习,353179,31709,1903,401,3250,644,449,182,2026-08-08 08:37:25,BV1Bgug6UED8,2026-08-10,39.37638888888889,1.6406828703703704,0.08978166878551669,0.0018234379733789382,0.009202132629629734,0.005388202582826272,0.0011354015952250841,0.0012713100156011542,0.10080723938852537,0.020309691254848782,2.2032967032967035,215263.41645797325,尾部低播放,0
换肾，其实并不是“换”肾,好奇心会社,科学科普,2460050,53689,983,320,5397,595,676,82,2026-08-07 11:47:37,BV1V5uh6vEyV,2026-08-10,60.20638888888889,2.508599537037037,0.021824353163553585,0.00024186500274384667,0.002193857848417715,0.0003995853742810105,0.0001300786569378671,0.0002747911627812443,0.024260076014715148,0.011082344614353033,3.902439024390244,980646.7567580037,腰部普通,0
想 致 富 ， 先 撸 树 ！,哈雷不灰心,动物二创,889094,63230,245,430,13009,753,480,509,2026-08-08 04:00:00,BV1Qwuu6NErt,2026-08-10,44.0,1.8333333333333333,0.07111733967387025,0.0008469295710014914,0.01463174872398194,0.0002755614142036725,0.0004836384004390987,0.0005398754237459706,0.08659601796885369,0.011908904001265222,0.8447937131630648,484960.36363636365,腰部普通,0
两条谣言引发边境危机，摩洛哥西班牙互相算计，几万难民成了谁的筹码？,小王Albert,人文历史,1224102,57269,2627,4232,9832,12843,975,1191,2026-08-08 01:00:00,BV1oUuK6KETt,2026-08-10,47.0,1.9583333333333333,0.046784499984478416,0.01049177274442816,0.008032010404361727,0.002146062991482736,0.003457228237516155,0.0007965022522632918,0.06530828313326831,0.2242574516754265,3.5533165407220824,625073.3617021277,腰部普通,0
锐评各种逻辑谬误,导数之神阿希,社科·法律·心理,699943,77033,3638,3255,55369,10681,4071,779,2026-08-06 01:28:10,BV1XnMS6nEDx,2026-08-10,94.53055555555555,3.938773148148148,0.11005610456851486,0.015259814013426808,0.07910501283675957,0.00519756608752427,0.004650378673692001,0.005816187889585295,0.20442093141870124,0.13865486220191348,4.178433889602054,177705.84232023745,尾部低播放,0
老子的世界4,-陨风-,单机游戏,3552558,155968,1235,4860,95114,23961,1134,959,2026-08-07 10:00:00,BV1eKu46xENm,2026-08-10,62.0,2.5833333333333335,0.04390301298388372,0.006744717468370678,0.026773384136163293,0.0003476368295746333,0.0013680283333868158,0.00031920661112359036,0.0774211145884177,0.15362766721378746,5.067778936392075,1375183.7419354839,头部爆款,1
滑铲全向移动？自动吸附瞄准！原神射击玩法太爽了吧！,无知de王,手机游戏,2729823,149110,13568,2339,18981,3598,51127,268,2026-08-07 04:00:00,BV1kWup6tEgL,2026-08-10,68.0,2.8333333333333335,0.05462258908361458,0.001318034172911577,0.006953198064489896,0.004970285619250772,0.0008568321096276205,0.018729053129085658,0.06289382132101605,0.02412983703306284,8.727611940298507,963466.9411764705,腰部普通,0
爆破4v8挑战：挑战情久战队！林威、煜参战！哪边会赢！,布锅锅,网络游戏,710315,27040,1935,3877,5820,13703,1003,2877,2026-08-08 14:02:20,BV1dBu36EEXU,2026-08-10,33.96111111111111,1.4150462962962962,0.038067617887838495,0.01929144112119271,0.008193547932959322,0.0027241435137931765,0.005458141810323589,0.0014120495836354293,0.06555260694199053,0.50676775147929,1.3475842891901286,501972.97562571574,腰部普通,0
「新宿决战」八连黑闪,望穿秋水145,MAD·AMV,1125753,110591,7087,3337,30714,33545,6936,83,2026-08-08 05:00:00,BV1Z2uM6LEWb,2026-08-10,43.0,1.7916666666666667,0.09823735757310885,0.029797833094826306,0.027283071863899097,0.006295341873394963,0.002964238158814589,0.00616120943048786,0.15531826253183426,0.30332486368691847,40.204819277108435,628327.2558139535,腰部普通,0
古巴的现状有多崩溃？人们靠喝水续命，女性靠特殊方式换钱,小钟Johnny,出行,1821031,71400,11131,8198,16232,32190,5285,691,2026-08-07 10:00:00,BV1Ugup6TEYH,2026-08-10,62.0,2.5833333333333335,0.03920855822882752,0.017676799571231902,0.008913631893141852,0.006112471451611752,0.004501845383192269,0.002902202104192625,0.06579898969320126,0.4508403361344538,11.86396526772793,704915.2258064515,腰部普通,0
半年自制冰雪奇缘2,秋米米子,MMD·3D,270832,39812,700,1236,2995,3448,1000,259,2026-08-08 01:07:34,BV1DNuu6PEgx,2026-08-10,46.87388888888889,1.9530787037037038,0.14699887753293556,0.01273113959945649,0.011058515980386366,0.0025846281089383825,0.004563714775211201,0.003692325869911975,0.1707885331127784,0.08660705314980408,4.772200772200772,138669.27097531199,尾部低播放,0
探索全国唯一不接待日本人的城市！,暴走兄弟,搞笑,503977,49409,2678,819,3328,3316,386,304,2026-08-07 09:30:37,BV1C2ux6uERt,2026-08-10,62.48972222222222,2.603738425925926,0.09803820412439457,0.00657966534187076,0.0066034759522756,0.005313734555346772,0.0016250741601303235,0.0007659079680223502,0.11122134541854092,0.067113278957275,2.6940789473684212,193558.9977018443,尾部低播放,0
愈演愈烈！三进宫清理终于遭遇最大的BOSS，当场干吐,马俐管家,家居房产,1417343,52533,2902,4986,14362,3905,4529,1558,2026-08-07 09:30:00,BV1VPuw6DEDX,2026-08-10,62.5,2.6041666666666665,0.037064422655630994,0.0027551552447078794,0.010133044718180426,0.002047493090945523,0.003517849948812673,0.0031954156474473714,0.0499526226185193,0.07433422800906098,3.2002567394094994,544259.712,腰部普通,0
《你看看别人》,嘞是唐孃孃,日常,1307877,89429,1009,431,3942,1128,1135,118,2026-08-07 10:00:00,BV1mTuE6XEj1,2026-08-10,62.0,2.5833333333333335,0.06837722507544669,0.0008624664245949734,0.00301404489871754,0.0007714792751917802,0.0003295416923762709,0.0008678186098539847,0.0722537363987592,0.012613358082948485,3.652542372881356,506274.96774193546,腰部普通,0
当网红景点去掉滤镜，卖家秀vs卖家秀，你都去过哪几个？,中国旅游攻略,日常,841327,29799,982,941,4339,576,1755,215,2026-08-07 02:38:10,BV1bFut6JEau,2026-08-10,69.3638888888889,2.890162037037037,0.035419046339889244,0.0006846327290102422,0.005157328838846251,0.0011672037150834338,0.0011184711770809686,0.0020859903462030816,0.04126100790774574,0.019329507701600725,4.376744186046512,291100.2875335389,腰部普通,0
冷知识，发明天才的人绝对是无名,三角洲-安澜,网络游戏,935974,41055,619,414,2775,537,153,144,2026-08-08 01:45:00,BV1CZu867EN2,2026-08-10,46.25,1.9270833333333333,0.04386339791489934,0.0005737338857703312,0.0029648259460198683,0.0006613431569680355,0.0004423199789737749,0.0001634660791859603,0.047401957746689545,0.013080014614541469,2.875,485694.61621621624,腰部普通,0
上车性骚扰，下车就偷钱！证据确凿，拒不认罪？结局让人大呼我靠的神奇悬案！《开庭》第二案,小片片说大片,影视杂谈,1042587,22313,386,1932,5386,3005,368,2739,2026-08-08 04:43:34,BV1WXuT6pETY,2026-08-10,43.27388888888889,1.8030787037037037,0.02140157128373939,0.0028822534714129373,0.005165995739444286,0.00037023289183540556,0.0018530827643160714,0.0003529681455840136,0.029449820494596615,0.1346748532245776,0.7053669222343921,578226.0074717882,腰部普通,0
灯工，是淄博琉璃烧制技艺核心分支，被称作火中的雕塑,彭南科,手工,221401,18881,437,677,2101,3289,444,456,2026-08-08 03:02:06,BV1VduM6gEa3,2026-08-10,44.965,1.8735416666666669,0.08527965095008604,0.014855398123766378,0.009489568701135044,0.001973794156304624,0.00305780010027055,0.0020054109963369635,0.10962461777498747,0.17419628197659023,1.4846491228070176,118172.44523518291,尾部低播放,0
玩家看到的一切东西，都会分裂！,小橙子姐姐解说,单机游戏,705177,30477,583,1757,8133,1963,102,551,2026-08-08 09:05:00,BV1qguh6uE6c,2026-08-10,38.916666666666664,1.6215277777777777,0.04321893652231993,0.002783698277170129,0.0115332746246687,0.0008267427893989736,0.0024915730376912464,0.0001446445360526506,0.05753590942415876,0.06440922662991765,3.1887477313974593,434884.3169164882,腰部普通,0
意外穿越怪谈世界，十二星座决定你的专属变身 第二期 （上）ASMR,Aismr_,手工,954698,25266,523,702,4707,2857,559,230,2026-08-07 12:26:42,BV1mhuh6REPj,2026-08-10,59.555,2.4814583333333333,0.026464913511916856,0.00299256937796036,0.004930354939467769,0.0005478172154964188,0.0007353110617179464,0.0005855254750716981,0.034387837829344986,0.11307686218633738,3.0521739130434784,384732.6336999412,腰部普通,0
是你会选择哪个？38岁程序员分享曾经在大厂时的年薪,英雄哪里出来,计算机技术,1281616,65706,1146,268,7722,5673,759,122,2026-08-07 10:59:20,BV121ut6mERE,2026-08-10,61.01111111111111,2.54212962962963,0.05126808654074231,0.004426442865881825,0.006025205677831737,0.0008941835932135679,0.00020911099736582565,0.0005922210708979912,0.06171973508445588,0.08633914710985298,2.19672131147541,504150.5299581132,腰部普通,0
在云南昆明禄劝小平坝吃70块一斤的雪花牛肉，最惊艳的是80一斤熟的黄膘牛肋条，好吃到爆炸#云南美食#昆明美食#黄膘牛肉#雪花牛肉,达哥在上海,美食记录,1316905,73934,2245,1736,9645,2043,4105,526,2026-08-07 08:54:06,BV1Txub6HEyB,2026-08-10,63.098333333333336,2.629097222222222,0.056142242606718025,0.0015513647529624384,0.007323990720667018,0.0017047547089577455,0.0013182423940982834,0.0031171572740630493,0.06501759808034747,0.02763275353693835,3.300380228136882,500896.27301302203,腰部普通,0
史 密 斯 舍 友,马哥巨离谱,搞笑,1736549,64036,2469,1475,4934,9849,3047,277,2026-08-07 08:02:55,BV1bJub6sErS,2026-08-10,63.951388888888886,2.6646412037037037,0.036875435130249705,0.0056715934880040815,0.002841267364180337,0.0014217853916013887,0.0008493857645249284,0.0017546294403440387,0.04538829598243413,0.15380411018801923,5.324909747292419,651700.8734933217,腰部普通,0
《青春期土豆幻想物语》,客岭苹果,日常,1760147,176003,2684,1535,24288,13588,6198,267,2026-08-07 07:00:00,BV1viun6rELr,2026-08-10,65.0,2.7083333333333335,0.09999335282791721,0.007719809765888872,0.013798847482625031,0.0015248726384784908,0.0008720862518869163,0.003521296800778571,0.12151201007643112,0.07720322949040641,5.749063670411985,649900.4307692307,腰部普通,0
闪光你已无处可逃！神秘面具男实战思路,拉杰l,手机游戏,1084479,71066,6558,1960,11933,5828,3728,364,2026-08-08 04:40:00,BV1AYuK67Ess,2026-08-10,43.333333333333336,1.8055555555555556,0.06553008403113385,0.005374009086390792,0.011003440361685197,0.006047143374837134,0.0018073194593901773,0.0034375953799013165,0.08190753347920983,0.08200827399881801,5.384615384615385,600634.5230769231,腰部普通,0
一个野人的展览,想想工作室,日常,644364,28722,563,574,4643,9466,1509,553,2026-08-08 04:00:00,BV1UNuu6AERy,2026-08-10,44.0,1.8333333333333333,0.04457418477754809,0.01469045446362615,0.00720555462440484,0.0008737297552315151,0.0008908008516925216,0.0023418440508780752,0.06647019386557908,0.3295731495021238,1.0379746835443038,351471.27272727276,腰部普通,0
雀巢工作室VS小潮team,7鲸尾,搞笑,2051192,131680,1872,5877,41918,39181,3530,540,2026-08-07 04:00:00,BV1L9uJ63EYV,2026-08-10,68.0,2.8333333333333335,0.06419681824032075,0.019101576059189,0.020435922136981814,0.000912640064898849,0.0028651632806680214,0.001720950549729133,0.10373431643649156,0.2975470838396112,10.883333333333333,723950.1176470588,腰部普通,0
【三角洲】零号大坝1-11藏宝图/宝藏箱所有位置 保姆级教学 全程贴心领跑,异环代肝,网络游戏,1442282,18504,2211,344,24359,5882,4162,543,2026-08-07 16:37:29,BV1EwuK6BEir,2026-08-10,55.375277777777775,2.307303240740741,0.012829668539162245,0.004078259314059248,0.01688920751974995,0.0015329873076139063,0.00023851091534110529,0.0028857047373537213,0.033797135372971444,0.3178772157371379,0.6335174953959485,625094.254857011,腰部普通,0
周 处 除 三 害 现实版,温柔JUNZ,社科·法律·心理,6026439,604466,18298,12891,95773,256836,28700,327,2026-08-05 10:03:08,BV1bpM16eEAk,2026-08-10,109.94777777777777,4.5811574074074075,0.10030235102354806,0.04261820288896975,0.015892137960742653,0.0030362872668254007,0.0021390741696713433,0.004762348046665701,0.15881269187326047,0.4248973474107725,39.42201834862385,1315483.9408608128,头部爆款,1
当我梦到了一段很锈湖的音乐。,小憩memories,演奏,4462782,301030,4998,2515,72993,13194,4361,327,2026-08-03 11:25:33,BV1eKMX6tERP,2026-08-10,156.57416666666666,6.523923611111111,0.06745344047726284,0.0029564518275819883,0.016355941204387756,0.0011199292280017262,0.0005635498216135138,0.000977193149923075,0.08676583350923259,0.043829518652625986,7.691131498470948,684064.1101927202,腰部普通,0
找到了让朋友一秒破绷的视频..！,捏碳碳碳碳,同人·手书,747265,66434,895,903,7534,3263,837,320,2026-08-08 04:05:00,BV1juuM6rE7R,2026-08-10,43.916666666666664,1.829861111111111,0.08890286578389192,0.004366590165470081,0.010082099389105604,0.0011977009494623728,0.0012084066562732096,0.0011200845750838056,0.10335155533846761,0.04911641629286209,2.821875,408372.5237191651,腰部普通,0
太抽象了，弟弟举报哥哥，哥哥说自己才是弟弟！？,我是江无情,人文历史,1118854,36204,2370,3008,8417,5155,3313,874,2026-08-08 02:00:00,BV1o1uK6MEkn,2026-08-10,46.0,1.9166666666666667,0.03235810927967367,0.0046073929216859395,0.007522876085709128,0.0021182388408139043,0.002688465161674356,0.0029610655188255126,0.04448837828706873,0.14238758148270908,3.4416475972540046,583749.9130434783,腰部普通,0
和君哥牛哥一起吃羊，爽几斤合适？,野文不懂吃,美食记录,1405677,36751,2543,1558,6340,5694,3289,494,2026-08-06 10:00:00,BV1ARuE6DEEa,2026-08-10,86.0,3.5833333333333335,0.026144697537200935,0.004050717198901313,0.004510282234112104,0.0018090927005279306,0.0011083627319789682,0.002339797834068566,0.034705696970214354,0.1549345596038203,3.1538461538461537,392281.9534883721,腰部普通,0
维特鲁姆小伙打pk，结果尴尬了 / Chromeme2 单品,bkbkzzzz,同人·手书,601389,67928,1619,215,20859,10941,5012,81,2026-08-08 05:03:35,BV1ZNuM65EDh,2026-08-10,42.94027777777778,1.7891782407407408,0.11295184980104392,0.01819288347475594,0.03468470490813766,0.0026921011192422876,0.00035750570762019257,0.00833404003066235,0.16582943818393753,0.16106760098928277,2.654320987654321,336125.8181582948,腰部普通,0
1000元一只的黄油蟹，厨师长下班后开个小灶,大祥哥来了,美食测评,1177944,99095,1890,2592,8232,11681,3883,1051,2026-08-07 11:00:00,BV1Txub6JEeq,2026-08-10,61.0,2.5416666666666665,0.08412539135986091,0.009916430662238612,0.006988447668140421,0.0016044905360526477,0.0022004441637293454,0.0032964215616362066,0.10103026969023994,0.11787678490337555,2.4662226450999047,463453.37704918033,腰部普通,0
“我们是两片裂痕吻合的瓷器碎片”,手工老班长,绘画,1566093,84386,733,231,5544,912,460,52,2026-08-06 06:22:41,BV1gcuE6ZEbJ,2026-08-10,89.62194444444444,3.734247685185185,0.05388313465419997,0.0005823408954640625,0.003540019654005222,0.00046804372409556776,0.00014750081891688424,0.00029372457446652273,0.05800549520366926,0.010807479913729766,4.4423076923076925,419386.48210538714,腰部普通,0
调色别再只会拉饱和度啦,那只貂貂,设计·创意,671286,75097,738,185,71921,10067,2706,114,2026-08-04 01:12:11,BV1TgMZ6cEYd,2026-08-10,142.79694444444445,5.949872685185185,0.11187035034247697,0.014996588637331927,0.10713913294780467,0.0010993823794924965,0.0002755904338836204,0.004031068724805821,0.23400607192761358,0.13405329107687391,1.6228070175438596,112823.59060748655,尾部低播放,0
雨台风来了：白海豚登陆浙江前还将加强，最需警惕的不是风而是暴雨,中气爱,科学科普,710451,34125,6777,1543,2023,1695,4336,202,2026-08-08 15:08:33,BV1hXuV62Eg4,2026-08-10,32.8575,1.3690625,0.04803286926191954,0.0023858084512513884,0.002847487018809179,0.009539011135180329,0.0021718598467733875,0.006103165454056649,0.053266164731980106,0.04967032967032967,7.638613861386139,518932.4811686829,腰部普通,0
日本救灾能有多抽象,燕三嘤嘤嘤,人文历史,2374909,140153,6884,18987,22657,36790,4095,1200,2026-08-07 03:50:00,BV1yquH6fETj,2026-08-10,68.16666666666667,2.840277777777778,0.05901405064362466,0.015491119870277134,0.009540155012255207,0.002898637379369062,0.007994832644113943,0.001724276593334734,0.084045325526157,0.2624988405528244,15.8225,836153.7799511001,腰部普通,0
全网首发！藏宝图/宝藏箱全部点位来啦！记得先领口令联动红！,Key725,网络游戏,1921833,52110,6182,782,63941,13277,9287,759,2026-08-07 20:40:00,BV1q4uT6gE71,2026-08-10,51.333333333333336,2.138888888888889,0.027114738897708594,0.006908508699767358,0.0332708409107347,0.0032167207036199294,0.00040690320126670736,0.004832365767473032,0.06729408850821066,0.254787948570332,1.0303030303030303,898519.3246753247,腰部普通,0
父母老师不教的人情世故，请客吃饭如何点菜？,一分钟家事研究所,家居房产,511204,62154,1399,304,42760,2020,1252,143,2026-08-07 11:00:00,BV1X9u76aETa,2026-08-10,61.0,2.5416666666666665,0.12158355568422782,0.003951455778906268,0.08364566787427329,0.002736676551826668,0.0005946745330631215,0.0024491201164310136,0.2091806793374074,0.03249991955465457,2.125874125874126,201129.44262295082,尾部低播放,0
一秒变异！夺舍6头6甲+ASval+AWM，553万撤离！,苏醒游戏解说,网络游戏,2281520,66224,766,1406,4827,1011,416,253,2026-08-07 10:48:55,BV1oxut6hEeK,2026-08-10,61.18472222222222,2.5493634259259257,0.02902626319295908,0.0004431256355412181,0.002115694799957923,0.00033574108489077455,0.0006162558294470353,0.00018233458396156948,0.03158508362845822,0.015266368688088911,5.557312252964427,894937.1348148822,腰部普通,0
红木家具,归乡人山白,手工,1954811,142570,2015,2354,12694,33603,1857,530,2026-08-06 16:08:26,BV1WZun64EMc,2026-08-10,79.85944444444445,3.327476851851852,0.0729328820024033,0.017189897130720055,0.006493722411015694,0.0010307901889236352,0.0012042084886978843,0.0009499639607102681,0.09661650154413905,0.2356947464403451,4.441509433962264,587475.461748767,腰部普通,0
笑得发癫哈哈哈哈哈哈哈哈哈哈,云梦泽的舟,翻唱,477229,47021,764,314,5548,1172,2263,96,2026-08-07 16:35:55,BV1EcuK6uEF4,2026-08-10,55.40138888888889,2.3083912037037035,0.09852921762927232,0.0024558440497119832,0.011625446064677544,0.0016009085784811903,0.000657965044035463,0.0047419582632237355,0.11261050774366185,0.024925033495672145,3.2708333333333335,206736.6221264008,尾部低播放,0
在商场里跑一场半马比赛，99元报名费体验太恶心。,橙飞一下,美食记录,733433,21587,2341,1687,1519,1815,1021,386,2026-08-08 09:14:51,BV1veuu65Eeo,2026-08-10,38.7525,1.6146874999999998,0.029432817994281685,0.002474663670710208,0.0020710821574704166,0.0031918389273457833,0.002300141935255163,0.0013920835304656323,0.03397856382246231,0.0840783805067865,4.370466321243524,454225.9725179021,腰部普通,0
假如你在十万人的宿舍谈恋爱【AI全民制作人】,星辉绿野,同人·手书,1781690,120083,3117,2281,12855,5555,1743,307,2026-08-07 10:00:00,BV1iKub6PELA,2026-08-10,62.0,2.5833333333333335,0.06739836896429795,0.0031178263334250065,0.007215059858898013,0.0017494625888903232,0.0012802451604936886,0.000978284662314993,0.07773125515662097,0.0462596703946437,7.429967426710098,689686.4516129032,腰部普通,0
全球人类变成1厘米小人，他们目标是杀死我！,异常收录档案,同人·手书,466843,21941,352,814,5560,714,305,3263,2026-08-08 02:17:18,BV1n6uM6nEvJ,2026-08-10,45.711666666666666,1.9046527777777778,0.046998669788344265,0.0015294220969362291,0.01190978551675831,0.0007540008096940513,0.0017436268724174936,0.0006533245652178569,0.0604378774020388,0.032541816690214664,0.24946368372663194,245106.61756663144,尾部低播放,0
他骗的不是你一个，是你一整家,中国警察网,日常,302379,27849,687,414,3707,8574,788,297,2026-08-06 08:25:09,BV1J4un6UEgf,2026-08-10,87.58083333333333,3.649201388888889,0.09209964977726628,0.02835514371037671,0.012259449234239151,0.0022719831734346633,0.0013691426984016747,0.0026060010781171973,0.13271424272188215,0.30787460950123885,1.393939393939394,82861.69158015928,尾部低播放,0
家里的旧光盘，为什么播不出来了？,影视飓风,数码,4284810,174613,7755,16536,38730,45116,6202,772,2026-08-07 09:00:00,BV1ymux6BEFU,2026-08-10,63.0,2.625,0.04075163192767007,0.01052928834650778,0.009038907209421188,0.0018098818850777515,0.0038592142942160796,0.001447438742908087,0.06031982748359904,0.25837709677973575,21.419689119170986,1632308.5714285714,头部爆款,1
阿姨您找谁？ 找对象！！！,路飞仙贝呀,日常,1161086,59239,996,732,2085,1570,1980,83,2026-08-08 10:10:27,BV1XBuu66EcA,2026-08-10,37.825833333333335,1.576076388888889,0.05102033785611057,0.001352182353417404,0.0017957326158441322,0.0008578175949068372,0.0006304442564977961,0.001705300038067809,0.05416825282537211,0.02650281064839042,8.819277108433734,736693.9877949373,腰部普通,0
完蛋，我被维维美包围了...致死量浓度这里是天堂吗？,泥萌都是托,手机游戏,665903,57384,3021,276,8939,1082,12620,251,2026-08-08 16:22:55,BV1rauV6cEG9,2026-08-10,31.618055555555557,1.3174189814814816,0.08617471313389488,0.0016248612785946302,0.013423877051162107,0.004536696786168556,0.00041447478086147684,0.018951709182868978,0.10122345146365161,0.018855430085041126,1.099601593625498,505460.3048539424,腰部普通,0
妈妈，你不能单挑大棕熊，坐坦克打枪吧！？！,-欣小萌-,出行,1920806,142255,2227,2950,27395,18085,4138,976,2026-08-08 09:00:00,BV1mDuu6aEDF,2026-08-10,39.0,1.625,0.07406005603897531,0.00941531836114631,0.014262241996328624,0.0011594091230452217,0.00153581361157764,0.002154303974477381,0.09773761639645025,0.1271308565604021,3.0225409836065573,1182034.4615384615,头部爆款,1
三年之期已到，恭迎世一上归位！,九夜听风,电子竞技,979830,28585,2323,1225,3101,7162,18491,127,2026-08-08 12:43:37,BV1dvu36nEzG,2026-08-10,35.27305555555556,1.4697106481481483,0.029173428043640225,0.007309431227866058,0.003164834716226284,0.0023708194278599347,0.0012502168743557555,0.018871640998948797,0.03964769398773257,0.2505509882805667,9.645669291338583,666682.2488049581,腰部普通,0
哈哈哈哈哈哈哈！！！,爱画画的子衿,亲子,2834582,381909,8980,6471,19881,101567,4915,372,2026-08-06 16:36:36,BV1NRun6bEgv,2026-08-10,79.39,3.307916666666667,0.13473203456453192,0.03583138536828358,0.0070137325362258,0.0031680156015948735,0.002282876275937687,0.0017339417240355016,0.1775771524690413,0.2659455524745424,17.39516129032258,856908.5275223579,腰部普通,0
去这里旅游的人都失踪了，所谓旅游胜地的背后竟然是...,某幻君,校园学习,1307892,90353,2987,13265,38376,26446,3164,3523,2026-08-08 03:30:00,BV1QQuP6xEAd,2026-08-10,44.5,1.8541666666666667,0.06908292121979491,0.02022032400228765,0.029341872264682406,0.0022838277166616202,0.010142274744397856,0.0024191599918036047,0.11864511748676496,0.2926964240257656,3.765256883338064,705379.9550561798,腰部普通,0
最虚构的一集,杰比的生活日记,搞笑,1308848,106668,2286,263,4306,2055,3123,98,2026-08-08 11:20:28,BV1sZu36vEeP,2026-08-10,36.65888888888889,1.5274537037037037,0.08149762233658912,0.0015700830042907961,0.0032899160177499603,0.001746574086524944,0.00020094006332286102,0.0023860677481265967,0.08635762135862989,0.019265384182697715,2.683673469387755,856882.2719970903,腰部普通,0
《老 头 乐》,老番茄,单机游戏,1166537,106338,1315,2877,15344,14213,1735,1088,2026-08-08 11:55:01,BV1h8uG6CEN5,2026-08-10,36.08305555555555,1.503460648148148,0.09115698859101769,0.012183925584872147,0.013153461913338368,0.0011272681449452525,0.002466274108750944,0.0014873081608213028,0.1164943760892282,0.13365871090296977,2.6443014705882355,775901.2525115667,腰部普通,0
👊一 拳 超 人👊,揪着拖鞋的猫,鬼畜调教,590827,51192,1759,982,14439,2812,3025,94,2026-08-08 06:21:34,BV19Fu365EqG,2026-08-10,41.64055555555556,1.7350231481481482,0.08664465232631549,0.004759430425488341,0.02443862585833078,0.0029771828301685603,0.0016620770547046766,0.005119942047333652,0.11584270861013461,0.05493045788404438,10.446808510638299,340529.75064373674,腰部普通,0
在洛杉矶喝200%糖蜜雪冰城，吃全球最古早麦当劳，有不胖的风险吗,超Carry的柴西,出行,3586042,142572,2719,8490,41049,44408,3464,1745,2026-08-07 09:24:23,BV1rRut6rEGS,2026-08-10,62.59361111111111,2.6080671296296294,0.03975748192575547,0.012383569406047113,0.011446882105675281,0.0007582175557341493,0.0023675127062092413,0.0009659674928514502,0.06358793343747786,0.3114777095081783,4.865329512893982,1374980.7124440284,头部爆款,1
近视手术：人类是怎么敢在眼球上开刀的？,大圆镜科普,科学科普,771903,55714,1131,674,7814,1192,569,419,2026-08-08 23:55:00,BV1uYu56JESd,2026-08-10,24.083333333333332,1.003472222222222,0.0721774627122838,0.001544235480364761,0.010123033593599196,0.0014652100069568327,0.0008731667061794033,0.0007371392519526417,0.08384473178624775,0.021394981512725706,1.6085918854415275,769232.0553633219,腰部普通,0
《忆苦思甜》,嘞是唐孃孃,搞笑,1186263,75334,1912,828,3070,932,1016,95,2026-08-08 12:03:17,BV1zVuG6sEwt,2026-08-10,35.945277777777775,1.4977199074074072,0.06350531037383784,0.0007856605154169016,0.002587958993916189,0.001611784233344545,0.0006979902433102946,0.0008564711198106997,0.06687892988317093,0.012371571932991744,8.715789473684211,792045.9587490244,腰部普通,0
那个傲慢的黄汤圆小贩又狠狠宰了我一笔,印度老吃家,美食侦探,1629766,75316,1127,807,5897,2666,2100,180,2026-08-07 13:50:27,BV1aiu86YE1m,2026-08-10,58.159166666666664,2.423298611111111,0.0462127691950869,0.001635817657258772,0.0036183108495330004,0.000691510314977733,0.0004951631093052622,0.0012885285372255895,0.05146689770187868,0.03539752509426948,4.483333333333333,672540.3103552035,腰部普通,0
【半佛】小米澎程，让行业睡不着了？,硬核的半佛仙人,搞笑,5718369,137874,9656,3414,15215,4159,2381,549,2026-08-03 04:00:24,BV1iFMX6aE9b,2026-08-10,163.99333333333334,6.833055555555556,0.0241107210814832,0.0007273052858253813,0.002660723713352531,0.0016885933733902098,0.0005970233820167954,0.0004163774670714674,0.027498750080661112,0.030165223319842754,6.218579234972678,836868.5068498718,腰部普通,0
改画哪有不疯的！（第26期）,哲哲哲同学,绘画,2709267,242129,2553,1552,34498,11530,3573,162,2026-08-07 10:48:31,BV1oxut6hEMH,2026-08-10,61.19138888888889,2.5496412037037035,0.08937066741668503,0.004255763643819527,0.012733333407154039,0.0009423212994511061,0.0005728486708766614,0.0013188068950014894,0.1063597644676586,0.047619244287136195,9.580246913580247,1062607.160593584,腰部普通,0
怪兽中 出了一个奥特曼的卧底,istupidpig,日常,5790958,313198,3963,2822,57443,16430,23564,147,2026-08-07 08:14:03,BV1gnub6REqy,2026-08-10,63.76583333333333,2.656909722222222,0.054083970217017635,0.002837181689109125,0.009919429565885299,0.0006843427287851163,0.00048731142584698423,0.004069102210722302,0.06684058147201205,0.05245882796186438,19.197278911564627,2179584.0301101687,超级爆款,1
在东方明珠玩100人躲猫猫！奖金10万元,飓多多StormCrew,日常,4687614,254810,7940,18506,126312,94920,12288,1243,2026-08-07 09:00:00,BV1ocu46fE1z,2026-08-10,63.0,2.625,0.05435814467658813,0.020249107541704586,0.02694590467559829,0.0016938254728311674,0.003947850654938739,0.0026213762481296457,0.10155315689389101,0.37251285271378676,14.888173773129525,1785757.7142857143,头部爆款,1
热搜上“仙桃电梯20秒”监控流出，炸出多少毁三观的成年巨婴,小椰子专栏,社科·法律·心理,8365311,144898,10671,9483,55486,12535,12493,362,2026-08-03 08:55:00,BV1G8Gc6REfA,2026-08-10,159.08333333333334,6.628472222222222,0.017321292657260443,0.0014984499679689136,0.006632867564636867,0.001275625018603612,0.0011336099757677867,0.0014934292341312833,0.025452610189866224,0.08650913056080829,26.196132596685082,1262027.0130958618,头部爆款,1
王从天降,正男锅,电子竞技,4150326,272770,4305,978,31264,8903,11667,93,2026-08-05 12:33:18,BV1vtMy63E4G,2026-08-10,107.445,4.476875,0.0657225480600801,0.0021451326956002975,0.0075329022346678305,0.0010372679158215524,0.00023564413976155126,0.0028111044770940887,0.07540058299034823,0.03263921985555596,10.516129032258064,927058.7184140724,腰部普通,0
星际超级荒诞动画喜剧！《外星小偷里贝》第06话：仁爱星球【UP动画】#SpecialForAAIFF,梦游牛油果官方频道,小剧场,461866,17892,774,445,3183,2639,889,718,2026-08-07 12:12:40,BV1aJuh6AEvY,2026-08-10,59.78888888888889,2.491203703703704,0.03873850857175025,0.005713778455222944,0.006891609254632296,0.0016758107329831596,0.0009634829149580181,0.0019248006997700632,0.05134389628160549,0.1474960876369327,0.6197771587743732,185398.72886080653,尾部低播放,0
在贵州按猪遇见羡慕的婚礼,馒头泡泡饭,日常,2701728,234841,3316,5552,17324,14554,2179,322,2026-08-06 09:30:00,BV1Bbun6jEaJ,2026-08-10,86.5,3.6041666666666665,0.0869225177367966,0.005386922739816887,0.006412192493100712,0.0012273626360610691,0.0020549811083869288,0.0008065208636842791,0.0987216329697142,0.06197384613419292,17.242236024844722,749612.3930635839,腰部普通,0
假如你是小馒头,农民伯伯吖,软件应用,2874085,73329,2205,1595,4906,1014,1029,236,2026-08-05 22:46:47,BV1XJMm6VEHC,2026-08-10,97.22027777777778,4.0508449074074075,0.025513859193447654,0.00035280793713477507,0.0017069780469262392,0.0007672006916984014,0.0005549592305029253,0.000358026989459254,0.02757364517750867,0.013828089841672463,6.758474576271187,709502.601480601,腰部普通,0
发烧梗,鲤鱼Ace,单机游戏,3302691,505583,15798,93720,301019,158269,10175,6457,2026-08-07 09:00:00,BV1Unub69EpX,2026-08-10,63.0,2.625,0.1530821381715698,0.04792122544918674,0.09114355536137048,0.004783372104747311,0.028376859960559435,0.003080821063793131,0.292146918982127,0.3130425667002253,14.514480408858603,1258168.0,头部爆款,1
“那些只打高端局的神级串烧”,小杯清柠茶,音乐综合,2698460,243618,3769,6804,255849,38542,5254,2048,2026-08-06 08:25:13,BV1J4un6mEV1,2026-08-10,87.57972222222222,3.649155092592592,0.09028038214388948,0.014282961392794408,0.09481296739621858,0.0013967225750983895,0.0025214381536135424,0.001947036457831504,0.19937631093290248,0.15820670065430306,3.322265625,739475.2844233984,腰部普通,0
"😨""后室里的乌鲁鲁""😰",沙雕Sanscul,影视剪辑,1807572,157608,2743,5491,53462,55973,10905,1022,2026-08-08 00:00:00,BV1YYuN6tEWC,2026-08-10,48.0,2.0,0.08719320724153727,0.030965848110061454,0.029576691827490138,0.0015175052501366474,0.0030377766418156513,0.006032954703879016,0.14773574717908886,0.3551406019998985,5.37279843444227,903786.0,腰部普通,0
《鸣潮》3.6版本PV | 蜃云灯影，凡尘剑心,鸣潮,手机游戏,1803590,55869,9158,3294,8784,11570,3739,2530,2026-08-07 11:55:00,BV1Jcub6BEqB,2026-08-10,60.083333333333336,2.5034722222222223,0.030976552320649373,0.00641498344967537,0.004870286484178777,0.005077650685577099,0.0018263574315670412,0.002073087564246863,0.04226182225450352,0.20709158925343213,1.3019762845849803,720435.3952843273,腰部普通,0
[我的世界怪物学院] 逗逗小乐魂,所仰_,单机游戏,1409642,146665,2922,3911,55901,7294,7404,179,2026-08-08 08:40:39,BV1quug6JE11,2026-08-10,39.3225,1.6384375,0.10404414737926367,0.005174363419932153,0.039656168019965354,0.0020728667278642377,0.0027744633034486772,0.00525239741721657,0.14887467881916117,0.04973238332253776,21.849162011173185,860357.5052450887,腰部普通,0
我和bro的潦草日常belike:,梨冻着是一颗梨,绘画,659794,53684,544,577,6622,2627,892,432,2026-08-08 13:51:53,BV1GAu36VEra,2026-08-10,34.13527777777778,1.4223032407407408,0.08136478961615293,0.003981545755190256,0.010036465927243958,0.0008244997681094402,0.0008745153790425496,0.001351937119767685,0.09538280129858713,0.048934505625512256,1.3356481481481481,463891.2301545322,腰部普通,0
青春没有售价！面包车？ 直达拉萨！！,张舒克和黄贝塔旅行版,出行,3304885,319262,5274,10917,46222,73280,9070,1203,2026-08-06 09:00:00,BV1CLuE67Ep9,2026-08-10,87.0,3.625,0.09660305880537447,0.02217323749540453,0.013985963202955625,0.0015958195217080171,0.003303291945105503,0.0027444222718793544,0.13276225950373463,0.2295293520682073,9.074812967581048,911692.4137931034,腰部普通,0
高中尊者？本科圣人？小明修仙传25分钟优化纯享版【AI全民制作人】,路人甲导演,鬼畜剧场,3233596,132815,4578,5486,43518,29162,33185,1498,2026-08-06 01:53:44,BV1U8MS65Efm,2026-08-10,94.10444444444444,3.9210185185185185,0.041073467433779605,0.009018442625485682,0.013458081962001437,0.0014157612763004408,0.0016965632070301917,0.010262568360425977,0.06354999202126672,0.21956857282686443,3.6622162883845126,824682.6646515692,腰部普通,0
天津包子套餐,团团的一家-团团记,美食记录,859770,35684,976,691,2449,565,1691,338,2026-08-08 03:00:00,BV14Wub6QEoj,2026-08-10,45.0,1.875,0.041504123195738395,0.0006571524942717239,0.002848436209683985,0.0011351873175384115,0.0008037033160031171,0.0019668050757760797,0.045009711899694105,0.015833426745880508,2.044378698224852,458544.0,腰部普通,0
这期视频全是干活谨慎观看！,小博博三角洲行动,网络游戏,2323822,76560,777,1122,13535,1693,760,198,2026-08-08 04:33:08,BV1CXuT6pESb,2026-08-10,43.44777777777778,1.8103240740740743,0.03294572475860888,0.0007285411705371582,0.005824456434270783,0.0003343629589529663,0.00048282527663478527,0.00032704742445849983,0.03949872236341682,0.02211337513061651,5.666666666666667,1283649.7250850317,头部爆款,1
【TF家族练习生】《突围II破局》EP07：破局（上）,TF家族,明星综合,1409878,63531,6623,1103509,25378,5779,1462,3935,2026-08-08 11:00:00,BV1Kaug6eE8s,2026-08-10,37.0,1.5416666666666667,0.04506134573346063,0.004098936220013363,0.018000139019120804,0.004697569576942119,0.7826982192785475,0.0010369691561964937,0.0671604209725948,0.09096346665407438,280.4343074968234,914515.4594594594,腰部普通,0
大家期待已久的仙班篇终于来了，花有重开日，人无再少年，每次不经意间按下快门就能够有别样的收获，人生短暂，向前冲向前看，欢迎投稿好的作品会让更多人看到。,摄影恩哥,日常,639964,84856,3278,415,6483,1214,235,131,2026-08-08 09:30:08,BV1Ztuu67EAW,2026-08-10,38.49777777777778,1.604074074074074,0.13259495846641373,0.0018969817052209186,0.010130257326974642,0.005122163121675594,0.0006484739766611871,0.00036720815545874456,0.1446221974986093,0.014306589987743942,3.16793893129771,398961.62549064885,腰部普通,0
感谢朋友们的硬币之力，为我买了1600的药！又续了一个月的命，有这么多药吃老幸福！,fan人张,日常,241977,59803,647,1296,4100,55820,282,139,2026-08-08 10:56:08,BV12BuG6MEtM,2026-08-10,37.06444444444445,1.544351851851852,0.24714332353901403,0.23068308144988986,0.016943759117602087,0.0026738078412411096,0.005355880930832269,0.0011654000173570214,0.494770164106506,0.9333979900673879,9.323741007194245,156685.14898974757,尾部低播放,0
热搜上令人窒息的“堕落的早餐”事件：伪人父母，养出精神病小孩,小椰子专栏,社科·法律·心理,944246,31228,3428,2972,5857,1301,2242,347,2026-08-08 09:05:00,BV198Mk6wEiE,2026-08-10,38.916666666666664,1.6215277777777777,0.03307189016421568,0.001377818915833374,0.006202832736384375,0.003630409872003694,0.0031474848715271233,0.0023743812523431395,0.04065254181643343,0.04166132957602152,8.564841498559078,582318.7323340471,腰部普通,0
沉浸式体验三角洲“皮门”喷子爆改大狙的一天,地球军亡牌总帅镭,网络游戏,1338724,65108,447,382,29219,1575,1850,143,2026-08-08 05:02:20,BV1DFuu6iEra,2026-08-10,42.96111111111111,1.7900462962962962,0.04863437123708845,0.0011764934370340713,0.021826007451872083,0.00033390004212966975,0.00028534634472826364,0.0013819129260400202,0.07163687212599461,0.024190575658905204,2.6713286713286712,747871.1599637916,腰部普通,0
奶猫：完辣，是天崩开局！,圆圆的智子,喵星人,1021069,69614,481,664,28366,60086,441,250,2026-08-08 07:00:00,BV1q9uW6dEdH,2026-08-10,41.0,1.7083333333333333,0.06817756684416039,0.05884617004335652,0.027780688670403272,0.0004710749224587173,0.0006502988534565245,0.00043190029273242064,0.15480442555792018,0.8631309794006953,2.656,597698.9268292683,腰部普通,0
比张杰更好笑的是以前的张杰！【爆笑考古】,一只吐槽圆,娱乐杂谈,1527779,45518,4843,10476,8941,5926,14394,705,2026-08-08 01:57:05,BV1rJuu6XEpN,2026-08-10,46.048611111111114,1.9186921296296298,0.029793576165139068,0.0038788332605697554,0.005852286227261927,0.003169961100394756,0.006857012696208025,0.009421519735511485,0.03952469565297075,0.13019025440485082,14.859574468085107,796260.6279595838,腰部普通,0
“以军把枪口对准了我”，记者现场直击以军在巴勒斯坦军事行动,新华社,日常,669907,80684,1722,1061,4761,2851,904,143,2026-08-08 09:27:18,BV1qtuu67Eiy,2026-08-10,38.545,1.6060416666666668,0.12044059847113106,0.004255814613073158,0.0071069566372645755,0.002570506055318126,0.0015838019307157561,0.0013494410418162521,0.1318033697214688,0.03533538247979773,7.419580419580419,417116.8244908548,腰部普通,0
【梗百科】不X你们X什么是啥梗？！,梗百科,搞笑,745617,57266,3052,1013,5446,2736,894,124,2026-08-08 07:54:01,BV1xRuu6fEeA,2026-08-10,40.09972222222222,1.6708217592592591,0.07680350635782178,0.0036694442320923475,0.007304018014610719,0.004093254311529914,0.0013586063622476419,0.0011990069968898242,0.08777696860452484,0.047777040477770406,8.169354838709678,446257.65487430646,腰部普通,0
《Sweet boy》发一下库存吧，有点忙最近,馓-子,演奏,628692,124872,2804,199,19958,5732,1882,88,2026-08-06 01:59:50,BV1UYMS6GEWa,2026-08-10,94.00277777777778,3.9167824074074074,0.1986219007081369,0.009117342037118335,0.03174527431556311,0.004460053571542186,0.00031653019284482706,0.0029935166981606256,0.23948451706081833,0.04590300467678903,2.2613636363636362,160512.36310983717,尾部低播放,0
拍铃铛四人版~,瓜哥超爱玩QAQ,搞笑,5547367,263860,2467,1439,24653,4220,4605,98,2026-08-05 09:02:39,BV13eMk6bESU,2026-08-10,110.95583333333333,4.623159722222222,0.04756490782023255,0.0007607212574902652,0.004444090322489931,0.00044471548394039913,0.0002594023434901639,0.0008301235523086899,0.05276971940021275,0.015993329796103996,14.683673469387756,1199908.143630724,头部爆款,1
【re0】一百块还是吃雪媚娘,用户_也許明天,综合,441922,37665,13080,2472,5481,3005,957,54,2026-08-08 13:36:06,BV1Uuu36MEg7,2026-08-10,34.39833333333333,1.433263888888889,0.08522997271011626,0.006799842506143618,0.012402641190074266,0.029597983354528627,0.0055937473128742175,0.0021655405252510623,0.10443245640633415,0.0797822912518253,45.77777777777778,308332.6130141964,腰部普通,0
时停/欧拉！达摩空条承太郎皮肤，三形态白金之星打穿峡谷！自制联动皮肤特效！,王者人格小A,电子竞技,3298003,137445,5514,1333,18436,8108,18990,170,2026-08-07 10:25:42,BV19Yut6oEp7,2026-08-10,61.571666666666665,2.565486111111111,0.04167521982241981,0.002458457436212156,0.005590049493587483,0.0016719208563485237,0.0004041839864912191,0.005758029935084959,0.04972372675221945,0.05899086907490269,7.841176470588235,1285527.5207752485,头部爆款,1
重生之我在上海CJ漫展唱《芙莉莲上坟记》,京剧酷伊伊伊伊,仿妆cos,1160343,176606,5189,2490,18532,9304,32863,133,2026-08-02 16:07:13,BV1zs3d6XE5m,2026-08-10,175.87972222222223,7.32832175925926,0.15220154730109975,0.008018318721274658,0.01597113956821388,0.004471953551665326,0.002145917198621442,0.028321797951123072,0.1761910055905883,0.05268224182643851,18.721804511278197,158336.79771687405,尾部低播放,0
【同人动画】致以辉煌的人 【奥特曼光之创想季】,彳文xow,同人·手书,867379,137728,2400,476,62512,78121,10534,83,2026-08-08 00:45:00,BV1tCuT6bE8q,2026-08-10,47.25,1.96875,0.1587864128598917,0.09006558839907353,0.07206999477736953,0.002766956543794581,0.0005487797145192586,0.012144633430138382,0.32092199603633476,0.56721218633829,5.734939759036145,440573.4603174603,腰部普通,0
为了睡个好觉，我们做了这个...,老师好我叫何同学,数码,4982297,157523,1486,52434,59263,40839,3948,285,2026-08-07 09:00:00,BV1vGub6FEcu,2026-08-10,63.0,2.625,0.03161654152693025,0.008196821666793449,0.01189471442589633,0.0002982560052120538,0.010524061492118996,0.0007924055912363313,0.05170807761962003,0.25925737828761514,183.97894736842105,1898017.9047619049,头部爆款,1
生活零零散散，人生平平蛋蛋,壶歌,美食制作,907684,69149,3942,1252,7966,952,7412,107,2026-08-08 07:33:05,BV1Neug6AE1p,2026-08-10,40.44861111111111,1.6853587962962964,0.0761817989520582,0.0010488231587204358,0.008776182019293057,0.004342921104701636,0.0013793346583172118,0.008165837450037678,0.0860068041300717,0.013767371907041316,11.700934579439252,538570.1857638293,腰部普通,0
《穿越三国，复活五虎北伐》第一季1-10集大合集！【AI全民制作人】,率土秋晚小剧场,影视剪辑,1589579,68199,1387,3652,26345,8497,4472,2121,2026-08-06 10:23:49,BV1ByuJ6jEfG,2026-08-10,85.60305555555556,3.5667939814814815,0.04290381289637067,0.005345440522301817,0.016573570737912366,0.0008725580798437826,0.0022974636680529875,0.0028133235278020156,0.06482282415658486,0.12459126966671065,1.721829325789722,445660.4469596425,腰部普通,0
欢迎来到研究生的世界,豆豆豆豆逗是我,搞笑,9406916,408525,5078,3632,131415,83676,19728,360,2026-08-05 04:00:00,BV1R53R6rE7a,2026-08-10,116.0,4.833333333333333,0.043428154349416964,0.008895157562797414,0.013970040765751496,0.0005398155995014732,0.0003860989085051892,0.0020971804149202567,0.06629335267796588,0.20482467413255004,10.088888888888889,1946258.4827586208,头部爆款,1
搞笑解说《顶级魅魔罗子君》：剧中人物遇到她，会自动觉醒服务型人格！,low君热剧,影视杂谈,628541,17622,902,1112,3584,2129,1391,690,2026-08-08 02:25:00,BV1dsut6wEBn,2026-08-10,45.583333333333336,1.8993055555555556,0.02803635721456516,0.003387209426274499,0.005702094215015409,0.001435069470408454,0.001769176553319513,0.0022130616777584914,0.037125660855855065,0.12081489047781183,1.6115942028985508,330932.00731261424,腰部普通,0
你敢让我进来吗？？「谁是伪人」？？！,大炒面制造者Cen,单机游戏,495165,55625,1295,10506,16820,23737,495,2386,2026-08-09 00:00:00,BV11PuN67E5k,2026-08-10,24.0,1.0,0.11233629194308968,0.04793755616814597,0.033968475154746394,0.0026152898528773237,0.021217170034231014,0.000999666777740753,0.19424232326598204,0.42673258426966293,4.4031852472757755,495165.0,腰部普通,0
20分钟《奥德赛》终极功课！原著/内核/影厅选择，一期视频全搞懂！,迷影至下Filmlast,影视杂谈,649965,15023,1737,1478,8912,2753,5440,1327,2026-08-08 08:57:37,BV1cPug69Ene,2026-08-10,39.039722222222224,1.6266550925925927,0.023113552268199056,0.004235612686836984,0.013711507542713839,0.0026724515935473447,0.0022739685983091396,0.008369681444385466,0.041060672497749875,0.18325234640218332,1.1137905048982668,399571.49057583796,腰部普通,0
《死》死亡是什么？,阿廖沙别害怕_,搞笑,3129006,343592,11333,4524,86083,79546,8834,686,2026-08-06 10:19:12,BV115un6dE9a,2026-08-10,85.68,3.5700000000000003,0.10980867406454319,0.025422130862005378,0.027511292723631724,0.003621916992169398,0.0014458265660085023,0.002823260805508203,0.16274209765018027,0.2315129572283406,6.594752186588921,876472.268907563,腰部普通,0
“绝对的弱者，由此而诞生的...”,摸鱼佬临风,鬼畜剧场,798844,110910,806,684,23398,13836,1405,483,2026-08-08 06:55:46,BV1Gpug66ENN,2026-08-10,41.07055555555556,1.7112731481481482,0.1388381210849678,0.017320027439650294,0.02928982379538433,0.0010089579442294115,0.0008562372628448107,0.001758791453650525,0.1854479723200024,0.12474979713281038,1.4161490683229814,466812.67737091996,腰部普通,0
校园爸临,-显眼宝-,小剧场,721386,47272,732,546,2894,1654,858,227,2026-08-08 08:18:55,BV1xXuu6wEmt,2026-08-10,39.68472222222222,1.6535300925925924,0.06552941143853637,0.002292808565733186,0.00401172187982578,0.0010147133434804667,0.0007568763463665776,0.0011893771157189077,0.07183394188409534,0.03498899983076663,2.405286343612335,436270.25793581357,腰部普通,0
逐渐被恨意裹挟,尤里_yoori,手工,698787,119978,1083,205,17705,3239,1604,12,2026-08-08 08:58:55,BV1rAug6WEzp,2026-08-10,39.018055555555556,1.6257523148148147,0.1716946651840976,0.004635174953168848,0.025336762132094615,0.001549828488509374,0.00029336550336511697,0.0022954061824275495,0.20166660226936106,0.02699661604627515,17.083333333333332,429823.77674153703,腰部普通,0
住宅低频噪音现场溯源-山东4家,朱林-声学,家居房产,2612200,241479,6238,1648,38258,28703,8047,316,2026-08-06 14:10:00,BV19juJ6vEqh,2026-08-10,81.83333333333333,3.409722222222222,0.09244276854758442,0.010988056044713269,0.014645892351274788,0.0023880254191868924,0.0006308858433504325,0.003080545134369497,0.11807671694357247,0.11886333801282928,5.215189873417722,766103.4623217924,腰部普通,0
盒马1000＋产品热量实测，下次逛超市先看这张表！,海潮有点潮,美食测评,511255,39654,236,170,4879,3765,175,216,2026-08-08 09:30:00,BV1CLuu6xE83,2026-08-10,38.5,1.6041666666666667,0.0775620776324926,0.007364231156663505,0.009543182951755973,0.0004616091774163578,0.0003325150854270374,0.0003422949408807738,0.09446949174091207,0.09494628536843698,0.7870370370370371,318704.41558441555,腰部普通,0
【异环】1.3前瞻省流！咒大C残虹双大招+灵可合击机制，夏日泳装沙滩排球，都市活力消耗翻倍大减负！1.3 前瞻直播攻略！,梦轩dada,手机游戏,211440,12343,2260,847,1874,1535,1095,674,2026-08-08 12:37:37,BV1qiu36SE3b,2026-08-10,35.37305555555555,1.4738773148148148,0.05837589860007567,0.007259742716609913,0.00886303443057132,0.010688611426409384,0.004005864547862278,0.0051787741203178205,0.07449867574725691,0.12436198655108159,1.2566765578635015,143458.34478534354,尾部低播放,0
不要“做”挑战？（第二十一期）,小潮院长,搞笑,3250016,286982,9749,25395,84506,142214,5710,1059,2026-08-07 08:08:54,BV18Jub6sECJ,2026-08-10,63.85166666666667,2.660486111111111,0.08830171912999812,0.043757938422456996,0.02600171814538759,0.0029996775400490338,0.007813807685869855,0.0017569144274982031,0.15806137569784273,0.49555024356928307,23.980169971671387,1221587.2830257628,头部爆款,1
“ 这 里 是 地 狱 啊... ”,MJ小林大人嗷,GMV,1095392,123538,2641,1889,14871,8659,5244,220,2026-08-08 02:30:00,BV1Pxu46rE3F,2026-08-10,45.5,1.8958333333333333,0.11277971721538955,0.007904932663375303,0.01357596184744822,0.0024110090269054366,0.001724496801145161,0.004787327276445328,0.1342606117262131,0.07009179361815798,8.586363636363636,577789.1868131869,腰部普通,0
听说美国佛罗里达狮子鱼泛滥成灾，帅小伙带女友果断前往讨伐🤤。。,大豪夫妇,日常,2127218,87869,1282,4136,21738,3616,1376,831,2026-08-06 03:35:00,BV1TQMU63EWy,2026-08-10,92.41666666666667,3.8506944444444446,0.0413070028553726,0.0016998727915991684,0.010218980847285045,0.0006026650771101034,0.0019443235249043587,0.0006468542481306571,0.05322585649425682,0.04115216970717773,4.977135980746089,552424.5121731289,腰部普通,0
抓小三，但超燃上海话,册那队长,小剧场,5151527,170185,5076,1451,27510,18485,30220,85,2026-08-05 09:31:36,BV1GLM16uEf6,2026-08-10,110.47333333333333,4.603055555555556,0.033035835782283585,0.0035882564528925114,0.005340164188210602,0.000985338910191095,0.0002816640580550194,0.005866221801807503,0.0419642564233867,0.10861709316332227,17.070588235294117,1119153.7746665862,腰部普通,0
(完整版)再见了，我那有着婴儿般蓝色眼睛的爱人【Emoji】,虚假的朋友-虚鹏,日常,4347276,280950,2531,2992,159124,48075,3915,321,2026-08-03 10:07:00,BV1WbMX6kEMG,2026-08-10,157.88333333333333,6.578472222222222,0.06462667656711928,0.01105864914028923,0.0366031510306684,0.0005822036604071147,0.0006882470770201846,0.0009005639393496065,0.1122884767380769,0.17111585691404163,9.320872274143301,660833.6788768078,腰部普通,0
当MC服里加入忘情牛肉面(玩家：服主给我来碗忘情牛肉面😭,Mr_牛奶,单机游戏,393875,27343,711,282,4719,658,622,120,2026-08-08 13:00:00,BV19LM16MEHC,2026-08-10,35.0,1.4583333333333333,0.06942050142811806,0.0016705807680101555,0.01198095842589654,0.001805141225007934,0.0007159631862900666,0.0015791812123135513,0.08307204062202475,0.024064660059247338,2.35,270085.7142857143,腰部普通,0
她研究中国人的性与欲：生理性喜欢才是真爱,一条视频,日常,531025,40031,1816,404,25192,3500,5982,380,2026-08-07 03:03:50,BV1ZHut6PE5z,2026-08-10,68.93611111111112,2.872337962962963,0.07538439809801799,0.006591026787816016,0.04744032766818888,0.00341980132762111,0.0007607928063650488,0.011265006355632974,0.12941575255402288,0.08743224001398917,1.063157894736842,184875.5288713382,尾部低播放,0
“乐队只吹奏了一会儿，但民警能吹一辈子……”,央视新闻,日常,805071,120202,1006,269,2285,678,573,28,2026-08-08 06:31:06,BV1fUug6QEfn,2026-08-10,41.48166666666667,1.728402777777778,0.14930608604706913,0.0008421617472247789,0.0028382589858534217,0.0012495792296580053,0.00033413202065407893,0.0007117384677873132,0.15298650678014733,0.005640505149664731,9.607142857142858,465788.9991562537,腰部普通,0
厕  所  大  师,恶人王小花,影视整活,5661539,526712,16246,12728,108511,25217,80771,39,2026-08-04 01:31:26,BV11duF6TEfz,2026-08-10,142.47611111111112,5.93650462962963,0.0930333607169358,0.004454089250290424,0.019166343285809743,0.0028695377705602663,0.002248151960094243,0.014266615490946896,0.11665379325303597,0.04787625875241119,326.35897435897436,953682.2344486599,腰部普通,0
外国公公身患“疑难杂症”,张踩铃,亲子,363513,21167,656,510,680,817,266,188,2026-08-08 10:00:00,BV1QBu86cETr,2026-08-10,38.0,1.5833333333333333,0.05822900418967135,0.0022475124686049744,0.0018706346127923899,0.001804612214693835,0.0014029759595942924,0.0007317482455923172,0.06234715127106871,0.03859781735720697,2.7127659574468086,229587.15789473685,尾部低播放,0
你买的电动自行车，或许是电动摩托车......交警提醒：电摩属机动车，上路须悬挂牌照，切勿无证驾驶,人民日报,日常,3331305,83605,3148,245,4314,738,1533,38,2026-08-07 04:41:39,BV18Lu46JEEv,2026-08-10,67.30583333333334,2.8044097222222226,0.02509677138538801,0.0002215348039281903,0.0012949880001981206,0.0009449750172980259,7.354475198158079e-05,0.00046018001954189125,0.02661329418951432,0.008827223252197836,6.447368421052632,1187880.9909987987,头部爆款,1
存钱罐“只进不出”，男孩只好抱着它求助消防员！消防员出手破拆，终于解除“封印”,人民日报,日常,2842679,105877,4086,546,2449,773,725,32,2026-08-06 13:55:04,BV1n1uH6sE47,2026-08-10,82.08222222222223,3.4200925925925927,0.03724549975568821,0.0002719265875605371,0.000861511271585712,0.0014373765029396565,0.00019207233739722282,0.0002550411073497922,0.038378937614834456,0.007300924657857703,17.0625,831170.1870752904,腰部普通,0
“惟有东方仙境。”,CHUNG_G,日常,1493211,285063,3905,671,90586,10422,6035,27,2026-08-02 11:16:24,BV1eY396zEz9,2026-08-10,180.72666666666666,7.530277777777777,0.190906040740391,0.006979589622632032,0.0606652375317353,0.0026151695909017547,0.0004493671691408649,0.004041625731393621,0.25855086789475834,0.03656033929341935,24.85185185185185,198294.27865284594,尾部低播放,0
疙疙瘩瘩却特别甜的水果，是苦瓜变老了？！【主播说三农】,央视农业,三农,1581438,106175,3837,3895,4777,2672,2584,143,2026-08-07 10:00:00,BV1mxub6nEgE,2026-08-10,62.0,2.5833333333333335,0.06713826277097174,0.0016896014892774803,0.003020668530792861,0.0024262727972895553,0.0024629482787184827,0.0016339559312473838,0.07184853279104207,0.02516599952907935,27.237762237762237,612169.5483870967,腰部普通,0
离谱！狗子被催五万网贷,新华社,日常,1866764,172041,2715,1266,13816,2635,4431,119,2026-08-06 09:24:42,BV123un6ZEck,2026-08-10,86.58833333333334,3.6078472222222224,0.09216001594202589,0.0014115335414653378,0.007401042659918447,0.0014543884497451205,0.0006781789235275589,0.002373626232346456,0.10097259214340966,0.015316116507111677,10.638655462184873,517417.6967643832,腰部普通,0
开局这弯曲的刺就把我笑抽了！,颜小白靓仔,单机游戏,1541295,30098,297,827,3471,691,191,658,2026-08-05 23:05:04,BV1L4Mk6PE4n,2026-08-10,96.91555555555556,4.0381481481481485,0.019527734794442336,0.00044832429872282724,0.0022520023746265315,0.00019269510379259,0.0005365617873281883,0.00012392176708547035,0.022228061467791695,0.022958336102066584,1.256838905775076,381683.6191873796,腰部普通,0
人体摄入大量糖分的下场会怎么样？答案在后面,风油精o,搞笑,597075,26994,783,752,4287,2186,474,257,2026-08-07 09:56:04,BV1Ruub6wEtv,2026-08-10,62.065555555555555,2.5860648148148146,0.045210400703429215,0.003661181593602144,0.007180002512247205,0.0013113930410752418,0.0012594732655026588,0.0007938701168194951,0.05605158480927857,0.08098095873156998,2.9260700389105057,230881.68424067742,尾部低播放,0
你V哥上尊老下爱幼，就逮着中间使劲揍！,花无缺缺_,单机游戏,1577924,161681,751,217,27990,1163,966,100,2026-08-06 11:00:23,BV1rzuJ6SE85,2026-08-10,84.99361111111111,3.541400462962963,0.10246437724503842,0.000737044369690809,0.017738496911131333,0.0004759418070832309,0.00013752246622777777,0.0006121967851430107,0.12093991852586056,0.007193176687427713,2.17,445564.97253061505,腰部普通,0
老一辈的编剧下手没轻重！童年家庭惊悚神剧《复婚》，祁同伟再也不敢进步了~,虫哥说电影,影视杂谈,255917,9713,987,4185,3204,1707,901,1882,2026-08-08 09:15:00,BV1xHus6qE2M,2026-08-10,38.75,1.6145833333333333,0.037953711554918196,0.006670131331642681,0.012519684116334593,0.0038567191706686153,0.016352958185661758,0.003520672718107824,0.05714352700289547,0.1757438484505302,2.2236981934112645,158503.4322580645,尾部低播放,0
男子被撞后卷入车底，众人瞬间从四面八方跑来抬车，不到两分钟便将男子救出。为每一位热心人点赞！,人民日报,日常,1538350,49610,1638,619,835,563,324,31,2026-08-07 13:16:21,BV1eVuh6TEUG,2026-08-10,58.7275,2.4469791666666665,0.032248838040757954,0.00036597653329866413,0.0005427893522280366,0.0010647771963467351,0.00040237917249000553,0.0002106152696070465,0.033157603926284654,0.011348518443862124,19.967741935483872,628673.108850198,腰部普通,0
医生：我信你个der…【青禾动画】,比比老师,搞笑,324392,25422,321,782,2180,1093,353,627,2026-08-08 10:00:00,BV1a9u46WE1Y,2026-08-10,38.0,1.5833333333333333,0.07836814717995512,0.0033693802559865843,0.006720264371501147,0.0009895435152531505,0.002410663641520136,0.0010881895977705985,0.08845779180744284,0.042994256942805446,1.2472089314194577,204879.15789473685,尾部低播放,0
我chovy！买包薯片，非要给我做成沙拉,印度老吃家,美食侦探,1114207,59273,641,423,3497,807,618,169,2026-08-06 14:36:37,BV1Vcup65EAR,2026-08-10,81.38972222222222,3.3912384259259256,0.05319747587297513,0.0007242819332493872,0.003138555044080678,0.0005752970498300585,0.00037964220292997623,0.0005546545659828021,0.057060312850305196,0.013614968029288209,2.502958579881657,328554.6045603629,腰部普通,0
30岁无儿无女，一个人在家看我的前半生笑住院了   我的前半生详解P1,让让悠哉大王,影视杂谈,182371,7159,523,1236,2006,3105,344,1931,2026-08-08 14:02:48,BV1aku361Esu,2026-08-10,33.95333333333333,1.4147222222222222,0.039255144732441016,0.017025733258028964,0.010999555850436746,0.0028677805133491617,0.00677739333556322,0.0018862648118396017,0.06728043384090672,0.4337197932672161,0.6400828586224754,128909.40506577656,尾部低播放,0
【官方投稿】等离子·雷霆·超新星（プラズマ・サンダー・スーパーノヴァ）feat. 重音テト,Chenomio,VOCALOID·UTAU,328101,77957,3830,5721,46468,19514,5074,143,2026-08-07 11:00:00,BV1Qkun6vEgb,2026-08-10,61.0,2.5416666666666665,0.23760061688321585,0.05947558830969732,0.1416271209170347,0.011673234766123846,0.017436703941774028,0.015464750183632478,0.43870332610994783,0.25031748271482995,40.00699300699301,129088.9180327869,尾部低播放,0
解答一下粉丝们的疑惑,DD小水本人,美食记录,433036,43372,732,225,1160,3739,168,100,2026-08-08 10:16:25,BV1GpuG6EErc,2026-08-10,37.72638888888889,1.5719328703703705,0.10015795453495784,0.008634386055662809,0.002678761119167921,0.0016903906372680332,0.000519587286045502,0.0003879585069139748,0.11147110170978856,0.08620769159826616,2.25,275479.95729484956,腰部普通,0
近期热点事件：7月神人合集（二）,我是M菌,搞笑,3203754,147611,3510,8211,10909,3175,3300,582,2026-08-04 10:00:00,BV1Vcuw6XEfx,2026-08-10,134.0,5.583333333333333,0.04607438648535437,0.000991024903909601,0.003405067929684988,0.001095589736290614,0.0025629308617328298,0.001030041632409979,0.050470479318948956,0.02150923711647506,14.108247422680412,573806.6865671643,腰部普通,0
如果出了非洲之心，我们明天就结婚！,开心的本哲,电子竞技,1398587,237999,7581,13893,19659,46147,4763,52,2026-08-07 10:38:38,BV1oput6YEGo,2026-08-10,61.35611111111111,2.5565046296296297,0.170171036910825,0.032995444688103066,0.014056329709914363,0.005420470803746924,0.009933597266383858,0.0034055800604467223,0.2172228113088424,0.19389577267131375,267.1730769230769,547070.0047989424,腰部普通,0
中国人能飞！(物理),炎辰大鸽子,搞笑,1423694,71448,1148,2346,10750,5277,929,453,2026-08-07 04:05:00,BV1XsuW61EbR,2026-08-10,67.91666666666667,2.829861111111111,0.05018494142702013,0.0037065549198072056,0.007550779872641172,0.0008063530505853084,0.0016478260075549942,0.0006525278606217348,0.06144227621946851,0.07385791064830366,5.178807947019868,503096.7754601227,腰部普通,0
三峡大坝蓄水超过20年，里面的鱼能有多大？,行者道荣,科学科普,1657290,38364,1569,1322,4370,526,336,215,2026-08-06 10:00:00,BV15Du76vEfc,2026-08-10,86.0,3.5833333333333335,0.023148634216099778,0.0003173856114500178,0.0026368348327691594,0.0009467262820628858,0.0007976877915150637,0.00020274061872092391,0.026102854660318954,0.013710770514023564,6.148837209302326,462499.5348837209,腰部普通,0
八尺大人 这得挨不少电,拧不动啊真拧不动,单机游戏,410420,21237,777,2666,6834,1565,471,2727,2026-08-08 03:01:28,BV1XouM6BEo4,2026-08-10,44.97555555555556,1.8739814814814817,0.05174455435894937,0.003813166999658886,0.016651235319916184,0.0018931825934408654,0.006495784805808684,0.001147604892549096,0.07220895667852444,0.07369214107453972,0.9776310964429776,219009.63486338255,尾部低播放,0
《终于找到这个活命的角度》,龙配-,搞笑,1054991,42500,1405,283,4976,1484,3144,98,2026-08-05 10:55:59,BV1MyMy68Esm,2026-08-10,109.06694444444445,4.5444560185185185,0.040284703850554174,0.00140664707092288,0.004716627914361355,0.0013317649155300852,0.0002682487338754549,0.00298012020955629,0.04640797883583841,0.03491764705882353,2.8877551020408165,232149.01755038317,尾部低播放,0
"用时432,000秒只为树立正确恋爱观",破橘呀,网络游戏,529833,99349,6203,899,62760,18532,5950,305,2026-08-06 01:49:03,BV1g8MS6LET9,2026-08-10,94.1825,3.9242708333333334,0.18751002674427603,0.03497705880909645,0.11845241802605727,0.011707462540083384,0.0016967610548984302,0.011229953589149789,0.34093950357942976,0.18653433854392093,2.9475409836065576,135014.38165264248,尾部低播放,0
给诡异的厨师招聘网站投简历后，他们都开始变得瘆人.....| 网页解密游戏 《厨得快》全流程实况,Airly_,单机游戏,231894,11238,614,2368,9276,2589,677,4493,2026-08-08 11:31:13,BV1CcuG6YEDf,2026-08-10,36.47972222222222,1.519988425925926,0.04846179720044503,0.011164583818468783,0.04000103495562628,0.0026477614772266638,0.010211562179271563,0.0029194373291245137,0.0996274159745401,0.23037907100907634,0.5270420654351213,152563.00379967561,尾部低播放,0
大学的禁区 做一个大学白费 做两个人生白费,子阳老学长,日常,855426,91421,2127,650,22550,2582,1432,168,2026-08-05 06:35:03,BV1mJMC6oEeS,2026-08-10,113.41583333333334,4.725659722222223,0.1068718977445156,0.0030183791467643024,0.02636113468610961,0.0024864804202818246,0.0007598553235463967,0.0016740197281822156,0.13625141157738951,0.02824296387044552,3.869047619047619,181017.26537300053,尾部低播放,0
永远有某个二十岁出头的人住进那个出租屋,七颗猩猩QKXX,日常,1273067,44214,943,325,4388,841,481,152,2026-08-07 09:30:35,BV1yUut61E43,2026-08-10,62.49027777777778,2.603761574074074,0.03473030091896184,0.0006606093787679674,0.0034467942378523676,0.000740730849201181,0.0002552889989293572,0.00037782771841544867,0.03883770453558218,0.019021124530691637,2.138157894736842,488933.784366457,腰部普通,0
看完超级英雄电影，我的后遗症犯了...,大疆OSMO,极客DIY,4204458,122671,2157,1729,6310,1458,4470,60,2026-08-03 12:00:00,BV1XhM96cEBD,2026-08-10,156.0,6.5,0.02917641227478072,0.00034677478048300163,0.0015007879731465982,0.0005130268871754695,0.000411230175209266,0.0010631572488059102,0.03102397502841032,0.011885449698787815,28.816666666666666,646839.6923076923,腰部普通,0
不是？吃豆子被看到要被枪毙啊！？,萝卜吃米洛,单机游戏,222146,20873,255,1031,3446,3860,234,1651,2026-08-09 00:00:00,BV1RSuL64ENc,2026-08-10,24.0,1.0,0.09396072852988575,0.017375959954264313,0.015512320726009022,0.001147893727548549,0.00464109189451982,0.0010533613029269039,0.1268490092101591,0.1849278972835721,0.6244700181708056,222146.0,尾部低播放,0
【硬核拆解】为什么你的直觉总在骗你？,GenJi是真想教会你,计算机技术,327442,17140,414,978,3970,2059,244,736,2026-08-08 10:06:10,BV1qDuJ6GEtd,2026-08-10,37.897222222222226,1.579050925925926,0.05234514814837437,0.0062881365249418215,0.01212428460612872,0.001264346052125262,0.0029867884999480823,0.000745170137001362,0.0707575692794449,0.12012835472578763,1.328804347826087,207366.33291797992,尾部低播放,0
花钱体验被打，我们真疯了！！,力元君,搞笑,401947,45894,1584,5317,9934,29092,1150,893,2026-08-08 03:50:00,BV1ZzuP6eEyx,2026-08-10,44.166666666666664,1.8402777777777777,0.11417923258539062,0.07237770153776493,0.024714701191948192,0.003940818068053748,0.013228112164041527,0.002861073723650133,0.21127163531510373,0.6338954983222208,5.954087346024636,218416.48301886793,尾部低播放,0
杨梅,不吃吐司面包片,手工,4551445,159201,3266,9669,13091,1647,1411,69,2026-08-06 05:29:24,BV18yuE6tETS,2026-08-10,90.51,3.77125,0.034978122332577896,0.0003618631006196933,0.0028762294172510047,0.0007175743088184082,0.0021243802792300028,0.00031001143592858973,0.03821621485044859,0.010345412403188422,140.1304347826087,1206879.6818031156,头部爆款,1
哥哥升入高三后离奇去世，这所无人毕业的高中到底藏了什么？,楼上的老张,单机游戏,5527138,198372,2126,7173,185880,26076,5618,3272,2026-08-05 02:05:00,BV1pAMB6PEv3,2026-08-10,117.91666666666667,4.913194444444445,0.03589054588468752,0.0047178123650974515,0.033630425004767386,0.0003846475336783703,0.0012977783438734478,0.0010164392493909144,0.07423878325455235,0.1314500030246204,2.192237163814181,1124958.1229681978,腰部普通,0
灵魂净化！翻唱火爆全网的彝族歌曲《大山》，“副歌一起，原来是它！”,咻咻满,翻唱,1123368,28466,1279,893,10889,10690,1604,219,2026-08-06 09:00:00,BV1zSMS6hEQH,2026-08-10,87.0,3.625,0.025339870817043034,0.009516026805107498,0.009693172673602951,0.001138540531686856,0.0007949309576202989,0.0014278491108879725,0.04454907029575349,0.37553572683201014,4.077625570776256,309894.6206896552,腰部普通,0
【明日方舟】夏活“直到大地变成一颗酸橙”TO-EX1~8摆完挂机全关卡攻略！操作轻松+语音详解的愉悦攻略！《明日方舟》|魔法Zc目录,魔法Zc目录,手机游戏,395394,11020,823,343,1685,2990,242,1327,2026-08-08 10:17:00,BV1VnuG6SEzq,2026-08-10,37.71666666666667,1.5715277777777779,0.027870933802738536,0.007562077320343758,0.004261572001598405,0.0020814681052317434,0.000867489137417361,0.0006120477296064179,0.039694583124680695,0.2713248638838475,0.2584777694046722,251598.4798939461,腰部普通,0
三角洲全自动武器巅峰！红弹SVCH泼水天才少年,战术级子轩,网络游戏,458884,18307,473,394,2247,548,205,444,2026-08-08 02:05:00,BV1nZuN63E2U,2026-08-10,45.916666666666664,1.9131944444444444,0.039894613889348944,0.0011942015847142197,0.004896662337322722,0.0010307615868062516,0.0008586047890098586,0.0004467359942817793,0.045985477811385886,0.02993390506363686,0.8873873873873874,239852.2540834846,尾部低播放,0
耗时2个月，纯手K9200帧做出一集海绵宝宝3DQ版（下）,奇妙幻想派,综合,870307,45903,380,235,14600,7578,584,343,2026-08-07 09:35:00,BV1Wfun6dE8c,2026-08-10,62.416666666666664,2.600694444444444,0.05274345719384079,0.008707272261397414,0.01677568949807367,0.0004366275348813694,0.00027001965972926794,0.0006710275799229467,0.07822641895331188,0.16508724919939874,0.685131195335277,334644.0801068091,腰部普通,0
细线条，光污染，新动画画风真的在集体“审美降级”吗？,42手册,影视杂谈,297261,18286,1476,1151,8472,5343,865,1709,2026-08-08 04:00:00,BV17uuM6rEwJ,2026-08-10,44.0,1.8333333333333333,0.06151496496344963,0.017974103565553505,0.028500206888895617,0.004965333494807593,0.003872018192766626,0.002909900726970575,0.10798927541789875,0.2921907470195778,0.6734932709186658,162142.36363636365,尾部低播放,0
循环歌单丨奶奶用温柔感化代码，Verity的温柔结局被破解【【Towards The Light】,若勿忘我_毅心,音乐综合,3123149,80215,70,149,96868,6891,42,2419,2026-08-08 00:00:00,BV15vu86PEBC,2026-08-10,48.0,2.0,0.025684013154671774,0.0022064269107877977,0.031016131474995268,2.2413275831540538e-05,4.770825855570772e-05,1.3447965498924324e-05,0.058906571540454845,0.08590662594277879,0.06159570070276974,1561574.5,头部爆款,1
孩子，今天带你看看富人的天宫生活！！！,机智的呆狗,搞笑,3547571,87824,2367,1416,27338,9054,653,234,2026-08-06 08:58:08,BV18mun6PE5C,2026-08-10,87.03111111111112,3.6262962962962964,0.024756093676490197,0.002552168793802858,0.007706117791581902,0.0006672170902287791,0.000399146345485404,0.00018406960706353727,0.03501438026187496,0.1030925487338313,6.051282051282051,978290.4402001838,腰部普通,0
“热度散去，我又回到理塘。”理塘新曲《格聂山的葬礼》,夜吟月寒丶,翻唱,1730985,91546,4354,1289,21157,28992,15699,238,2026-08-05 04:30:00,BV1kRMd6HExX,2026-08-10,115.5,4.8125,0.052886651241922954,0.016748845310617943,0.012222520703530072,0.0025153308665297504,0.0007446627209363454,0.009069402681132419,0.08185801725607096,0.31669324711074215,5.415966386554622,359685.1948051948,腰部普通,0
我们从网上买来了一些泡面尝了尝…,摸鱼事务所,日常,2171851,78885,4653,14485,19665,30858,5316,2825,2026-08-05 09:43:12,BV1oKM165EkC,2026-08-10,110.28,4.595,0.036321552445356516,0.014208157005245756,0.00905448854456406,0.002142412163633693,0.00666942621754439,0.0024476817240225044,0.05958419799516634,0.3911770298535843,5.127433628318584,472655.2774755169,腰部普通,0
爷们！,小A大帅比,同人·手书,553948,57946,1568,265,15728,984,7825,45,2026-08-08 03:00:00,BV1nnuT6LEJL,2026-08-10,45.0,1.875,0.10460548643554991,0.0017763400174745645,0.028392556702073118,0.002830590596951338,0.00047838425267353617,0.014125874630831774,0.1347743831550976,0.016981327442791565,5.888888888888889,295438.93333333335,腰部普通,0
把“纸片人”做成战术射击？这款二游的特色玩法为何使口碑两极分化？,拜托小宿,电子竞技,183534,7476,592,294,2682,2280,134,395,2026-08-08 11:48:13,BV1xRu36qECd,2026-08-10,36.19638888888889,1.5081828703703704,0.04073359704468927,0.012422766353918075,0.014613096211056262,0.00322556038663136,0.0016018830298473307,0.0007301099523793957,0.0677694596096636,0.30497592295345105,0.7443037974683544,121692.13933249941,尾部低播放,0
神秘二游车队,慕头MT,单机游戏,265432,15289,1473,494,3163,761,3950,256,2026-08-08 00:00:00,BV1giut6REq8,2026-08-10,48.0,2.0,0.05760044003737304,0.0028670243226137015,0.011916423038669037,0.005549443925374484,0.0018611169715784081,0.014881400886102656,0.07238388739865578,0.049774347570148474,1.9296875,132716.0,尾部低播放,0
【世界周侃】警惕！日本政府设下的“二次元陷阱”,央视新闻,日常,771751,50627,4795,1829,6713,3714,6888,208,2026-08-07 13:30:01,BV16Puh65EVH,2026-08-10,58.499722222222225,2.437488425925926,0.06560017414943421,0.0048124330256779715,0.008698401427403399,0.006213143876716713,0.002369935380712173,0.008925158503195979,0.07911100860251558,0.07336006478756395,8.79326923076923,316617.2982777696,腰部普通,0
【直到大地变成一颗酸橙】TO-EX-1至TO-EX-8挂机流，突袭刻章都不愁！| 明日方舟攻略简单好抄(含EX8突袭豪华版等),自在道爷,手机游戏,230146,5770,214,236,1230,3539,75,1600,2026-08-08 10:40:15,BV1j7uG6QEmW,2026-08-10,37.329166666666666,1.5553819444444443,0.025071041860384276,0.015377195345563251,0.005344433533496128,0.0009298445334700582,0.0010254360275651108,0.0003258800935058615,0.04579267073944366,0.6133448873483536,0.1475,147967.51423149905,尾部低播放,0
这分明是老叟戏顽童,GTI火箭兵鲁鲁鸟,网络游戏,744147,32679,707,499,4741,1008,1731,208,2026-08-07 06:40:40,BV1qfux6cEBJ,2026-08-10,65.32222222222222,2.7217592592592594,0.043914710399961296,0.001354571072650968,0.00637105303118873,0.0009500810995676929,0.0006705664337825725,0.002326153300355978,0.051640334503801,0.030845497108234646,2.3990384615384617,273406.6201734989,腰部普通,0
大理百元豪车租赁乱象调查：186元租的保时捷是重大事故车，游客拒买高价保险遭敲诈【探照灯计划】,晨视频晨世,日常,238382,7577,680,331,1076,836,1428,578,2026-08-08 11:30:00,BV1xyux6rENC,2026-08-10,36.5,1.5208333333333333,0.03178511800387613,0.0035069761978672887,0.004513763623092347,0.0028525643714710004,0.0013885276572895605,0.005990385180089101,0.03980585782483577,0.11033390523954072,0.5726643598615917,156744.32876712328,尾部低播放,0
当和你一起玩的那个兄弟延迟过高：,MC_东方,单机游戏,7056345,545017,4591,5718,97146,11413,18547,47,2026-08-04 09:24:17,BV1JQuc6fEsA,2026-08-10,134.59527777777777,5.608136574074074,0.07723786181089502,0.0016174095796053056,0.013767184002482872,0.000650620115654776,0.0008103345287113938,0.0026284145687321125,0.0926224553929832,0.02094063120966869,121.65957446808511,1258233.4447097576,头部爆款,1
桑多涅：哥伦比娅你好烦啊！,椿酱丶,综合,260268,26035,465,367,7655,3055,1338,220,2026-08-08 04:00:00,BV1e1uP6hE9s,2026-08-10,44.0,1.8333333333333333,0.10003150598613737,0.011737900932884565,0.02941199071726067,0.001786619945594541,0.0014100849893187023,0.005140854811194615,0.1411813976362826,0.11734203956212791,1.6681818181818182,141964.36363636365,尾部低播放,0
澳洲打工度假351天的记录,韩国旅行者Kkangbo,出行,911977,32007,1743,4559,16489,17952,1752,17222,2026-08-06 11:00:00,BV1Jxun6EEFW,2026-08-10,85.0,3.5416666666666665,0.03509627984039071,0.019684706960811513,0.018080499837166947,0.001911232410466492,0.004999029580789866,0.001921101080400054,0.07286148663836917,0.5608773080888556,0.2647195447683196,257499.38823529411,腰部普通,0
犯罪高手,莫梓艺大笑,原创音乐,3469144,555059,6604,2511,62879,124784,10047,55,2026-08-05 12:27:51,BV1LbMy66EWf,2026-08-10,107.53583333333333,4.480659722222222,0.1599988354475917,0.035969680128585035,0.01812522051549316,0.0019036396298337574,0.0007238096775458153,0.002896103476823101,0.21409373609166987,0.22481213708812936,45.654545454545456,774248.484613656,腰部普通,0
【原画】VS【动漫】？！【B萌应援】,神户春实锤了,同人·手书,472980,21845,481,1156,1587,1356,186,40,2026-08-04 08:20:53,BV1Hyuc6eEhs,2026-08-10,135.65194444444444,5.652164351851852,0.04618588523827646,0.0028669288342001776,0.0033553215780794112,0.0010169563195061102,0.0024440779736986766,0.00039325130026639606,0.05240813565055605,0.062073701075761045,28.9,83681.21847784465,尾部低播放,0
【第五手书】: 免费饮料你免费了！,礻困,同人·手书,143528,33877,576,263,8291,8835,2197,147,2026-08-08 10:37:11,BV15JuG6nEnu,2026-08-10,37.38027777777778,1.5575115740740741,0.23603060030098658,0.061555933337049215,0.0577657321219553,0.004013154227746503,0.0018323950727384204,0.015307117774928934,0.35535226575999107,0.2607964105440269,1.7891156462585034,92152.12418907772,尾部低播放,0
穿越重生短剧之战锤40K（第六集）,gamebear一坨矿,亲子,193536,19168,556,396,4908,972,316,112,2026-08-08 09:15:36,BV1qauu6yEJx,2026-08-10,38.74,1.6141666666666667,0.09904100529100529,0.005022321428571429,0.025359623015873016,0.002872850529100529,0.0020461309523809525,0.001632771164021164,0.12942294973544974,0.050709515859766276,3.5357142857142856,119898.39958699018,尾部低播放,0
🐧小时候的快乐瞬间🐧【B萌应援】,康纳RK咕嘎,综合,183441,20278,513,116,3034,1937,559,88,2026-08-03 16:53:32,BV1WeMo6REcj,2026-08-10,151.10777777777778,6.296157407407407,0.1105423542174323,0.010559253383921805,0.016539377783592546,0.0027965394868104732,0.0006323559073489568,0.003047301312138508,0.13764098538494665,0.09552224085215505,1.3181818181818181,29135.389751244515,尾部低播放,0
《凡应》EP02测试全新PV——与巨兽彼此依存，和鸣共生！,凡应游戏,MAD·AMV,3790022,10384,1941,594,2728,1573,3358,171,2026-08-06 03:00:00,BV1HEGN6UEF7,2026-08-10,93.0,3.875,0.002739825784652437,0.00041503716864968064,0.0007197847400358099,0.000512134230355391,0.00015672732242715215,0.0008860106880646076,0.003874647693337928,0.15148305084745764,3.473684210526316,978070.1935483871,腰部普通,0
人口不到千万，游戏席卷全球！瑞典的游戏产业是如何壮大的？,多熙君Vic,单机游戏,427407,25139,1204,877,9722,1635,951,734,2026-08-07 04:24:16,BV1i1u46fEyP,2026-08-10,67.59555555555555,2.8164814814814814,0.05881747374282593,0.0038253935943959737,0.02274646882245728,0.00281698708724939,0.0020519083683701953,0.0022250454484835295,0.08538933615967918,0.06503838657066709,1.1948228882833787,151752.10730488528,尾部低播放,0
畸变虫灾（5）：击败外星生物，制作更强的步枪,方块南瓜君,单机游戏,2014451,45067,186,736,23378,1210,212,410,2026-08-06 11:00:00,BV1u2MU6yE9c,2026-08-10,85.0,3.5416666666666665,0.022371852182058536,0.0006006599316637635,0.011605147010277242,9.233284899955372e-05,0.0003653600906649008,0.00010523959133282468,0.03457765912399954,0.026848913839394677,1.7951219512195122,568786.1647058824,腰部普通,0
我的同桌苗疆美少女又要对我下蛊？,红色社畜,同人·手书,471227,47286,685,546,17586,744,424,83,2026-08-08 06:49:32,BV1VEug6VEMM,2026-08-10,41.17444444444445,1.7156018518518519,0.10034654211240018,0.0015788568991165616,0.03731959331702131,0.0014536518493210278,0.0011586772404807025,0.0008997786629373954,0.13924499232853804,0.01573404390305799,6.578313253012048,274671.5384407804,腰部普通,0
肇州实现村牛奶河，气味刺鼻，鱼虾绝迹不能灌溉,渔猎齐哥,科学科普,1189646,152184,6101,2568,9257,35304,2811,431,2026-08-05 23:19:13,BV18uMD6mETn,2026-08-10,96.67972222222222,4.028321759259259,0.1279237689194937,0.02967605489364063,0.007781306371811446,0.005128416352427529,0.0021586253389663814,0.002362887783424649,0.16538113018494577,0.23198233717079325,5.958236658932715,295320.5009668235,腰部普通,0
第三集 |🐧赛伊德：“雷斯也变成女孩了？！”🐧,徐Toso,单机游戏,2654728,176998,3374,14923,87031,11086,6432,256,2026-08-06 12:12:55,BV1T8uJ6oEqK,2026-08-10,83.78472222222223,3.491030092592593,0.06667274387432535,0.004175945708938919,0.03278339626507876,0.0012709399983727146,0.005621291522144641,0.0024228470864058388,0.10363208584834303,0.06263347608447553,58.29296875,760442.5999171155,腰部普通,0
【warma】有谁能懂我的艺术吗？！,warma养鸽场,单机游戏,1621289,81418,1131,1451,18647,11701,4333,462,2026-08-07 04:00:00,BV1vPMX6fEFD,2026-08-10,68.0,2.8333333333333335,0.050218067229223166,0.0072170970135490954,0.011501342450358942,0.0006975930879688939,0.0008949669059618612,0.002672564854261023,0.0689365066931312,0.1437151489842541,3.1406926406926408,572219.6470588235,腰部普通,0
电影BUG楞被粉丝脑洞圆回来了！主创看后表示：对，我就是这么想的!,电影冷知识,影视杂谈,1392444,74188,712,738,6676,768,223,340,2026-08-07 08:00:00,BV1dmub6KEis,2026-08-10,64.0,2.6666666666666665,0.0532789828531704,0.000551548213069969,0.004794447747988429,0.0005113311558669505,0.0005300033609969234,0.00016015006707630611,0.0586249788142288,0.010352078503261983,2.1705882352941175,522166.5,腰部普通,0
做个超下饭麻辣拌！黏黏糊糊太过瘾了！配上自制炸鸡，好酥脆啊,了in林,美食记录,323507,14166,279,860,4780,2877,1273,748,2026-08-07 11:20:34,BV1Xvut6sEjU,2026-08-10,60.657222222222224,2.5273842592592595,0.04378885155498954,0.008893161508097198,0.014775568998506988,0.0008624233787831485,0.0026583659704426795,0.003934999860899455,0.06745758206159372,0.20309191020753917,1.1497326203208555,128000.71806050392,尾部低播放,0
罚款几十万，狂赚几个亿，擦边经济有多疯狂？【科技狐】,科技狐,数码,390599,18122,2441,1955,4717,2834,1469,540,2026-08-07 11:00:36,BV111ut6mE1E,2026-08-10,60.99,2.5412500000000002,0.0463954080783617,0.007255522927606062,0.012076323800112136,0.006249375958463795,0.005005133141661909,0.003760890324860023,0.0657272548060799,0.1563845050215208,3.6203703703703702,153703.4923757993,尾部低播放,0
今天是一期超长下饭电子榨菜～,捷豹真的神,综艺,1237161,112429,3094,3265,15998,29910,4537,646,2026-08-06 07:47:58,BV1Qou768EKN,2026-08-10,88.20055555555555,3.675023148148148,0.09087661185569218,0.024176319816095075,0.012931219138010331,0.0025008871117017106,0.0026391067936994456,0.003667267235226458,0.12798415080979758,0.26603456403596937,5.054179566563468,336640.3285441639,腰部普通,0
"当""爱心""被放在秤上称斤卖两",护资备考小团子,社科·法律·心理,632398,76097,1259,307,5111,4952,692,147,2026-08-06 09:53:25,BV1CJun6pEFv,2026-08-10,86.10972222222222,3.5879050925925924,0.12033086758655151,0.007830511797950026,0.008081935742997289,0.0019908348856258243,0.00048545378068874347,0.0010942476098912393,0.13624331512749882,0.06507483869272113,2.0884353741496597,176258.28545621704,尾部低播放,0
今天真要给一个泡面“道歉”吗……,海潮有点潮,美食测评,982469,88814,948,692,5134,2867,434,136,2026-08-07 11:23:24,BV1Uzut6QEnq,2026-08-10,60.61,2.5254166666666666,0.09039878103024115,0.002918158231964571,0.005225610171924,0.0009649159413681246,0.0007043479234459306,0.00044174421788371947,0.09854254943412973,0.032280946697592725,5.088235294117647,389032.43689160206,腰部普通,0
白宫也有川剧大师？万税爷表演连环变脸,麻薯波比呀,社科·法律·心理,904704,60542,1242,2415,7072,5716,618,1001,2026-08-08 03:46:09,BV1LuuM6rEnb,2026-08-10,44.23083333333334,1.842951388888889,0.06691912492925862,0.00631808856819468,0.007816921335597056,0.0013728247028862478,0.0026693813667232596,0.0006830963497453311,0.08105413483305036,0.09441379538171847,2.4125874125874125,490899.54594268696,腰部普通,0
第三集｜陌生人的舌头，给了百年老店一个答案,林述巍JACKLIN,美食制作,1092401,44504,796,274,2051,8470,310,496,2026-08-07 04:30:00,BV1kvu76yECF,2026-08-10,67.5,2.8125,0.04073961851005263,0.007753563023102322,0.00187751567418924,0.0007286701495146929,0.000250823644430937,0.0002837785758160236,0.05037069720734419,0.19031997123854036,0.5524193548387096,388409.2444444444,腰部普通,0
【歌手2026】《花田错》x吴碧霞老师｜不要迷恋镜花水月的无聊,Vinida万妮达,音乐现场,789385,26715,1454,984,7480,12706,3622,258,2026-08-07 14:40:05,BV1QBu86cEph,2026-08-10,57.331944444444446,2.3888310185185184,0.03384280167472146,0.01609607479240168,0.0094757311071277,0.0018419402446208123,0.0012465400279964784,0.004588382094921996,0.05941460757425084,0.47561295152536026,3.813953488372093,330448.23760265514,腰部普通,0
【本家投稿】トリックハート(魔术之心) / MIMI feat. 重音テトSV 【Official Video】,MIMI_music,VOCALOID·UTAU,134240,39102,2748,1291,21933,17007,2558,158,2026-08-08 09:02:56,BV1ohuu6LEBP,2026-08-10,38.95111111111111,1.622962962962963,0.2912842669845054,0.1266910011918951,0.16338647199046483,0.020470798569725866,0.00961710369487485,0.019055423122765196,0.5813617401668654,0.4349393892895504,8.170886075949367,82712.91647649475,尾部低播放,0
当我让弟弟模仿我的日常第六弹,胶布布布布,亲子,2806019,213652,2155,940,20278,4230,6743,128,2026-08-04 02:15:02,BV16Kuc68Eaz,2026-08-10,141.74944444444444,5.9062268518518515,0.07614061059458258,0.0015074737555233946,0.007226608230379053,0.0007679919487359137,0.00033499416789408766,0.002403048589478546,0.08487469258048502,0.019798550914571358,7.34375,475095.02604360593,腰部普通,0
《别接我，我改！》,中国消防,日常,8994039,277175,7123,1722,62165,29985,20023,146,2026-08-05 02:11:29,BV1v1Mr6wEiP,2026-08-10,117.8086111111111,4.908692129629629,0.03081763376832144,0.003333874803077905,0.006911800137846856,0.0007919689919067506,0.00019146014376855605,0.0022262522988837383,0.0410633087092462,0.10818075223234419,11.794520547945206,1832267.8959046102,头部爆款,1
"误入美国极右翼农村国庆庆典,我会被人歧视/赶走吗？【探照灯计划】",街头小小小霸王,出行,477995,23619,3354,3251,5679,4959,901,716,2026-08-08 09:05:00,BV1JCuM6EEne,2026-08-10,38.916666666666664,1.6215277777777777,0.049412650759945186,0.010374585508216613,0.011880877415035723,0.007016809799265683,0.006801326373706838,0.0018849569556166905,0.07166811368319752,0.2099580845929125,4.540502793296089,294780.64239828696,腰部普通,0
你说监狱里碰到的无名全是好人？,爱鼠TV-呆呆兽,网络游戏,458560,20456,557,382,3074,520,99,457,2026-08-08 09:00:00,BV1WbuP6GEv6,2026-08-10,39.0,1.625,0.044609211444521985,0.0011339846475924634,0.0067035938590369855,0.001214672016748081,0.0008330425680390789,0.00021589323098394976,0.05244678995115143,0.025420414548298787,0.8358862144420132,282190.76923076925,腰部普通,0
柯洁VS党毅飞（不可能的逆转）,阿引围棋,桌游棋牌,6294664,239289,8607,2492,25800,6106,6280,471,2026-08-04 06:24:26,BV1kxuw6iEb2,2026-08-10,137.59277777777777,5.733032407407407,0.03801457869713141,0.0009700279474805963,0.004098709637241956,0.0013673485987496712,0.00039589086883747883,0.0009976704078247863,0.04308331628185397,0.025517261554020454,5.290870488322717,1097964.140559703,腰部普通,0
三角洲行动 全游戏最低后坐力！超压减速+极限稳定！黑科技邪修倍镜腾龙改法教学！【S】,Always聪聪,网络游戏,720981,32569,1896,464,23122,1855,2025,415,2026-08-08 02:00:00,BV12NuT6sEi7,2026-08-10,46.0,1.9166666666666667,0.04517317377295657,0.002572883335344482,0.032070193250584966,0.002629750298551557,0.0006435675836117734,0.002808673182788451,0.07981625035888602,0.05695600110534557,1.1180722891566266,376164.0,腰部普通,0
单向阻车器：只扎逆行车辆！,万物科普世界,科学科普,1679603,9111,428,107,623,594,122,54,2026-08-07 03:00:00,BV1KZup6NExx,2026-08-10,69.0,2.875,0.00542449614581541,0.00035365500061621707,0.0003709209854947866,0.00025482212165612943,6.370553041403236e-05,7.263621224777522e-05,0.006149072131926414,0.06519591702337833,1.9814814814814814,584209.7391304348,腰部普通,0
塑料袋6大邪修用法,万物研究所-6,三农,2398652,102854,673,315,92693,3240,3164,64,2026-08-06 02:46:48,BV1g1MU6LEm3,2026-08-10,93.22,3.8841666666666668,0.04287991755369266,0.0013507586761230892,0.0386437882610733,0.00028057425587371573,0.00013132376017863367,0.0013190742133498314,0.08287446449088905,0.03150096252941062,4.921875,617546.10598584,腰部普通,0
《三国语言版三国杀》,会飞的企鹅_-,桌游棋牌,2566098,164783,1402,650,48092,5924,4902,125,2026-08-04 12:55:28,BV1ipuA64EpU,2026-08-10,131.07555555555555,5.461481481481481,0.06421539629429586,0.0023085634297676863,0.01874129514928892,0.000546354815755283,0.0002533028746369001,0.0019102933714924373,0.08526525487335246,0.035950310408233856,5.2,469853.83154753834,腰部普通,0
【蓝牙耳机推荐2026】8月大合集！耳机推荐/耳夹式耳机/入耳式蓝牙耳机/百元蓝牙耳机，含降噪音质测试！全价位手机厂/HiFi厂对比！看完再买不踩坑,电光球球,日常,1975957,62594,604,1589,12794,4948,6099,1788,2026-08-05 11:18:41,BV1TyMy68EH9,2026-08-10,108.68861111111111,4.52869212962963,0.03167781485123411,0.002504103075117525,0.006474837256073892,0.00030567466802162193,0.0008041672971628431,0.0030866056295759474,0.04065675518242553,0.07904911013835192,0.8887024608501118,436319.5694121074,腰部普通,0
们无限流有自己的规则怪谈。,甜妹领军人物,日常,400288,45967,3256,598,6020,761,2433,180,2026-08-07 12:00:00,BV18Lu46JE2Z,2026-08-10,60.0,2.5,0.11483481893037013,0.0019011311855464065,0.01503917179630666,0.008134143416739948,0.0014939243744503958,0.006078123750899353,0.1317751219122232,0.016555354928535687,3.3222222222222224,160115.2,尾部低播放,0
“当全世界都知道你10天后成为超人（16）”,小火猫meme日记,人文历史,786193,35980,1213,696,12512,2141,216,138,2026-08-08 05:55:14,BV1PBug68Eu2,2026-08-10,42.07944444444445,1.7533101851851853,0.04576484400140932,0.002723249889022161,0.015914667263636283,0.0015428781482409535,0.0008852788055859058,0.0002747416982852811,0.06440276115406776,0.05950528071150639,5.043478260869565,448404.9694361195,腰部普通,0
周围全是核废水！请在这荒岛生存下去！,与山0v0,单机游戏,762134,73326,1203,2672,18948,24438,808,1294,2026-08-08 01:00:00,BV1UfuP6DE1U,2026-08-10,47.0,1.9583333333333333,0.096211427386785,0.03206522737471363,0.024861769715036987,0.001578462580071221,0.003505945148753369,0.0010601810180361983,0.1531384244765356,0.3332787824236969,2.064914992272025,389174.8085106383,腰部普通,0
两分钟后，她就被联合国列入黑名单了,LobotD轩轩轩儿,原创音乐,938886,63652,3076,741,41897,6266,7170,122,2026-08-06 11:27:15,BV1oQuJ6rE3h,2026-08-10,84.54583333333333,3.5227430555555554,0.0677952381865317,0.006673866688820581,0.044624160973749744,0.003276223098437936,0.0007892331976406082,0.007636709888101431,0.11909326584910201,0.09844152579651858,6.073770491803279,266521.2833275837,腰部普通,0
苗族coser的蜈蚣到底是怎么养的，我可以养吗？,林带鱼w,日常,552554,48093,1326,201,9456,5163,460,122,2026-08-07 10:38:46,BV1osut6wEcr,2026-08-10,61.35388888888889,2.556412037037037,0.08703764699920731,0.009343883131784405,0.017113259518526696,0.002399765452788325,0.0003637653514407642,0.0008324978192176693,0.11349478964951842,0.10735450065498098,1.6475409836065573,216144.3429285475,尾部低播放,0
《乱》Celestial Decay｜侯景之乱,我就叫孙皓冉,短片,351293,15892,1704,1961,8811,9724,2724,863,2026-08-07 10:38:02,BV1jsut6AEFr,2026-08-10,61.36611111111111,2.5569212962962964,0.045238590008909944,0.027680597108396696,0.025081627017902435,0.004850651735161247,0.0055822347726826324,0.007754210872405656,0.09800081413520907,0.6118801912912157,2.272305909617613,137389.0547624005,尾部低播放,0
小时候干活的那些迷惑行为,猫meme我的刀盾,日常,1573184,133321,11449,2585,27810,2502,12974,86,2026-08-07 05:22:04,BV1kau46BEnD,2026-08-10,66.63222222222223,2.776342592592593,0.08474596741385623,0.0015904051910011797,0.017677525324437574,0.007277597534681258,0.0016431644359464626,0.008246969203856638,0.10401389792929498,0.018766735923072885,30.058139534883722,566639.003485134,腰部普通,0
现在的小孩vs以前的小孩,西维西师傅,搞笑,2113665,130953,2050,355,5698,1010,1107,47,2026-08-08 06:11:31,BV1Loug67EU8,2026-08-10,41.808055555555555,1.7420023148148147,0.061955418668521264,0.00047784298836381356,0.002695791433363376,0.0009698793328176414,0.00016795471373183546,0.0005237348397215263,0.06512905309024845,0.007712690812734339,7.553191489361702,1213353.7263552346,头部爆款,1
80后老登勇闯加勒比海无人岛，谁知夜里的海底都是巨型犀牛虾！,OK哥环球探海记,出行,6846730,154735,2226,10970,94856,34070,5174,1402,2026-08-05 03:00:00,BV1xkuA6CE7h,2026-08-10,117.0,4.875,0.02259983963147371,0.0049760980789369524,0.013854204853995996,0.00032511870630213256,0.0016022247116506713,0.000755689212222477,0.041430142564406656,0.22018289333376417,7.824536376604851,1404457.435897436,头部爆款,1
果葡糖浆不好？对，但白砂糖也一样！,中国食品报融媒体,科学科普,1043082,40131,3311,1535,7517,1640,749,535,2026-08-08 11:05:00,BV1JAuM61EP5,2026-08-10,36.916666666666664,1.5381944444444444,0.03847348530604497,0.0015722637338195847,0.0072065283458059865,0.0031742470869979542,0.0014716005069591845,0.0007180643516041884,0.04725227738567054,0.04086616331514291,2.869158878504673,678121.0293453725,腰部普通,0
美人鱼逃脱模拟器！,陈三岁恐怖游戏,单机游戏,1364442,71866,870,700,10886,544,415,182,2026-08-07 03:42:22,BV1qCu46cEjc,2026-08-10,68.29388888888889,2.8455787037037035,0.05267061553367604,0.000398697782683324,0.00797835305568137,0.0006376232921589925,0.0005130302350704537,0.00030415363936319757,0.06104766637204073,0.0075696435031864856,3.8461538461538463,479495.4355766337,腰部普通,0
歌剧老师锐评《歌手2026》歌王之战（上）,铁豆钢蛋,乐评盘点,384110,20770,3451,17865,4318,15874,568,4314,2026-08-08 14:21:50,BV1kHu36FEv7,2026-08-10,33.63611111111111,1.4015046296296296,0.05407305199031527,0.04132670328812059,0.011241571424852256,0.008984405508838614,0.04651011429017729,0.0014787430683918669,0.10664132670328812,0.7642753972075108,4.141168289290682,274069.7332562557,腰部普通,0
策划你要不给比特换个眼镜吧#三角洲行动,陈皮三角洲,网络游戏,489826,20533,254,23,1172,1508,625,13,2026-08-08 13:55:41,BV1Ycu36kE6U,2026-08-10,34.07194444444445,1.419664351851852,0.041918967143434606,0.0030786442532654452,0.002392686382511341,0.0005185514856295909,4.695544948614406e-05,0.0012759633012539146,0.047390297779211395,0.07344275069400477,1.7692307692307692,345029.4426010321,腰部普通,0
人生可以重来？当我手搓了一个“人生模拟器”…我竟然能过上五种人生？,纳骨小鸟,日常,466265,36920,247,586,3252,2488,669,376,2026-08-08 03:00:00,BV1bpub6pEfp,2026-08-10,45.0,1.875,0.07918243917085778,0.00533602136124307,0.006974574544518675,0.0005297416705092598,0.0012567960280098227,0.0014348063869258898,0.09149303507661952,0.06738894907908992,1.5585106382978724,248674.66666666666,腰部普通,0
你们都喊我来玩鸣潮iwanna，键盘和我都崩溃了,老耗游戏,单机游戏,898403,79170,2184,847,5588,9344,3864,257,2026-08-07 12:35:50,BV1Wiuh6HEPy,2026-08-10,59.40277777777778,2.475115740740741,0.08812303609849922,0.010400677646891206,0.006219925801672524,0.002430980306165496,0.0009427840289936699,0.004300965157062031,0.10474363954706295,0.11802450423140079,3.2957198443579765,362974.13701192423,腰部普通,0
5个天才高中生做的高中生活游戏,拧不动啊真拧不动,单机游戏,3409446,139910,3029,4130,35433,5942,14870,1149,2026-08-05 12:19:35,BV19eMy6TEmz,2026-08-10,107.67361111111111,4.486400462962963,0.04103599235770269,0.001742805136083692,0.010392597507043666,0.000888414129450943,0.00121134049344087,0.004361412381952963,0.05317139500083005,0.042470159388178115,3.594429939077459,759951.3302805547,腰部普通,0
这首歌简直太适合法语吧??,AliceRoche法国爱黎,翻唱,965113,141826,835,181,21981,5253,2395,110,2026-08-06 09:23:25,BV1T3un6fEAr,2026-08-10,86.60972222222222,3.608738425925926,0.1469527402490693,0.005442885962576403,0.022775571357965336,0.0008651836624312386,0.00018754280586832838,0.0024815746964345106,0.17517119756961103,0.03703834275802744,1.6454545454545455,267437.78187591204,腰部普通,0
【歌手2026】《再见》Vinida万妮达｜不回头的走下去,Vinida万妮达,音乐现场,791010,31002,1671,926,9549,21441,5169,305,2026-08-07 15:04:27,BV1Ngu86nEN9,2026-08-10,56.92583333333334,2.3719097222222225,0.03919293055713581,0.027105852011984677,0.01207190806690181,0.002112489096218758,0.0011706552382397188,0.006534683505897523,0.0783706906360223,0.6916005419005226,3.036065573770492,333490.7701541479,腰部普通,0
《猫和老鼠》中的屁屁竟被打了这么多次...,大福咕咕,动漫杂谈,849893,33126,447,1343,10225,3969,410,437,2026-08-07 08:59:59,BV1UbuH6NEwV,2026-08-10,63.000277777777775,2.625011574074074,0.038976671180960425,0.0046699996352482015,0.012030926246009791,0.0005259485605835088,0.0015801989191580588,0.0004824136685441579,0.05567759706221842,0.11981525086035139,3.073226544622426,323767.33435919596,腰部普通,0
【散人】你拼我猜！抽象艺术《破烂艺术家》,逍遥散人,单机游戏,293606,32151,221,1783,2949,2152,735,2444,2026-08-08 12:43:58,BV1r4u36dEKn,2026-08-10,35.26722222222222,1.4694675925925926,0.10950389297221447,0.00732955048602549,0.01004407266881467,0.0007527094132953686,0.006072764180568517,0.0025033548360728322,0.1268775161270546,0.06693415445864825,0.7295417348608838,199804.33830594982,尾部低播放,0
生活中最阴的概念神实力排行（2）,东方日出哇,特摄,6999618,327081,4166,6316,67172,9181,9354,333,2026-08-05 04:56:00,BV1LcMr6AESQ,2026-08-10,115.06666666666666,4.794444444444444,0.04672840717879176,0.0013116430068040856,0.00959652369600741,0.000595175336711232,0.0009023349559933128,0.001336358641285853,0.05763657388160325,0.02806949960407361,18.966966966966968,1459943.4994206259,头部爆款,1
末日高架桥，我们被困了100天！P7,马里奥红叔,单机游戏,604083,87761,1532,10439,23184,48807,684,1320,2026-08-08 03:00:00,BV1nYuP6zEsn,2026-08-10,45.0,1.875,0.1452797049412084,0.08079518874062008,0.038378832047913945,0.0025360753406402765,0.01728073791184324,0.0011322947343328648,0.26445372572974246,0.5561354132245531,7.908333333333333,322177.6,腰部普通,0
《小明一家》,是许木木啊,日常,497480,52702,2039,2117,9887,6893,861,983,2026-08-08 09:30:00,BV1gHuM6YEi1,2026-08-10,38.5,1.6041666666666667,0.10593792715285037,0.013855833400337702,0.019874165795609872,0.004098657232451556,0.004255447455174077,0.001730722843129372,0.13966792634879793,0.13079200030359378,2.153611393692777,310117.4025974026,腰部普通,0
绥化明水友爱村，黑土地为什么绝收？好事为啥落地之后就绝收了？哪个环节出了问题？黑土去哪了？希望尽快查明真相，确保明年丰收，村民很着急,渔猎齐哥,科学科普,340990,56678,2491,808,2617,11192,894,717,2026-08-08 01:54:54,BV1Cjuu6REFv,2026-08-10,46.085,1.9202083333333333,0.1662160180650459,0.03282207689375055,0.007674711868383237,0.007305199565969677,0.0023695709551599755,0.0026217777647438343,0.20671280682717968,0.19746638907512615,1.1269177126917713,177579.6897038082,尾部低播放,0
终于破纪录了,街健呆木头,健身,1908492,93365,819,162,1557,1255,398,18,2026-08-06 10:45:00,BV1n6u76GEw6,2026-08-10,85.25,3.5520833333333335,0.048920823351630505,0.0006575872468944067,0.0008158273652705906,0.000429134625662565,8.488377210907879e-05,0.00020854161295934173,0.050394237963795496,0.013441867937664007,9.0,537288.0703812316,腰部普通,0
00后新老师被值周生为难,脱缰凯Kk,小剧场,1915547,141085,2004,2571,11483,3533,1066,257,2026-08-07 09:00:00,BV1AgMy69EQM,2026-08-10,63.0,2.625,0.0736525911397632,0.0018443817875520674,0.005994632342615451,0.0010461763663329588,0.0013421753681846491,0.000556499005244977,0.08149160526993073,0.025041641563596412,10.003891050583658,729732.1904761905,腰部普通,0
4.4货币战争现状.exe,阿遥那家伙,手机游戏,1462262,134809,2998,1105,25831,18082,8827,331,2026-08-06 12:00:00,BV1qUuJ6CErR,2026-08-10,84.0,3.5,0.09219209690192319,0.012365773028362906,0.01766509695252971,0.002050248177139254,0.000755678530933581,0.006036537911810606,0.1222229668828158,0.13413051057421982,3.338368580060423,417789.14285714284,腰部普通,0
最低15W！极限性价比！SCAR尾盖的正确改法,Xavier_07,网络游戏,221974,11579,701,238,11468,630,1859,245,2026-08-08 01:15:00,BV1mkuN6HEPp,2026-08-10,46.75,1.9479166666666667,0.052163766927658194,0.0028381702361537837,0.05166370836224062,0.0031580275167361945,0.0010721976447692072,0.008374854712714102,0.10666564552605261,0.05440884359616547,0.9714285714285714,113954.56684491978,尾部低播放,0
多重算计！字字杀机！《凡人修仙传》186逐帧解析,利维坦mY,动漫杂谈,511662,34577,3543,2332,2819,10497,554,876,2026-08-08 10:53:52,BV1TYuG6rED6,2026-08-10,37.102222222222224,1.545925925925926,0.0675778150419613,0.0205154965582748,0.005509496503551172,0.006924493122412843,0.0045576962916925624,0.001082746031559897,0.09360280810378727,0.3035833068224542,2.6621004566210047,330974.46094873024,腰部普通,0
当我看完痴迷..3,超级无敌蘑菇羊,日常,1553612,61539,844,533,22678,1992,765,278,2026-08-07 05:27:54,BV14pu46yEMG,2026-08-10,66.535,2.7722916666666664,0.039610275924748264,0.0012821734126667406,0.014596952134767239,0.0005432501808688399,0.0003430715004775967,0.0004924009340813536,0.055489401472182245,0.03236971676497831,1.9172661870503598,560407.1240700384,腰部普通,0
5元瓷碗vs皇家瓷器! 景德镇陶瓷差距有多大?,杰克小兔,出行,696314,29840,1621,1960,4018,2961,597,906,2026-08-08 09:04:11,BV1Mhug6NEfv,2026-08-10,38.930277777777775,1.6220949074074074,0.04285422955735487,0.004252391880674523,0.005770385199780559,0.0023279727249488017,0.002814822048673443,0.000857371817886758,0.052877006637809955,0.09922922252010724,2.163355408388521,429268.34725898865,腰部普通,0
在网上把广东人唱红温后，终于被粤语区的报复了！,吹拉弹唱慕星银,翻唱,1296383,43725,3222,3640,8588,8543,4721,282,2026-08-07 11:30:00,BV1iDub6PEhn,2026-08-10,60.5,2.5208333333333335,0.03372845833368688,0.006589873517317027,0.0066245854812968085,0.0024853766209522957,0.0028078121974755917,0.0036416707099676563,0.046942917332300715,0.19538021726700971,12.907801418439716,514267.63636363635,腰部普通,0
主播剪这个视频时都在笑,一群重型坦克,手机游戏,888517,101305,6171,25078,12141,5203,19849,61,2026-08-07 16:14:01,BV1xCuN6QEfz,2026-08-10,55.76638888888889,2.3235995370370373,0.11401582637135811,0.005855824930755405,0.013664341819008528,0.006945280731826178,0.02822455844964137,0.02233947127629522,0.13353599312112205,0.05135975519470905,411.11475409836066,382388.18085366033,腰部普通,0
【直到大地变成一颗酸橙】TO-EX-1至TO-EX-8突袭一摆到底合集版 摆完挂机 简单好抄,萧然Q,手机游戏,274853,12770,620,214,2810,9528,243,1365,2026-08-08 15:39:22,BV16Vu56AEoK,2026-08-10,32.34388888888889,1.3476620370370371,0.046461199259240395,0.03466580317478798,0.01022364682211946,0.0022557512561260018,0.0007785980142112329,0.0008841089600622878,0.09135064925614783,0.746123727486296,0.15677655677655677,203948.01697040483,尾部低播放,0
恐龙快打真人版来了！耗时 4311314 秒致敬童年街机恐龙快打真人版一剪到底,AIGC十四,影视剪辑,319769,10773,600,2877,5372,5477,1356,2493,2026-08-08 01:15:00,BV1ejuh6NE4G,2026-08-10,46.75,1.9479166666666667,0.033689944928995616,0.017127989267252296,0.01679962723090731,0.0018763544933999231,0.008997119795852632,0.004240561155083826,0.06761756142715523,0.5084006312076488,1.1540312876052947,164159.48663101604,尾部低播放,0
忍一时腐肉难寻，退一步满山尸臭，谦让的秃鹫和兀鹫,代鸿Project,动物综合,552758,31117,5042,2905,5430,1474,1612,503,2026-08-07 10:00:00,BV1MZu46DEU9,2026-08-10,62.0,2.5833333333333335,0.05629407444125639,0.0026666280723209794,0.009823467050680407,0.009121532388495508,0.005255464416616313,0.0029162852459846803,0.06878416956425777,0.04736960503904618,5.775347912524851,213970.8387096774,尾部低播放,0
叮咚！请梦想家们查收「妄想天使的绮梦度假村拍摄花絮」!,妄想天使唯一指定官号,综合,1008551,196888,5198,385,29499,17540,7253,28,2026-08-08 10:00:00,BV1sbub6EE2P,2026-08-10,38.0,1.5833333333333333,0.19521868502435671,0.017391287103973918,0.029248892718365258,0.005153928755214164,0.00038173577736772853,0.007191505437008143,0.24185886484669591,0.08908618097598635,13.75,636979.5789473684,腰部普通,0
终末之谷再开！超能力撕名牌！大型火影主播综艺《飞舞吧忍者第二季》ep04—轮回终章,鬼叔黍,综艺,548909,51280,2070,16584,20526,30815,1603,3344,2026-08-08 04:00:00,BV1rwuh61EWo,2026-08-10,44.0,1.8333333333333333,0.09342167827454095,0.05613863135783891,0.03739417644819087,0.0037711168882273746,0.030212658200175258,0.0029203383438784936,0.18695448608057072,0.6009165366614665,4.95933014354067,299404.9090909091,腰部普通,0
当我把《她说》改成英文版，撩外国女生,史大卫,搞笑,303881,8417,816,574,1622,761,193,291,2026-08-08 11:48:56,BV11ou36KEpV,2026-08-10,36.184444444444445,1.5076851851851851,0.027698342443259038,0.0025042697634929463,0.00533761571141335,0.0026852616649280475,0.001888897298613602,0.0006351170359449916,0.035540227918165336,0.0904122609005584,1.9725085910652922,201554.67665663577,尾部低播放,0
3种发圈正确戴法！轻松解锁夏日氛围感造型,chilly香菜,美妆护肤,2431944,180880,3334,728,63824,4536,8750,122,2026-08-06 10:41:07,BV1CBuJ6nE33,2026-08-10,85.31472222222222,3.5547800925925923,0.07437671262167221,0.0018651745270450307,0.02624402535584701,0.0013709197251252495,0.00029934899816772096,0.003597944689515877,0.10248591250456425,0.025077399380804954,5.967213114754099,684133.4587947242,腰部普通,0
攻守易行也！霸凌上鬼了,守拙君,单机游戏,1024182,55032,370,158,12863,567,1081,69,2026-08-08 05:17:12,BV1oKuM6CE67,2026-08-10,42.71333333333333,1.7797222222222222,0.053732637363281134,0.0005536125415209406,0.012559291219724619,0.0003612639159836826,0.00015426945601465365,0.001055476468049624,0.06684554112452669,0.010303096380287832,2.289855072463768,575472.9514593413,腰部普通,0
做什么都是一个人的话，会不会太自由了,凛糟糕,日常,2833598,179029,8871,697,33869,11592,5455,73,2026-08-06 11:00:20,BV1vRuJ6zEro,2026-08-10,84.99444444444444,3.541435185185185,0.06318080405195091,0.004090911978339906,0.01195264818792221,0.0031306487370473864,0.00024597702285221825,0.0019251142893240325,0.07922436421821302,0.06474928642845572,9.547945205479452,800127.0252957711,腰部普通,0
《异环》1.3版本前瞻特别节目回顾,异环,单机游戏,887716,34298,14360,15019,5766,8919,2857,3793,2026-08-08 12:30:00,BV1NUMy6oEgd,2026-08-10,35.5,1.4791666666666667,0.03863623050615287,0.010047132190925926,0.006495320575499371,0.01617634468681425,0.016918699223625575,0.003218371641380802,0.05517868327257817,0.26004431745291273,3.9596625362509887,600146.028169014,腰部普通,0
这次的伙伴是ICE（液氮）奥特曼！,十六van游戏,电子竞技,786065,45726,501,495,15030,3515,4098,460,2026-08-08 04:40:00,BV1JCuM6EE5q,2026-08-10,43.333333333333336,1.8055555555555556,0.058170761959888816,0.00447164038597317,0.019120556188101493,0.0006373518729367164,0.0006297189163746,0.005213309331925477,0.08176295853396348,0.07687092682500109,1.076086956521739,435359.07692307694,腰部普通,0
“盛夏，蝉鸣，小小的Miku~”,小陈的脚凑凑的,日常,1241043,162053,3562,650,44700,16946,7532,83,2026-08-06 22:54:00,BV1KAux6zEsK,2026-08-10,73.1,3.045833333333333,0.1305780702199682,0.013654643715004234,0.03601809123455029,0.0028701664648203163,0.0005237530045292549,0.006069088661714381,0.18025080516952274,0.10457072686096525,7.831325301204819,407455.97811217513,腰部普通,0
AI小镇发布啦！【B站AI创造公开赛】,是花子呀_,计算机技术,132665,12646,812,83,9748,4808,1013,172,2026-08-08 12:30:00,BV1uBut6WE2Z,2026-08-10,35.5,1.4791666666666667,0.09532280556288396,0.03624166132740361,0.07347831002902047,0.006120679908039045,0.000625636000452267,0.007635774318772849,0.20504277691930803,0.38019927249723234,0.48255813953488375,89689.01408450704,尾部低播放,0
网络热门长虫视频(121)刷新认知！云南一男子徒手抓西南眼镜蛇被咬伤后出现严重神经毒症状？,世界记忆大师龙雅,科学科普,633325,36664,1349,2327,3463,2058,398,479,2026-08-08 10:30:00,BV1C2ux6uEms,2026-08-10,37.5,1.5625,0.057891288043263725,0.0032495164410058027,0.005467966683772155,0.0021300280266845616,0.0036742588718272607,0.00062842932143844,0.06660877116804169,0.05613135500763692,4.8580375782881005,405328.0,腰部普通,0
运到你了嘛,兮酱三角洲行动,电子竞技,711596,32176,2654,10006,14126,5436,5342,83,2026-08-08 05:46:47,BV1cmug6WEwo,2026-08-10,42.22027777777778,1.7591782407407408,0.0452166678845862,0.007639166043653983,0.019851151496073614,0.0037296443487596894,0.014061349417366033,0.0075070686175863835,0.0727069854243138,0.16894579811039284,120.55421686746988,404504.77587783645,腰部普通,0
聪明猫在一起久了也会有一些共同点……,亮亮也是酿酿,喵星人,3837987,419337,10503,3818,40629,50340,11787,420,2026-08-07 05:17:02,BV1Guu46sEkA,2026-08-10,66.7161111111111,2.779837962962963,0.10925961969126002,0.013116250784590985,0.010586018139196407,0.0027365908222200855,0.0009947923221209451,0.003071141199800833,0.13296188861504743,0.12004664506113222,9.09047619047619,1380651.336925114,头部爆款,1
十岁那年我弟爬进废弃飞船，舱门再打开时，他消失了,困牛拿铁,国产原创相关,1099877,54486,429,290,6793,739,907,301,2026-08-07 02:05:17,BV1xEus6zEEv,2026-08-10,69.91194444444444,2.9129976851851853,0.0495382665516235,0.0006718933117066726,0.006176145150775951,0.0003900436139677437,0.0002636658462719013,0.0008246376640297052,0.056386305014106124,0.01356311713100613,0.9634551495016611,377575.6519113329,腰部普通,0
青春没有售价，骑着一台十年前的125直达拉萨！历时12天，4000余公里 我终于做到了！,张骑迹,运动综合,239125,14083,723,949,1407,4534,936,799,2026-08-08 01:15:16,BV1MHuK6REax,2026-08-10,46.745555555555555,1.9477314814814815,0.058893883951908,0.018960794563512805,0.005883951907997909,0.0030235232618923157,0.003968635650810246,0.003914270778881338,0.08373863042341871,0.3219484484839878,1.1877346683354193,122771.02992560196,尾部低播放,0
保安从业手册！超好玩儿的奇幻喜剧，上映20年创意依然脑洞大开,长片短解,影视杂谈,7921787,108854,417,645,56185,3302,550,1283,2026-08-05 11:00:00,BV1GYMk6FEPY,2026-08-10,109.0,4.541666666666667,0.013741091498673216,0.0004168251431148048,0.007092465374289917,5.2639638000870256e-05,8.142102280710148e-05,6.942877913783848e-05,0.02125038201607794,0.030334209124147943,0.5027279812938426,1744246.6788990824,头部爆款,1
买20卢比的成吉思鸡，差点鳞片不保,印度老吃家,美食侦探,344389,28267,575,404,1626,640,460,198,2026-08-08 14:00:00,BV15JuG6nEBz,2026-08-10,34.0,1.4166666666666667,0.0820786958933067,0.0018583636527299073,0.004721405155216921,0.001669623594249526,0.001173092055785754,0.0013356988753996208,0.08865846470125352,0.022641242438178794,2.04040404040404,243098.11764705883,尾部低播放,0
当你受伤时你的朋友：,一串大福,搞笑,450946,38471,641,1711,5891,1486,295,128,2026-08-08 10:10:28,BV19Buu66EgA,2026-08-10,37.82555555555555,1.5760648148148146,0.08531176681908699,0.0032952947803062895,0.013063648419101178,0.0014214562275749203,0.0037942458742288433,0.000654180323142904,0.10167071001849445,0.038626497881521143,13.3671875,286121.4816555533,腰部普通,0
如何高情商和女生对话,其实我是超级小孩,单机游戏,564696,80372,1214,536,15259,813,2952,51,2026-08-08 05:56:16,BV1PBug68EhR,2026-08-10,42.062222222222225,1.7525925925925927,0.14232790740504625,0.001439712694972162,0.027021618711660787,0.0021498292886792184,0.0009491832773740207,0.0052275914828509495,0.1707892388116792,0.010115463096600807,10.509803921568627,322206.0862214708,腰部普通,0
我们只有不断发声才能让更多人看到,干饭快乐小伙,搞笑,442750,30601,205,21,678,677,76,102,2026-08-08 09:53:07,BV19quu63EyC,2026-08-10,38.11472222222222,1.5881134259259257,0.06911575381140599,0.0015290796160361377,0.001531338226990401,0.00046301524562394127,4.743083003952569e-05,0.00017165443252399774,0.07217617165443252,0.022123460017646483,0.20588235294117646,278789.91057698615,腰部普通,0
高分黑色喜剧，顶级杀手有一个演员梦？！全网最详细解说，一口气看完美剧《杀手巴瑞》第1季,蔡老板家的长工,影视杂谈,354857,9528,200,793,6826,2028,138,4578,2026-08-08 10:00:00,BV1V8uN6hEQK,2026-08-10,38.0,1.5833333333333333,0.026850252355174055,0.005714978146126468,0.019235917566794512,0.000563607312241269,0.0022347029930366315,0.00038888904544647564,0.051801148068095035,0.2128463476070529,0.17321974661424203,224120.2105263158,尾部低播放,0
《最讨厌复联の一集》,伤心欲茄222,搞笑,7714559,537057,10792,1860,33884,7784,8915,114,2026-08-04 04:00:00,BV1KduF6ME4b,2026-08-10,140.0,5.833333333333333,0.06961603378754379,0.0010090012922319993,0.004392214772095203,0.001398913405160295,0.0002411025698293318,0.0011556072096927381,0.07501724985187098,0.014493806057829989,16.31578947368421,1322495.8285714285,头部爆款,1
武 松 打 虎 ！,喵与茶,动物二创,4616942,202837,5769,1426,48933,14183,41254,67,2026-08-03 01:34:13,BV14B3f6rEfQ,2026-08-10,166.4297222222222,6.934571759259259,0.04393319214319781,0.0030719467560996,0.010598573687951895,0.0012495283674778673,0.00030886244618191,0.008935351581198119,0.057603712587249306,0.06992314025547607,21.28358208955224,665786.1740107186,腰部普通,0
